6.701448455714853480e-06,3.538932278752326965e-02,-1.002421964596224457e+00,6.834238626781154125e+00,-1.442237757146358490e-03,4.098461568355560303e-02,-6.019488489447302193e-01,1.049254837433182530e+01,2.043590502580627799e-04,1.238725613802671432e-02,2.612417054349614465e-01,2.116942492601973669e+01,8.660380990477278829e-05,2.286153472959995270e-02,-2.909070138640372227e-01,1.870246471549580392e+01,2.484673314029350877e-05,4.924477543681859970e-03,3.129826231786499435e-01,2.034361174807279937e+01,-2.252223057439550757e-04,5.697891581803560257e-03,-7.829627661681392015e-01,2.912640891210511995e+01,9.372599015478044748e-05,1.015925128012895584e-02,9.565643924442609469e-01,2.079306988721717175e+01,-2.560767752584069967e-04,5.986209027469158173e-03,-7.882596499744967122e-01,1.764371092752900694e+01,7.258368714246898890e-05,3.378147957846522331e-03,1.154076190596408757e+00,5.405981825190079348e+01,-1.403266651323065162e-05,4.753680434077978134e-03,8.827921089614946260e-01,8.241099844055266033e+01
4.010979409940773621e-06,2.153848670423030853e-02,-1.253484660323508582e+00,1.641574884932582989e+01,3.323637065477669239e-04,1.996438577771186829e-02,3.959701939317173958e-01,3.406210717783061881e+01,-2.126487233908846974e-04,6.185011006891727448e-03,-1.715549930145959356e+00,4.520162670002715544e+01,-1.682090078247711062e-05,9.993936866521835327e-03,-5.230593549769858575e-01,4.467197324967460759e+01,-3.239209399907849729e-05,2.662654500454664230e-03,-3.194502832485571986e+00,8.862594678308744278e+01,9.994000720325857401e-05,3.187702968716621399e-03,6.191556254675542270e+00,9.369447768106310548e+01,-9.937772119883447886e-05,4.914761986583471298e-03,-1.246383553557222301e+00,2.836544621624310025e+01,9.720087291498202831e-06,3.484905464574694633e-03,-2.889560151759605899e-01,6.441684618275755270e+01,3.124475915683433414e-05,8.716129814274609089e-04,2.796092003931870629e+00,7.427218750515611134e+01,1.006349793897243217e-05,7.919606869108974934e-04,2.690532410348219550e+00,1.362665088452319253e+02
2.854028025467414409e-06,3.368189930915832520e-02,-9.416525593000248939e-01,1.349101101795708502e+01,8.234187407651916146e-05,4.564772173762321472e-02,1.988760486918998149e-01,1.902074456187828488e+01,1.438189938198775053e-04,1.616289466619491577e-02,9.618425022659643497e-01,2.746632323307351697e+01,7.259923731908202171e-04,2.346561849117279053e-02,6.530758110611595280e-01,2.530219334080898363e+01,5.414342012954875827e-05,5.680125672370195389e-03,8.647992089539786598e-01,2.425295333082270233e+01,2.384065737714990973e-05,5.796930287033319473e-03,9.451751878970389154e-01,2.518078594295979755e+01,-1.206591987283900380e-04,1.103318110108375549e-02,2.515878498632241334e-01,1.995004669309864198e+01,-3.451887550909304991e-06,7.006270810961723328e-03,-7.552725588397577461e-01,2.660237557443572243e+01,-7.098227069946005940e-05,5.412803031504154205e-03,3.657584821719774837e-01,5.296181215928254460e+01,1.668004915700294077e-05,4.829614423215389252e-03,1.475875987539152057e+00,5.561753773897838471e+01
2.334889131816453300e-06,2.633708715438842773e-02,-1.381069668218580349e+00,8.973309280762427065e+00,2.108288026647642255e-04,2.682853676378726959e-02,2.616751627191529206e-01,1.043660199903559871e+01,3.953770283260382712e-05,7.951661944389343262e-03,4.242534033418961931e-02,1.976675784154257798e+01,1.876331225503236055e-05,1.033856905996799469e-02,-4.698652980365758958e-01,1.659264516073844220e+01,-3.106494114035740495e-05,2.529517514631152153e-03,-8.874179222385544241e-01,4.664095914228148132e+01,-7.536542398156598210e-05,3.953114617615938187e-03,-1.989536866636059997e+00,3.703616902348660034e+01,1.130491655203513801e-04,7.241589017212390900e-03,1.368624981952550446e+00,2.740712689704636773e+01,2.435880378470756114e-05,3.604283090680837631e-03,3.000512737051695411e-01,2.912152874010170223e+01,1.257799976883688942e-05,1.841117627918720245e-03,1.715657291679829166e+00,5.719312533883124416e+01,4.664840162149630487e-06,2.484449651092290878e-03,-1.003685996012187331e+00,4.347815481069633137e+01
1.505135969637194648e-05,9.787335246801376343e-02,-1.240003983575987678e-01,5.260524525351842229e+00,-1.967937452718615532e-03,1.093961894512176514e-01,1.954842308294574560e-01,7.876878514996343839e+00,1.473372685723006725e-03,1.294783949851989746e-01,2.193252103897913585e+00,7.665303749685958223e+01,-4.358369915280491114e-04,6.890390068292617798e-02,-3.392311158874288246e-01,2.755381211006285014e+01,1.841588382376357913e-04,1.361311413347721100e-02,8.264693836246375658e-02,2.091694170953318022e+01,-1.111234887503087521e-04,1.914206705987453461e-02,5.025456805232467739e-01,1.390696932046149570e+01,1.727432128973305225e-03,7.720450311899185181e-02,-8.287254024142551856e-01,5.580453067802071132e+01,-2.451175532769411802e-04,2.859341911971569061e-02,-3.163033563897375000e-01,3.103902010601008499e+01,1.918355701491236687e-04,6.969084031879901886e-03,2.352828961694220233e-01,2.947859802667602480e+01,4.326010821387171745e-05,4.806845448911190033e-03,-3.318979338779001059e-02,1.995742421775545594e+01
2.870586104108951986e-05,1.476758271455764771e-01,5.328717338961290635e-04,1.081049330232021788e+01,1.623523305170238018e-03,3.035229146480560303e-01,3.673831013385132072e-01,9.369309551643175027e+00,8.334424637723714113e-05,1.789506971836090088e-01,-4.617457086595352922e-01,2.002990845689387100e+01,-2.947669243440032005e-03,2.266853600740432739e-01,-5.039081844085824269e-01,1.535215566681090849e+01,5.894830101169645786e-04,5.797677859663963318e-02,1.208110626297157209e-01,1.037789613719190740e+01,3.747530281543731689e-04,6.776166707277297974e-02,7.386824883902247674e-01,1.880587895163585088e+01,1.692270045168697834e-03,1.346791088581085205e-01,5.146956081489155732e-01,1.446457273084920558e+01,8.608179632574319839e-04,1.030826270580291748e-01,5.694178622738503837e-01,1.687149075161168810e+01,1.167147929663769901e-04,2.551327645778656006e-02,-3.958760536822503173e-01,1.850386864963221711e+01,3.548031963873654604e-04,2.223553322255611420e-02,7.626380186241518144e-01,2.478203293662189211e+01
2.007188641073298641e-06,1.830456778407096863e-02,-1.516422068647702570e+00,1.131501381011253393e+01,1.369049277855083346e-04,1.478816475719213486e-02,2.245371572596687459e-01,1.699788497899157136e+01,-4.782542964676395059e-05,2.843848895281553268e-03,1.619534902529384812e-01,1.710171356490440076e+01,4.113105205760803074e-06,4.979442805051803589e-03,-1.684804351852051685e-01,1.340399892676984450e+01,-1.455243364034686238e-05,1.303289667703211308e-03,-1.285807599004290813e-01,2.131246522118170006e+01,-2.316470454388763756e-05,1.115008839406073093e-03,1.425883316244274668e-01,1.439957877205531389e+01,-5.130354838911443949e-05,2.351214177906513214e-03,-1.130886381682903119e+00,2.441124162267365350e+01,5.115990643389523029e-05,1.565606798976659775e-03,3.806725256350226849e-01,2.139733168679174113e+01,2.299829066032543778e-05,1.111195539124310017e-03,4.172765991902756433e+00,7.945092456564600525e+01,-1.205493390443734825e-05,1.603691373020410538e-03,-1.416454811359630028e+00,1.199324189578157700e+02
6.201279120432445779e-06,1.339236181229352951e-02,-1.562120437724230371e+00,1.629688762174503225e+01,-1.460755174775840715e-05,1.125301327556371689e-02,5.258987246889396117e-02,1.903085808740632956e+01,-3.274577829870395362e-05,5.269866436719894409e-03,2.885269959253611849e-01,5.810625663441710742e+01,-9.577233868185430765e-05,5.005075596272945404e-03,-1.755892246347589891e+00,5.171003684583411797e+01,1.364804461445601191e-06,1.398272113874554634e-03,6.696609388005856367e-01,3.948061727439520041e+01,-4.335533958510495722e-06,1.694258884526789188e-03,-1.617036166570241518e-01,2.342477170473334525e+01,1.902284748211968690e-05,3.417932661250233650e-03,9.291680526723392619e-01,3.978331244030868419e+01,3.394249006305471994e-06,1.577954855747520924e-03,4.011500541687771926e-01,4.633367835257375589e+01,7.391441158688394353e-06,4.700406279880553484e-04,4.547196776244489591e+00,1.369223422384717423e+02,-1.068295205186586827e-06,5.994728999212384224e-04,1.252842760574829351e+00,1.428272835816531199e+02
4.504425760387675837e-06,3.050612658262252808e-02,-1.246578006211124690e+00,8.894040225602877214e+00,3.573035428416915238e-06,3.718421980738639832e-02,1.495556049408769961e-01,8.167981521997933925e+00,2.674038987606763840e-04,8.548375219106674194e-03,2.682015908016266992e-01,1.509947067103032126e+01,-2.751179563347250223e-04,1.660962216556072235e-02,-6.095924155251114529e-01,1.593944949433153369e+01,-2.556716572144068778e-05,3.619693219661712646e-03,7.760129294774487096e-01,2.422600019836415086e+01,1.224114676006138325e-04,5.593416746705770493e-03,9.515800337875105486e-01,3.221922113798762410e+01,9.543575288262218237e-05,8.170631714165210724e-03,2.834519781361223845e-01,2.596346802496888273e+01,5.263588536763563752e-05,5.572252906858921051e-03,1.399076554747230583e+00,4.335171261819375133e+01,6.904290785314515233e-05,3.219847101718187332e-03,4.440161597871539190e-01,4.896203371857841802e+01,-3.252648093621246517e-05,4.456896334886550903e-03,2.236600850983888333e-01,7.701241341134537777e+01
-6.800445362387108617e-07,5.462205410003662109e-02,-3.287623418108014950e-01,9.364232118808438088e+00,5.965260788798332214e-04,6.470876932144165039e-02,5.984683070448877373e-01,1.107402412458077201e+01,-2.041054103756323457e-04,2.266429923474788666e-02,-1.683170845328513465e+00,7.480627519408122339e+01,9.445662726648151875e-04,5.344755947589874268e-02,-1.985280227557225941e-01,1.599670793922176415e+01,-3.417905463720671833e-05,4.693161696195602417e-03,-6.230749622199340809e-01,3.503910124678874638e+01,2.566328912507742643e-04,7.686926517635583878e-03,1.008462843681138255e+00,1.397207516828214580e+01,6.367300375131890178e-05,1.516683399677276611e-02,5.906679885519036111e-01,2.836133198446312775e+01,-2.213968946307431906e-05,1.184273697435855865e-02,-3.575117004896073425e-01,2.428359964526361736e+01,-3.493069016258232296e-05,4.314133431762456894e-03,-1.693793689495087101e-02,2.014438374773306961e+01,-7.281424768734723330e-05,4.985467530786991119e-03,-1.611262813029173124e-01,2.059300108670394280e+01
4.522705239651259035e-06,4.195548966526985168e-02,-7.625093915072068684e-01,8.550426481027319170e+00,8.970849448814988136e-04,6.037993356585502625e-02,4.384641726031398568e-01,7.602340580354722377e+00,-1.355999265797436237e-04,2.442499063909053802e-02,-4.896254077124936321e-01,1.665175723631400828e+01,-3.228126442991197109e-04,3.629501909017562866e-02,-2.456519451435164869e-01,1.678366483887707261e+01,5.632423562929034233e-05,6.549070589244365692e-03,-5.164615671913619366e-02,1.596403158076699569e+01,-3.562314759619766846e-06,9.271197021007537842e-03,-4.172138856076195584e-02,2.427909822546397223e+01,1.556407660245895386e-04,1.919163018465042114e-02,-5.606169131808051986e-01,3.044776255149083966e+01,3.596401074901223183e-05,1.147062703967094421e-02,4.328609568131111529e-02,1.817184031569402336e+01,-1.238237455254420638e-04,4.387592896819114685e-03,-1.776022623076791929e+00,4.507609878416689497e+01,1.393919810652732849e-04,4.933192394673824310e-03,1.009794841800990328e+00,5.153986225146999800e+01
2.859748519767890684e-06,2.637252397835254669e-02,-9.386701314752766701e-01,8.754364945243064966e+00,-1.879342598840594292e-04,2.906507626175880432e-02,3.067124369989006512e-03,1.066069200907201875e+01,7.311339868465438485e-05,9.970887564122676849e-03,2.864845536806222559e-01,3.340001585658536953e+01,-1.428869669325649738e-03,1.928785070776939392e-02,-3.613268132379012787e+00,3.637763382180882132e+01,4.307707786210812628e-05,3.402026370167732239e-03,1.247379810598951977e+00,3.073093986683081624e+01,1.107903153751976788e-04,5.127104464918375015e-03,1.014375456207303072e+00,3.774517755144552922e+01,4.620158288162201643e-04,8.270892314612865448e-03,2.811718149530988864e+00,3.252184866403118946e+01,-2.257043670397251844e-04,5.266376305371522903e-03,-1.324886925559779716e+00,3.312378301844483985e+01,-4.733930381917161867e-06,9.373661014251410961e-04,1.808103511648999406e+00,8.910853975246570258e+01,-1.586318467161618173e-05,1.164576387964189053e-03,-6.280222229852302718e+00,1.040113989784617274e+02
2.277382236570701934e-06,1.089107804000377655e-02,-1.052539126891225640e+00,1.201534344092644702e+01,5.896537459193496034e-06,6.600894499570131302e-03,1.728087350804496936e-01,1.242459790727741797e+01,-2.383334140176884830e-05,2.021055901423096657e-03,-1.961495825837031859e-01,2.820332227148877280e+01,1.213280756928725168e-05,3.197187790647149086e-03,-1.408657958374277541e-01,3.778573036599556900e+01,9.806284651858732104e-06,8.358033956028521061e-04,1.011783192838890066e+00,6.217325803050795230e+01,1.507788510934915394e-06,1.057123765349388123e-03,-7.186003297715554128e-01,5.272906339190791414e+01,2.425476668577175587e-05,1.591265550814568996e-03,-8.531740388764301741e-01,3.544574007461968534e+01,2.960468464152654633e-06,1.229186309501528740e-03,-1.305591561364768838e+00,6.534830860116319684e+01,-3.162859684380237013e-06,3.267339488957077265e-04,7.131816295426418595e-01,6.464725220977021536e+01,-1.959967903530923650e-06,5.181755404919385910e-04,1.848989561713969776e+00,8.608539298701252562e+01
5.336592948879115283e-06,1.564694195985794067e-02,-2.045016675073453083e+00,1.506784674142803127e+01,-1.596026268089190125e-04,1.770631596446037292e-02,-5.948110550267887708e-01,2.426742886330645632e+01,-7.841410842956975102e-05,5.969854537397623062e-03,8.350389123045999229e-01,3.969520866415818006e+01,6.260557711357250810e-05,9.943271987140178680e-03,1.060473444685486655e+00,4.397691412983095205e+01,-9.311605026596225798e-06,2.207601908594369888e-03,9.869974286444164191e-01,4.975404926599881605e+01,-4.646397064789198339e-05,1.929694903083145618e-03,1.491674670765862354e+00,3.113875968777751524e+01,3.754200224648229778e-05,4.377863835543394089e-03,-7.413562126280609510e-01,3.087253075482382769e+01,1.113529106078203768e-05,1.928523764945566654e-03,4.372040478858461587e-01,2.375298331261267748e+01,-5.424697064881911501e-06,1.431602519005537033e-03,-1.112399041952053302e+00,7.143029896819547275e+01,-2.822405804181471467e-05,1.399828121066093445e-03,-2.810975364626960626e+00,7.387866839737240809e+01
3.770190915020066313e-06,1.468797866255044937e-02,-1.088699209825935155e+00,7.992445283816055124e+00,-5.994673119857907295e-05,1.300599239766597748e-02,-2.839278913186432315e-02,1.334969222167921643e+01,1.104912516893818974e-04,6.026981864124536514e-03,1.510228294624391898e+00,3.198455375417169222e+01,-2.636068966239690781e-04,8.835989050567150116e-03,-1.468173290334160663e+00,2.970885000670362786e+01,-2.807407145155593753e-05,1.743200584314763546e-03,-2.523413971606828010e+00,3.925092949106151252e+01,-5.595554739556973800e-06,1.572699402458965778e-03,-2.653410360191828521e-01,1.627683168122717916e+01,1.578670526214409620e-05,4.511450883001089096e-03,-5.137834281371301826e-01,2.156795468229877244e+01,-2.421555836917832494e-05,1.868842402473092079e-03,1.544399029764829956e-01,2.006958423319359142e+01,-2.885400863306131214e-05,1.703518326394259930e-03,-3.667252251802524121e+00,7.621623842868643806e+01,1.214942167280241847e-04,2.765281358733773232e-03,3.280736865706292082e+00,7.689773337625118188e+01
3.235403482904075645e-07,2.996477670967578888e-02,-6.285264321477894711e-01,7.203995483688915513e+00,5.583768361248075962e-04,3.972858935594558716e-02,6.859045297546103592e-01,1.109073380836904832e+01,2.388248249189928174e-04,1.921828091144561768e-02,5.209804179341397390e-01,5.146567854736246517e+01,9.098692680709064007e-04,2.596141211688518524e-02,1.770298262773604581e+00,3.717993694264481519e+01,-2.761817086138762534e-05,4.001995082944631577e-03,-4.815359315839767285e-01,1.689890467659188644e+01,7.530923176091164351e-05,5.327109713107347488e-03,1.130432510346345426e-01,2.386514358466167707e+01,1.304448232986032963e-05,1.378114335238933563e-02,-1.613762174533096116e+00,4.656272751139160704e+01,1.633375650271773338e-04,6.975979078561067581e-03,1.355224514735180463e+00,2.634376178678094504e+01,3.726024999650690006e-07,2.075262367725372314e-03,3.299334182344061173e+00,1.076439642897222910e+02,3.519585152389481664e-05,1.988914329558610916e-03,7.890175953708023826e+00,1.821899919803113335e+02
5.628024609904969111e-06,2.304885722696781158e-02,-1.258632952728468979e+00,1.312836961092863675e+01,-2.374369942117482424e-04,2.321480773389339447e-02,3.279305539416429299e-02,9.383987598433739308e+00,-7.948593520268332213e-06,6.383548490703105927e-03,5.018864112989966930e-01,2.230195986892102056e+01,1.806034706532955170e-04,1.134891342371702194e-02,2.324384855491575808e-01,1.575010653408791583e+01,-1.046197667164960876e-05,2.323023276403546333e-03,6.830644104113239301e-01,2.688718138372758659e+01,-4.932618139719124883e-06,2.318076789379119873e-03,7.015158173423794441e-01,2.999535348237956356e+01,8.188337960746139288e-05,4.853211808949708939e-03,6.258907443672199200e-01,2.435660808111833475e+01,-1.869600600912235677e-05,2.778938738629221916e-03,6.188409983502367318e-02,3.356482650554033853e+01,-4.968130815541371703e-05,1.527779502794146538e-03,7.559282196917978258e-02,8.433839607940618066e+01,2.307647037014248781e-06,1.047967001795768738e-03,-3.081629662669813641e-01,6.792754314220250933e+01
6.467761522799264640e-06,1.289123110473155975e-02,-1.365144848734678007e+00,7.867110340560198978e+00,9.570113434165250510e-06,1.046636048704385757e-02,-2.119366450772942889e-02,1.838790249181792547e+01,-7.166266732383519411e-05,4.530351143330335617e-03,5.167230203678502276e-01,2.458614097028734946e+01,7.474276208085939288e-05,5.612113047391176224e-03,-8.109566850535504523e-01,2.506243408384644411e+01,-6.192056389409117401e-06,1.009376253932714462e-03,-9.612094763826982691e-01,2.338455389080989022e+01,4.058257673023035750e-06,1.191506162285804749e-03,3.468398995915634719e-01,1.727397518170949553e+01,1.306753688368189614e-06,3.181946696713566780e-03,1.042117730912306417e+00,2.033607802584144864e+01,-7.565286637145618442e-07,1.260119024664163589e-03,4.489726927996718908e-01,1.908060694874210839e+01,-2.254655919387005270e-05,1.967833843082189560e-03,-3.066224477866873688e+00,1.006742500283204294e+02,1.077510205504950136e-05,1.892112428322434425e-03,-2.098252763088194861e+00,8.775102755209738348e+01
4.577096206048736349e-06,1.205390598624944687e-02,-1.131616349504733554e+00,1.815290292895923585e+01,-1.938759123731870204e-05,1.038574613630771637e-02,7.879242641692486837e-02,2.746807332482532260e+01,-7.516301411669701338e-05,2.560515189543366432e-03,-3.388814777113456911e-01,3.112547922737962125e+01,-5.174714533495716751e-05,5.097637418657541275e-03,-9.929654068948496892e-01,4.253933366224216428e+01,1.179797095574031118e-06,1.082191010937094688e-03,-1.768716072549882501e+00,5.193452647574496694e+01,-1.181501465907786041e-05,1.308340346440672874e-03,-2.788530257585705163e-01,5.199244048576496624e+01,3.205109169357456267e-05,2.229236532002687454e-03,-4.428171683495267241e-01,3.707682577015680891e+01,1.970826815522741526e-05,1.944922260008752346e-03,1.406239292178536493e+00,5.976843147572159154e+01,-1.142611154136830010e-06,5.928118480369448662e-04,-1.257018602728854129e+00,8.736648806465767336e+01,6.714367827953537926e-06,5.049310275353491306e-04,-1.269477609748413061e+00,6.224434705497461096e+01
5.162671186553779989e-06,1.351256202906370163e-02,-1.227581810799066808e+00,1.219048917569997137e+01,1.856134476838633418e-04,1.509753242135047913e-02,4.423779022987089360e-01,1.667949922162231502e+01,2.232174847449641675e-05,4.249359481036663055e-03,4.098464292155801769e-01,3.756858629638374225e+01,-5.216248609940521419e-05,6.423091981559991837e-03,-3.183347456380323792e-01,3.809217812347076659e+01,2.415144081169273704e-05,1.873027766123414040e-03,2.343100753811084846e+00,5.673260543374997411e+01,2.103175211232155561e-05,2.048852154985070229e-03,8.024534960542223372e-01,3.776022434399695271e+01,-2.995892100443597883e-05,3.538746852427721024e-03,1.335644545450444809e-01,2.220763381402514725e+01,-3.699989065353292972e-06,2.364648506045341492e-03,-2.955704162770064758e-01,5.398352306593968564e+01,4.933323452860349789e-06,5.744241061620414257e-04,3.351227836684164352e+00,1.424000127316364512e+02,-1.879638944046746474e-06,6.535673164762556553e-04,-3.043916744828547571e+00,1.411004536787716290e+02
3.275200924690579996e-06,4.967003688216209412e-02,-6.314517796399545801e-01,8.292553376401906817e+00,2.620095328893512487e-04,5.476080626249313354e-02,3.683842491578673273e-01,1.492135010131114470e+01,6.171955028548836708e-04,2.953009679913520813e-02,1.645913452544123912e+00,4.695478142672889987e+01,2.918119775131344795e-03,3.872085362672805786e-02,2.709610424649259830e+00,2.785112381896916389e+01,3.278750227764248848e-06,8.852892555296421051e-03,-1.219014012698277805e+00,5.221990390928764469e+01,-6.112796836532652378e-05,9.716472588479518890e-03,-4.413452987846075426e-01,4.263865897775483660e+01,9.355627844342961907e-05,1.888993941247463226e-02,1.223089959651744163e-01,4.115221522074459415e+01,6.592734134756028652e-04,1.445979438722133636e-02,1.412769778744834115e+00,3.829089296691141442e+01,2.820846930262632668e-05,3.300348529592156410e-03,2.635386987073783160e+00,1.053286645238215868e+02,-9.259233775082975626e-05,3.156516468152403831e-03,-5.058264552750376675e-01,1.309296443377961623e+02
4.799509042641147971e-06,2.144931443035602570e-02,-1.224052526793563578e+00,9.510556171129696423e+00,-7.550920709036290646e-04,2.441419847309589386e-02,-3.113543631109107479e-01,1.141520415468338001e+01,-8.865185009199194610e-06,8.466037921607494354e-03,2.517983759242908848e-01,2.448379232789879012e+01,-2.449747698847204447e-04,1.527363900095224380e-02,-1.141865327843647471e+00,2.579140212905048557e+01,-8.389200047531630844e-06,2.469037892296910286e-03,1.627200945199105686e-01,2.770097568399680199e+01,-5.369890277506783605e-05,3.330862848088145256e-03,-3.337760257761932525e-01,2.458104788716844169e+01,1.777754914655815810e-05,6.333956029266119003e-03,-7.637253870842346248e-02,2.717312387622864378e+01,-2.725780177570413798e-05,3.291620174422860146e-03,-5.069794503757261289e-02,1.927442231510369197e+01,6.946587291167816147e-06,1.719991909340023994e-03,-1.617523254849241754e+00,7.693913326221439775e+01,-1.838802745623979717e-05,1.717286300845444202e-03,7.476627295646733062e-02,8.340028632157833499e+01
-4.375614480522926897e-06,3.348165750503540039e-02,-1.500201810469863561e+00,7.429643983127391493e+00,-1.494708238169550896e-03,3.776007890701293945e-02,-6.389946844435401285e-01,1.478209509171524516e+01,2.213589323218911886e-04,1.117294002324342728e-02,-3.867214275406876123e-01,2.620146020542421184e+01,1.169014605693519115e-03,1.974559761583805084e-02,1.288975948872699284e+00,3.213047193917699929e+01,6.487471546279266477e-05,3.496753051877021790e-03,-9.875606065022490831e-02,2.855627234338833986e+01,-1.805016217986121774e-04,4.788588266819715500e-03,-5.735005927638703316e-02,2.418495274779720816e+01,1.676308893365785480e-04,8.243709802627563477e-03,9.192314812001814439e-02,2.732089341323162301e+01,1.112890167860314250e-04,4.543534480035305023e-03,6.525918321335014705e-01,1.756591194627783992e+01,1.832623820519074798e-05,1.097935950383543968e-03,2.944468312426301582e-01,1.148606365905490492e+02,3.569044565665535629e-05,1.445801230147480965e-03,5.924921105666494103e-01,1.205523363584916581e+02
2.070401023956947029e-06,4.965930432081222534e-02,-3.740116927078255826e-01,1.473166916640288449e+01,2.292157441843301058e-04,5.405125394463539124e-02,6.991314800501079452e-01,1.083035417524967059e+01,1.208557732752524316e-04,2.056244760751724243e-02,9.204583293425176727e-02,2.393985945551766292e+01,-2.353632589802145958e-04,2.955384738743305206e-02,-1.217860191375986778e-01,1.864935973187199991e+01,5.784083987236954272e-05,1.003165543079376221e-02,2.269077171431785889e+00,5.008278227384902692e+01,4.685442490881541744e-06,1.105989515781402588e-02,-7.776380481950605494e-01,7.059014464059829663e+01,3.981662739533931017e-04,1.584026589989662170e-02,1.146262557327913711e+00,2.825333622201305772e+01,-2.622927422635257244e-04,1.148707605898380280e-02,-4.865178817012976720e-01,2.240813454567131657e+01,6.005820068821776658e-06,6.962238345295190811e-03,5.574170044550808001e-01,4.892604670961891600e+01,3.453013414400629699e-05,6.543050520122051239e-03,1.689158442557564754e+00,8.758279080584993892e+01
-2.411033492535352707e-04,2.187758088111877441e-01,-1.705143951703707791e-02,5.213120025332104390e+00,3.959827299695461988e-04,4.190742671489715576e-01,2.137665011771269497e-01,6.120101355897876516e+00,1.697770901955664158e-03,3.297752737998962402e-01,-1.355016368711931818e-01,1.232279566060774911e+01,3.663340117782354355e-03,3.769323825836181641e-01,-1.502489166527029019e-01,1.408844343266775923e+01,-2.837301930412650108e-03,1.321643590927124023e-01,-2.734075990227819997e-01,1.355666110502392385e+01,3.342988900840282440e-03,1.209392845630645752e-01,8.521714697404519923e-01,1.361538044523740609e+01,-1.645583659410476685e-03,3.410995304584503174e-01,-1.792812915796146156e-01,1.449750660192287910e+01,1.333632040768861771e-03,1.923828572034835815e-01,7.944668513552449740e-02,1.838341995341951929e+01,5.914247012697160244e-04,4.550306499004364014e-02,2.817808943635851660e-01,1.094003561521789258e+01,8.635821286588907242e-04,3.645131736993789673e-02,2.178026354266455328e-02,9.168748288899941201e+00
4.154046473558992147e-04,1.366485208272933960e-01,-9.046511260610955174e-02,4.832306754405736093e+00,1.632461207918822765e-03,1.887022405862808228e-01,6.703642192472796246e-01,9.019158617551125801e+00,1.125052454881370068e-03,1.711021214723587036e-01,6.646816921417333379e-01,4.030675876953983305e+01,1.506352797150611877e-03,1.392016112804412842e-01,1.626263392616371928e-01,1.895892181359939244e+01,-8.687456283951178193e-05,3.541245684027671814e-02,-8.025386184983461790e-01,1.694815007616928071e+01,-9.627794497646391392e-04,3.899636492133140564e-02,-1.078665512981170638e+00,1.773807136592144928e+01,-2.847995376214385033e-03,1.067872196435928345e-01,-1.120212995537397171e+00,2.528310268983184628e+01,8.941566338762640953e-04,5.350534617900848389e-02,-1.385572505492618511e-01,1.388438357185166794e+01,-7.568066939711570740e-05,1.420806441456079483e-02,7.765945620732192523e-02,1.156298258052848915e+01,-4.025658927275799215e-05,1.065184082835912704e-02,-7.871615422280379970e-02,1.450710396405676406e+01
7.190982614702079445e-06,1.009351108223199844e-02,-1.079181077281445411e+00,8.431098400656221514e+00,1.364929403280257247e-06,1.118041388690471649e-02,1.207267064432014092e-01,2.019311774278524041e+01,-1.384663191856816411e-04,3.614474553614854813e-03,-7.185614711966807899e-01,2.472695032996371012e+01,-2.622987722133984789e-06,5.522670224308967590e-03,-1.078629873116173199e+00,3.863229846659080380e+01,1.443541350454324856e-05,1.043428084813058376e-03,1.072089472373852548e+00,4.958493705980625066e+01,-1.689653981884475797e-05,1.290054176934063435e-03,1.790014700696307415e-01,2.579148432128638646e+01,7.201124390121549368e-05,2.457930240780115128e-03,8.711764425887663643e-01,1.952519427413364284e+01,-9.094456800085026771e-06,1.170243369415402412e-03,3.496387117755442309e-02,2.096751341044589623e+01,2.956322475711203879e-07,5.810051807202398777e-04,-1.534961181164297583e+00,8.984432236493687185e+01,-8.222180554184888024e-07,9.074520203284919262e-04,1.624487631560343814e+00,1.075459867435020413e+02
3.761126208701170981e-06,1.803771220147609711e-02,-1.459069922675995779e+00,1.159395517834499501e+01,-2.523427829146385193e-04,1.649406552314758301e-02,5.922869498799160359e-01,1.574418060735539626e+01,1.007935679808724672e-05,5.319569725543260574e-03,2.276853500536502317e-01,3.694569252928093306e+01,2.886317670345306396e-04,8.443852886557579041e-03,7.950941077990927308e-01,2.222087243949571089e+01,-7.807696420059073716e-06,9.938210714608430862e-04,-4.433085642125508818e-01,2.941431217537138565e+01,-5.681595575879327953e-05,1.557825831696391106e-03,-2.855570568319261149e-01,2.991495962584834700e+01,-6.934005796210840344e-05,4.317450337111949921e-03,-3.089115531522236280e-01,1.875534457256902598e+01,6.482277967734262347e-06,1.846151310019195080e-03,6.631033023453282160e-01,1.680813718157022052e+01,2.476982899679569528e-06,2.316684462130069733e-03,-2.222572201833707406e-01,4.724097092508364426e+01,-6.537017179653048515e-05,1.851236331276595592e-03,-2.179366963512996858e+00,7.982069713024867497e+01
-8.462360483463271521e-07,5.747825652360916138e-02,-3.373782301223406388e-01,5.823846534251961415e+00,-6.593155558221042156e-04,8.388411998748779297e-02,5.058780968525972144e-01,1.494174379704031352e+01,-4.131437162868678570e-04,2.057460695505142212e-02,-4.572400476336435093e-01,1.839435622486393385e+01,3.440639993641525507e-04,4.393272101879119873e-02,-5.950746763855506716e-01,1.544524935277654620e+01,4.654551594285294414e-05,5.760740488767623901e-03,4.643016328160107925e-02,1.389852473143394462e+01,-2.972406946355476975e-05,8.489472791552543640e-03,7.262733619949799380e-01,1.480593194733577178e+01,-4.940911894664168358e-04,1.671325042843818665e-02,-1.091677335482659661e+00,2.054822377458389226e+01,-6.659921200480312109e-05,1.106386817991733551e-02,-3.872939005173973159e-01,1.427439423251435713e+01,-1.832697671488858759e-05,5.336198490113019943e-03,-1.788005505584804311e+00,7.763080499290528280e+01,-2.909147042373660952e-05,4.647652618587017059e-03,-6.831114122991117643e-01,4.024106776165731958e+01
3.014084541064221412e-06,1.958044432103633881e-02,-1.338042225615138747e+00,1.208955135883282850e+01,-2.145106554962694645e-04,1.522151287645101547e-02,1.874780687788279443e-01,1.265912423938695675e+01,3.896365888067521155e-05,3.565269522368907928e-03,1.399153752479046775e-01,2.755518391602671002e+01,-1.307210477534681559e-04,6.421145051717758179e-03,-7.516599900752618524e-01,2.244221749012852740e+01,9.662511729402467608e-06,1.585734193213284016e-03,3.214379498537756952e+00,6.995942259605250513e+01,-1.943626193678937852e-05,1.863566227257251740e-03,-1.093787350233101918e-01,3.482161841583246087e+01,-5.271771442494355142e-05,3.340369556099176407e-03,-1.136345234718957098e+00,3.763745201765799209e+01,-2.181072522944305092e-05,2.045826055109500885e-03,-1.320503671151823655e+00,5.420373867079729280e+01,-1.003287434286903590e-05,1.354424981400370598e-03,2.358347594400667990e+00,1.910943273611188999e+02,-2.836753083101939410e-05,1.562999212183058262e-03,-5.957549424271719740e-01,1.288642140084981520e+02
3.606034852055017836e-06,1.621474325656890869e-02,-1.376011507002851797e+00,8.125023779687348124e+00,1.937905108206905425e-05,1.551629230380058289e-02,4.440821896575964933e-01,1.731286101150618251e+01,9.257804777007550001e-05,5.449439864605665207e-03,3.761923957582803957e-01,2.307186099886935438e+01,1.774321426637470722e-04,8.337879553437232971e-03,-1.397573656868602299e-01,3.201866995715970887e+01,2.094612136716023088e-05,1.598621369339525700e-03,1.053122281259043946e+00,4.388094123340669483e+01,-2.236180807813070714e-05,1.503660925664007664e-03,-5.729691768302187516e-01,1.803526457960360219e+01,-2.482132185832597315e-05,3.750254865735769272e-03,-2.012001390662631894e-01,1.932487277836787953e+01,3.752031989279203117e-05,1.764852320775389671e-03,1.675549777311390320e+00,2.457232875293483687e+01,-9.886496627586893737e-06,1.033100183121860027e-03,-2.025970783172702516e-01,6.516366042722023622e+01,4.437803909240756184e-06,1.720926957204937935e-03,-5.787198736730725379e-01,9.611382448168818371e+01
5.717372459912439808e-06,1.705654896795749664e-02,-1.583532634345976131e+00,1.647405108937647356e+01,-1.376207073917612433e-04,1.809360273182392120e-02,-4.951465748404272893e-01,2.353451801055490478e+01,-9.710157610243186355e-05,7.030959241092205048e-03,-1.452069468642298300e-01,4.050166618228357152e+01,-1.405579678248614073e-04,9.384438395500183105e-03,-5.930804112816432383e-01,3.002695703076450684e+01,1.117566534958314151e-05,1.515168463811278343e-03,3.951705302292462529e-01,3.267071452979516266e+01,-3.216309050912968814e-05,1.947766751982271671e-03,-7.466079588311216320e-01,3.364737386907304995e+01,1.779798185452818871e-04,4.398858174681663513e-03,1.655028373840001343e+00,2.965988840738230437e+01,-5.649858576362021267e-05,2.128175459802150726e-03,-3.936513594405513516e-01,3.036036816719681042e+01,7.142954564187675714e-05,1.388360047712922096e-03,6.492746800523823580e+00,2.063055965040340709e+02,5.601432349067181349e-05,2.003845293074846268e-03,4.252020947130510820e+00,1.013790289279369006e+02
4.490399078349582851e-06,1.122312713414430618e-02,-1.574779387725258717e+00,1.753012293067125782e+01,-1.348365767626091838e-04,8.225322701036930084e-03,-1.235922078167056848e-01,2.545331671369730842e+01,-6.066645255486946553e-06,2.218728419393301010e-03,-9.048203739705489024e-02,2.822916658238101917e+01,8.614133548690006137e-06,3.208271693438291550e-03,-6.244031873678063116e-01,4.177729409282898132e+01,6.615869551751529798e-06,7.815884891897439957e-04,1.582581052584075332e+00,3.967512089901161687e+01,-2.800008360281935893e-06,8.364355890080332756e-04,9.491193792708794152e-01,2.321544661889623384e+01,2.055072036455385387e-05,1.738152466714382172e-03,-1.313375344227283859e-01,2.928487973528527988e+01,7.119905603758525103e-06,1.060917857103049755e-03,7.859385617325670426e-02,2.626313579895305139e+01,2.081752791127655655e-05,1.010134466923773289e-03,2.931819017333372912e+00,8.074022743381692635e+01,6.608388957829447463e-06,9.500656742602586746e-04,-5.515632166351334131e-01,1.111442854544425245e+02
3.885439127770951018e-06,2.585653401911258698e-02,-1.483923431782349311e+00,1.050490105081822456e+01,3.008084895554929972e-04,2.567982301115989685e-02,4.983239035165578645e-01,1.328541007614871106e+01,5.999944187351502478e-05,6.440758239477872849e-03,3.409803303463569968e-01,2.949721450332788208e+01,-1.328168727923184633e-04,1.311685144901275635e-02,-3.127616776688309508e-01,2.033057587249268749e+01,1.149839499703375623e-05,2.275019185617566109e-03,-2.855595831675867835e-01,2.851251086559864234e+01,1.325547636952251196e-04,3.235978307202458382e-03,2.632283307890479040e+00,4.370819587717385701e+01,-8.424422412645071745e-05,5.707419011741876602e-03,-2.007756044224350056e+00,3.210695665929781484e+01,3.305134669062681496e-05,3.517813514918088913e-03,7.624436211357696891e-01,2.628899432599009600e+01,1.091259855456883088e-05,1.046011922881007195e-03,2.894968331011580145e-02,1.928987587798408185e+02,2.188734470109920949e-05,1.234135706909000874e-03,-2.988616968799157281e+00,1.226428449780797791e+02
5.648101705446606502e-06,4.889931157231330872e-02,-7.635265055632114439e-01,6.809998416333407079e+00,-3.556827869033440948e-05,6.726897507905960083e-02,1.353774674354551733e-01,9.391580330420984168e+00,5.132342921569943428e-04,1.996587589383125305e-02,1.152488073837366900e-01,1.569105433533688299e+01,2.170889783883467317e-04,3.444089367985725403e-02,6.868958796989651505e-01,1.378658744478909526e+01,-4.941728548146784306e-05,8.440978825092315674e-03,7.304255427296333369e-01,1.974777118737407378e+01,3.331361222080886364e-05,1.185649819672107697e-02,-4.879584206257812223e-02,2.549747098712844817e+01,2.223279625468421727e-05,1.964231953024864197e-02,-2.348639121433823418e-01,1.909368482173687909e+01,-1.167229711427353323e-04,1.287375204265117645e-02,4.022405501045160370e-01,2.287908012240904299e+01,5.805996624985709786e-05,4.576887469738721848e-03,1.765021463518028799e+00,4.267032245364094223e+01,-1.322498155786888674e-05,4.375832155346870422e-03,9.950257317072416230e-01,5.421715432953915581e+01
5.315226644597714767e-06,1.942918635904788971e-02,-1.235784797773369803e+00,1.738844781181806809e+01,1.028428450808860362e-04,2.026776969432830811e-02,-1.021942548665995820e-01,1.558495145331768228e+01,5.420176603365689516e-05,8.333672769367694855e-03,1.707065050189271460e+00,6.177758824691323980e+01,-7.110649312380701303e-05,9.982706978917121887e-03,-1.229331363851235759e+00,3.881838516578311982e+01,-2.982759906444698572e-05,2.185491379350423813e-03,-2.877122687668193457e+00,9.251233683428610277e+01,1.125416474678786471e-05,3.319205017760396004e-03,-1.408126438144999604e+00,6.223944988963921787e+01,-5.830026930198073387e-05,6.237306632101535797e-03,-5.478592769042552879e-01,3.974243390028011191e+01,1.569508822285570204e-05,3.892056411132216454e-03,-3.304531390470455410e-01,4.777550587796702786e+01,6.744878191966563463e-06,7.264339947141706944e-04,6.252283832624934590e+00,1.322870267845493686e+02,2.385170046181883663e-05,7.054165471345186234e-04,4.882152235736244350e+00,1.182198486883222017e+02
3.305829295641160570e-06,4.486854746937751770e-02,-6.516453755010416238e-01,5.401798729903942942e+00,-1.236962038092315197e-03,6.169421970844268799e-02,-6.767662969612009416e-02,8.370170064364367946e+00,-1.848411047831177711e-04,1.987915858626365662e-02,6.319230848806356438e-01,1.802335513556221258e+01,-2.523968287277966738e-04,3.532491624355316162e-02,-2.310481170591780764e-01,1.223121445029320675e+01,3.996666782768443227e-05,5.515764467418193817e-03,6.311734720032056156e-01,2.402629151546220854e+01,-7.670142076676711440e-05,9.302611462771892548e-03,-2.502418432877094867e-01,2.092119769825207243e+01,-1.525462721474468708e-04,1.852193102240562439e-02,-1.023914521010907075e+00,2.380825916222525862e+01,-1.869642437668517232e-04,9.009170345962047577e-03,-1.568107368446677030e-01,1.240029669476734853e+01,1.296143891522660851e-04,3.861019620671868324e-03,1.692763909374245479e+00,4.237324509909227288e+01,-9.867942026176024228e-06,3.818118711933493614e-03,-2.667655170100803996e+00,7.266908003338544120e+01
4.852569418289931491e-06,5.430574342608451843e-02,-6.919387383649395762e-01,7.224658170754910458e+00,-4.103771934751421213e-04,7.995691150426864624e-02,6.171234505021550021e-02,2.098814194824938895e+01,1.890822022687643766e-04,1.866685226559638977e-02,-2.005492688205469387e-02,1.942056271999976147e+01,-2.485880686435848475e-04,3.184380009770393372e-02,-3.967598716044443696e-01,1.973871653762444467e+01,-1.247745558430324309e-06,5.046978127211332321e-03,1.210077659255734961e-01,1.798121416649232529e+01,3.174963931087404490e-04,8.573253639042377472e-03,1.515715714528130365e+00,2.580519109481656059e+01,3.424604074098169804e-04,1.546885538846254349e-02,7.063151832114880069e-01,1.492554673532233878e+01,-6.791981286369264126e-05,1.089627481997013092e-02,-3.202455472473964559e-01,2.014044363827911610e+01,-1.123441470554098487e-04,4.217421635985374451e-03,-1.856113634954956182e-01,3.107449895997087452e+01,-3.859064236166886985e-05,4.404376726597547531e-03,-1.628283739561991184e-01,2.948619614138323186e+01
2.903683025579084642e-06,2.646331116557121277e-02,-1.142483358485128386e+00,7.701895223161294268e+00,6.683605606667697430e-04,3.279928117990493774e-02,9.212639833827762637e-01,1.204879822265215950e+01,2.259671891806647182e-04,8.081709034740924835e-03,1.285071768839433304e+00,2.841447093848443117e+01,-3.534840070642530918e-04,1.318290736526250839e-02,5.784895217882913832e-01,1.866608982091441860e+01,6.706283329549478367e-06,3.191839903593063354e-03,9.441205115365072231e-01,3.401294881631902456e+01,1.094159451895393431e-04,5.011620000004768372e-03,7.727596644578016427e-01,2.730282763168196070e+01,-5.310645210556685925e-04,8.502871729433536530e-03,-2.823428167434776093e+00,3.543220285519276302e+01,-6.976397708058357239e-05,4.620958585292100906e-03,-7.733172069640861235e-01,2.846122691052386955e+01,-1.075280597433447838e-04,2.192223910242319107e-03,-2.869795653794557477e+00,5.861041175116343993e+01,4.029691626783460379e-05,2.386564388871192932e-03,1.505017166519063032e+00,5.649042929211520203e+01
1.329942733718780801e-06,1.483088918030261993e-02,-1.358987360550632406e+00,2.281567540254751592e+01,-6.346546433633193374e-05,1.238164491951465607e-02,3.382867225074713546e-02,1.726622911306125374e+01,1.375211286358535290e-05,3.170719603076577187e-03,1.275845874356204668e+00,2.551293454350363987e+01,1.275657996302470565e-04,4.855286795645952225e-03,3.464929450795215526e-01,3.775694515387867511e+01,-5.284779035719111562e-06,1.539819175377488136e-03,9.291468634982447128e-02,7.889937575217865628e+01,-3.817161268671043217e-05,1.941941678524017334e-03,1.323396124989855149e+00,5.599492265364089860e+01,1.090578734874725342e-05,2.458132803440093994e-03,6.438839534949634957e-02,2.277833605474521761e+01,-3.439934880589134991e-05,1.876956899650394917e-03,7.378620993737113887e-01,5.778553405860127867e+01,-1.424566744390176609e-05,9.832235518842935562e-04,-3.071419700282841392e-01,1.239499372027827064e+02,7.547888526460155845e-05,1.468774280510842800e-03,9.709226886202269924e+00,1.895110908459537598e+02
2.788915026030736044e-06,2.048675157129764557e-02,-1.064542790038292663e+00,1.211252921119075054e+01,-6.084043343435041606e-05,1.839445531368255615e-02,1.086333711741381686e-01,1.926339417081177174e+01,-2.302835673617664725e-05,3.672072431072592735e-03,1.684180474799816252e-01,1.201841497249211699e+01,2.114631752192508429e-05,7.295945193618535995e-03,-8.656365641714072190e-01,1.931813611781061368e+01,-1.446598071197513491e-05,1.480079838074743748e-03,8.611861477222835237e-01,2.619090889024999314e+01,3.686177660711109638e-05,1.508623827248811722e-03,1.245399234524120768e-01,1.380604723579176252e+01,6.381695129675790668e-05,3.148693125694990158e-03,2.106125915635080614e-01,1.727322102037958729e+01,-2.621874727992690168e-06,1.986266346648335457e-03,-1.933287108065095961e-01,1.925704806986090745e+01,6.175385351525619626e-05,1.249730237759649754e-03,3.256408367394743042e-01,9.969326630909814924e+01,2.589146606624126434e-05,1.925516990013420582e-03,4.137824187077904448e+00,1.933023853348196610e+02
1.739280014589894563e-05,1.101535633206367493e-01,-1.206013280836694679e-01,3.977444265813296909e+00,-6.695601623505353928e-04,1.430688649415969849e-01,3.398757041368060672e-01,8.853627032621513848e+00,-1.307061756961047649e-03,1.237021535634994507e-01,-1.167558664359285570e-01,2.328428477690068377e+01,-4.377081058919429779e-04,1.543903797864913940e-01,3.582932789141536015e-03,2.883287857977490987e+01,-6.548615638166666031e-04,3.762648627161979675e-02,-1.185219449993347579e-01,1.513410572182819180e+01,1.197837482322938740e-04,4.603005945682525635e-02,1.557448890944855835e-01,2.591290486999532661e+01,1.331321429461240768e-03,7.729918509721755981e-02,3.799848890316208094e-01,1.906232602204577020e+01,-7.347948267124593258e-04,6.500986963510513306e-02,-2.243485942552226470e-02,1.517744136288848722e+01,-9.275069169234484434e-05,1.512222643941640854e-02,7.897509048651224148e-03,2.204100539442236339e+01,-5.708016688004136086e-04,1.458227075636386871e-02,2.849065644401090891e-01,3.868899106896602547e+01
-3.666431894089328125e-06,9.037832170724868774e-02,-2.588675978479527684e-01,7.783473562893975739e+00,-5.008149310015141964e-04,1.103756874799728394e-01,5.867685677363628782e-01,1.839851498286808962e+01,3.696585190482437611e-04,4.466629773378372192e-02,2.861526648927454897e-01,3.191692464043796917e+01,-2.552397781983017921e-04,7.225555926561355591e-02,-5.782878382463829681e-01,3.969548195350396469e+01,8.475247159367427230e-05,1.256284024566411972e-02,1.904368152435934880e-01,2.282097523258065763e+01,5.665155476890504360e-04,1.725387200713157654e-02,5.955172132837042165e-01,2.286723614072028710e+01,3.849350905511528254e-04,3.305155038833618164e-02,-1.411980160717595523e-01,2.431004921267309626e+01,-1.378437154926359653e-04,2.145520225167274475e-02,-1.363127262658193894e-01,1.857401773859707461e+01,1.249036577064543962e-04,6.293346639722585678e-03,4.107583794338808686e-02,1.776791023652907597e+01,-7.724539500486571342e-06,6.095856428146362305e-03,-6.745757423822674737e-01,4.120077127455947164e+01
-1.083459392248187214e-05,3.039982542395591736e-02,-1.657755201548503754e+00,1.100246859388787435e+01,-7.881518686190247536e-04,2.866499312222003937e-02,-3.082946317201545328e-01,1.327691676644084140e+01,-1.154900091933086514e-04,7.787245791405439377e-03,3.129634317687344236e-01,1.720513253685383148e+01,2.468839520588517189e-04,1.202108897268772125e-02,1.084255187463191994e-01,1.718346010407650937e+01,-1.011227777780732140e-05,2.528002485632896423e-03,-2.617250895618755679e-02,2.774769025235955411e+01,-7.139359513530507684e-05,4.032991826534271240e-03,2.073831200905890959e-01,3.043503595172248311e+01,3.370410195202566683e-05,6.219638045877218246e-03,-9.768071035287231307e-01,1.928362278750882908e+01,-1.273261150345206261e-04,4.115659743547439575e-03,-2.080138266841072170e+00,4.372902691868112157e+01,2.704296775846160017e-06,1.845944905653595924e-03,2.141431841422659632e-01,4.697555165092400387e+01,-2.113029586325865239e-05,2.359410515055060387e-03,-9.256101221819557079e-01,5.079668036879811410e+01
3.141354682156816125e-06,4.609241336584091187e-02,-1.121015758097686499e+00,9.892555926963849444e+00,3.658126806840300560e-04,6.847139447927474976e-02,4.236846201579620441e-01,1.831174220179534728e+01,-1.636826054891571403e-04,2.720686420798301697e-02,3.144534262683748582e-01,2.668725691189815663e+01,1.109231729060411453e-03,3.971871361136436462e-02,6.196510190363911930e-01,2.524960466192772301e+01,7.188211748143658042e-05,9.928782470524311066e-03,-1.408856052885947285e+00,2.707291466203055208e+01,-8.566399628762155771e-05,9.758914820849895477e-03,-7.413834578363906469e-02,2.839254648480179100e+01,-9.157974272966384888e-05,2.058725617825984955e-02,-1.174151424372667174e+00,2.977471075021431801e+01,2.853824698831886053e-04,1.139147114008665085e-02,7.301079429002839405e-02,2.182673573061435945e+01,1.051419603754766285e-04,8.607417345046997070e-03,9.265998590301930404e-01,3.396345617987959997e+01,-8.087758033070713282e-05,6.951676681637763977e-03,-5.811588340478782699e-01,3.433957898317055424e+01
5.358146154321730137e-06,1.956620998680591583e-02,-1.446603937857213307e+00,8.740728201445225665e+00,-6.431849906221032143e-04,2.060824818909168243e-02,-6.693974210250556167e-01,1.859435366296215264e+01,-6.646366819040849805e-05,7.473070640116930008e-03,-4.775348513256518213e-01,3.229829230452390476e+01,-9.356160262541379780e-06,1.303718797862529755e-02,-1.027879674631501539e+00,4.272709614323005667e+01,-1.585043719387613237e-05,2.480135066434741020e-03,-1.785685565380614293e+00,5.049455719978909940e+01,-7.060790812829509377e-05,2.143502933904528618e-03,-7.054256561280237703e-01,1.501164746199943778e+01,-1.506797561887651682e-04,5.253192968666553497e-03,1.123025221406831892e-01,2.291219962164391788e+01,-9.962914191419258714e-05,2.685268176719546318e-03,-8.969845851698874384e-01,3.015386528927918874e+01,2.845473136403597891e-05,1.194147858768701553e-03,4.598127623437530787e+00,7.378213566973974480e+01,3.684414480176201323e-07,1.417757826857268810e-03,-8.150163543963210300e-01,5.425211661693333554e+01
4.717318461189279333e-06,3.687227889895439148e-02,-8.505882317717358143e-01,7.086441432028440346e+00,1.359416171908378601e-03,4.607093706727027893e-02,8.041067573350068054e-01,1.149623169687081869e+01,2.284953807247802615e-04,1.559402700513601303e-02,-6.461983941757761807e-01,2.491263648547387533e+01,3.920645394828170538e-04,2.520606108009815216e-02,2.235219993967492713e-01,1.892038404818152131e+01,-6.886598566779866815e-05,5.792848765850067139e-03,-3.768712218219728571e-01,2.869033772244064195e+01,1.124131813412532210e-04,6.494049448519945145e-03,1.213673985578550107e+00,3.446365406615883842e+01,6.015443359501659870e-04,1.191619411110877991e-02,1.423493422306195910e+00,2.073286296260572925e+01,2.361154620302841067e-04,8.421450853347778320e-03,2.874224248850463792e-01,2.166158203772431889e+01,2.197873800469096750e-05,1.801548409275710583e-03,2.937001053996061706e-01,3.381321578557272289e+01,3.361929339007474482e-05,1.670923898927867413e-03,2.293584349604305572e+00,4.626064931202719777e+01
3.179643726980430074e-06,2.631370536983013153e-02,-1.391041726786178545e+00,9.939656145827775902e+00,-3.111139812972396612e-05,3.257447481155395508e-02,2.838365803116396080e-01,1.615820714368807032e+01,-6.330560427159070969e-05,1.367747783660888672e-02,1.067964926888164579e+00,7.832072466941031053e+01,-5.002491161576472223e-05,1.646065525710582733e-02,-1.613759308424319361e+00,5.618210388191535287e+01,-6.649768238276010379e-06,2.728721825405955315e-03,6.980905714600735834e-01,2.955210132447488292e+01,1.203993451781570911e-05,3.973812796175479889e-03,7.873999727048158759e-01,2.663955805768051022e+01,-4.394214556668885052e-05,8.262051269412040710e-03,-6.576569429630823027e-01,3.537714646361330750e+01,-1.116185303544625640e-04,4.893292672932147980e-03,9.417031119635649317e-02,2.955357734683026649e+01,4.829269983019912615e-06,1.225453685037791729e-03,-2.338711976226732769e+00,8.239749879888844930e+01,1.639214133319910616e-05,1.109330449253320694e-03,-1.926983015610381988e+00,1.029911619067270152e+02
1.571857637827633880e-06,5.242757871747016907e-02,-1.174894284734441241e-01,9.128142041210415059e+00,-7.335668196901679039e-04,8.365713804960250854e-02,1.614564142093522781e-01,2.225715496391350712e+01,-2.440122807456646115e-05,1.550494041293859482e-02,8.135283148624219418e-01,1.924331448506465492e+01,-7.233721553348004818e-04,5.175988376140594482e-02,-6.961072100780303362e-01,2.949436055949664848e+01,1.995356578845530748e-04,8.338561281561851501e-03,1.552059119436633550e+00,5.919251427239682783e+01,3.959399473387748003e-04,1.220035459846258163e-02,1.265323543451447152e+00,5.430625177051989994e+01,-9.906975901685655117e-05,1.230157446116209030e-02,-1.137773770024572140e-01,1.112553150321231321e+01,-2.158493407478090376e-05,1.093220617622137070e-02,8.966148085968145276e-01,2.551557267084956138e+01,1.309584476985037327e-04,4.219090100377798080e-03,5.550084351256622917e+00,1.022824012116315089e+02,-8.092678763205185533e-05,4.207504913210868835e-03,1.717925292632501932e+00,4.916876306501234239e+01
6.631573796767042950e-06,1.580800861120223999e-02,-1.443315429978234921e+00,9.117662017994069501e+00,-1.863518409663811326e-04,1.518975198268890381e-02,6.225428069791955066e-02,1.174090372657795456e+01,-5.100770431454293430e-05,3.870645537972450256e-03,1.295516986848169294e+00,2.206148351485396830e+01,-1.684322633082047105e-04,7.403234951198101044e-03,-1.170924800876081751e+00,2.262258356272758419e+01,-7.798045771778561175e-06,9.261936065740883350e-04,-1.989981467128678905e-01,1.574101935226212845e+01,4.288247873773798347e-05,1.467932830564677715e-03,1.865356379941478238e-01,1.501783475008246427e+01,2.351391594856977463e-05,2.844749484211206436e-03,-3.485909811094434763e-01,1.419386662331172744e+01,-5.956703898846171796e-05,1.704809372313320637e-03,-2.666618966385875256e-01,1.405539023842559487e+01,-1.998307016037870198e-05,2.832970814779400826e-03,-8.773728051432466701e-01,7.172592657158560314e+01,-2.400773882982321084e-05,4.056837875396013260e-03,-1.605097346410469195e+00,6.390943057037442543e+01
5.245004103926476091e-06,1.335756015032529831e-02,-1.715132172914546560e+00,1.206131902016785951e+01,8.770470230956561863e-06,1.425877958536148071e-02,-1.738847302525069194e-01,1.758789443753928694e+01,1.390326360706239939e-05,4.776392132043838501e-03,2.579440227158532051e-01,2.077724210813650885e+01,2.385672996751964092e-05,6.028501316905021667e-03,-1.635637899413787955e-01,1.919784796862938236e+01,-9.603490070730913430e-06,1.113335485570132732e-03,-9.272132995944147860e-01,3.363191536346694477e+01,2.213645757365156896e-06,1.856119255535304546e-03,-7.150891254554544996e-02,2.267856838169067757e+01,3.884930265485309064e-05,3.656660905107855797e-03,-2.175015980604057958e-02,2.106898874162060054e+01,-1.519681154604768381e-05,1.608794787898659706e-03,-4.137772715644793542e-01,2.163763451406972393e+01,1.798729317670222372e-05,1.348854159004986286e-03,6.531040899088202956e-01,1.056604549679354363e+02,-8.386257104575634003e-05,1.926749711856245995e-03,-5.837633470153192228e+00,1.316987782185254900e+02
-5.214798193264869042e-07,1.153214275836944580e-01,-9.995069391639486989e-02,6.642795502131027874e+00,-2.061963896267116070e-04,1.308918744325637817e-01,2.574979452247215250e-01,8.062803860604150330e+00,1.297539216466248035e-03,1.005652397871017456e-01,1.220085011863520474e+00,5.162851465224381542e+01,-8.506741141900420189e-05,9.419179707765579224e-02,-5.560582045440828347e-01,2.226519007332108657e+01,1.857415772974491119e-04,2.379159256815910339e-02,-6.842843423662977598e-01,2.153081575699779648e+01,2.407946885796263814e-04,2.652546577155590057e-02,-3.948285662467396762e-01,1.641507323246900896e+01,-2.569169155322015285e-04,6.566058099269866943e-02,-4.596526459270462439e-01,3.563411956758022825e+01,-1.653142971917986870e-04,3.288506716489791870e-02,1.019552467448864644e-02,2.093795024880203925e+01,6.668170681223273277e-05,1.373728830367326736e-02,-3.613351027520645409e-01,3.558579716053336739e+01,-5.871598477824591100e-05,8.734707720577716827e-03,-1.580089816920788315e-01,2.023124506172717219e+01
3.617489346652291715e-05,1.210516020655632019e-01,-6.293384745926718093e-02,8.698994328455038172e+00,1.904001401271671057e-04,1.683070063591003418e-01,6.898862309108775293e-01,1.060915623690889831e+01,-8.431363676209002733e-05,9.019257873296737671e-02,3.552094931946532530e-02,2.918765877367083306e+01,-2.196294954046607018e-03,1.231701448559761047e-01,-9.813805385277983850e-01,2.075907397810593480e+01,1.298202318139374256e-03,6.804721802473068237e-02,1.548075575557023909e+00,3.210490761540348359e+01,-1.114764483645558357e-03,5.261800065636634827e-02,-4.634828525471723082e-01,3.964112840838195240e+01,-1.204308704473078251e-03,8.164345473051071167e-02,-1.050005781395158211e+00,3.716243844488308667e+01,-5.258962046355009079e-04,8.436075598001480103e-02,-7.269429715986055474e-01,4.855334453377015080e+01,3.949405800085514784e-04,2.050237543880939484e-02,6.987295530507462438e-01,2.030819295148550907e+01,7.213358185254037380e-05,1.747988164424896240e-02,2.069357738337084529e-01,1.919612758256584684e+01
8.912460907595232129e-05,4.272783920168876648e-02,-1.087520168352397398e+00,9.208585034891052956e+00,7.247620378620922565e-04,4.892133548855781555e-02,1.049415394831568982e+00,1.594886251166032309e+01,4.937638877891004086e-04,2.198562212288379669e-02,-5.031011128400141308e-01,7.259282302224549710e+01,-1.367351855151355267e-03,3.893144056200981140e-02,-2.650069092959704165e+00,4.699360912319885131e+01,-2.391470770817250013e-04,9.959381073713302612e-03,-2.626331265171944485e-01,2.297313316293271157e+01,1.661482092458754778e-04,9.716108441352844238e-03,-9.408729599827488077e-02,2.486760190286977945e+01,1.666363968979567289e-04,1.642173342406749725e-02,2.058241205374978511e-01,4.489757812052294383e+01,-7.843242201488465071e-05,9.916529990732669830e-03,-9.799852057228940483e-01,3.327967384525524608e+01,1.971949968719854951e-04,5.396468099206686020e-03,3.990491911853257356e+00,1.035928923044619552e+02,-5.924648576183244586e-06,4.664499312639236450e-03,3.626015088955488963e+00,1.015776934444138391e+02
3.847884727292694151e-06,2.973296865820884705e-02,-1.099549096043321184e+00,7.407592736852803839e+00,-1.193768548546358943e-04,3.656324371695518494e-02,5.695314594693144661e-02,7.644654946465857748e+00,-1.770694943843409419e-04,9.221306070685386658e-03,-1.496887502039040863e+00,2.277314465691014789e+01,-3.378783003427088261e-05,1.642649620771408081e-02,1.988326524216371960e-01,1.555543685946719989e+01,1.322629577771294862e-05,2.912022406235337257e-03,5.312696580481831576e-01,1.926722256632086427e+01,-3.337379530421458185e-05,4.040365573018789291e-03,6.984361063594529684e-02,1.871128713308865699e+01,-3.593677320168353617e-05,8.125598542392253876e-03,1.782103475558919348e-01,1.894068761856888727e+01,-7.960406946949660778e-05,4.302602261304855347e-03,-4.152570806171427403e-02,2.034635611831306434e+01,-2.145620965166017413e-05,1.599106704816222191e-03,-1.853834356407941142e+00,9.021500264866519103e+01,-8.997663485388329718e-07,1.351523329503834248e-03,4.291568521988199936e-01,7.351036838139535234e+01
3.988401658716611564e-06,1.627482660114765167e-02,-1.559991230351802427e+00,1.379542956189001401e+01,-3.587223181966692209e-04,1.457176171243190765e-02,-4.414622394396222615e-01,1.935119114565032561e+01,2.056737503153271973e-05,4.569972865283489227e-03,3.602928250262533161e-01,4.901144099632374207e+01,-7.368356455117464066e-04,7.000270765274763107e-03,-5.258897822100241370e+00,4.573126015884849949e+01,-1.681118010310456157e-05,1.789721078239381313e-03,-1.594416740594955861e+00,3.705249658201925200e+01,3.090336394961923361e-05,1.644261297769844532e-03,-4.419550090046857060e-01,2.914723613969489691e+01,6.797232344979420304e-05,3.670385107398033142e-03,6.719906115380664957e-01,2.626086216210711655e+01,-1.334246480837464333e-04,2.012935234233736992e-03,-5.538056191997312583e-01,6.751688730960158580e+01,1.835572220443282276e-05,6.364249857142567635e-04,9.089673552853815508e+00,1.901738540687370005e+02,1.100615645555080846e-05,7.160719833336770535e-04,-5.324420347741196657e-01,1.194983322226992755e+02
4.606389211403438821e-06,1.198633387684822083e-02,-1.441223366256965788e+00,1.534795669151238329e+01,-6.791497071390040219e-06,9.554933756589889526e-03,5.100700153344895904e-01,1.802982067626241047e+01,2.134913484042044729e-05,2.561006229370832443e-03,-5.605227875565854667e-01,3.175360016149096509e+01,2.139819989679381251e-04,4.321588203310966492e-03,2.415760928916519834e+00,2.521672208139503724e+01,3.367360932315932587e-06,1.290553482249379158e-03,-1.436025488649677884e-01,3.749271142882864183e+01,-3.024129000550601631e-06,1.301178010180592537e-03,1.619160269448164380e-01,5.223277769204825205e+01,9.177719221042934805e-06,2.268369076773524284e-03,-2.804234964118585971e-01,3.664034689590977933e+01,1.899041490105446428e-05,1.788373920135200024e-03,9.630952494066105096e-01,5.726062600757200727e+01,1.780831371434032917e-05,7.936295005492866039e-04,1.000661324362640769e+01,2.386440913964997605e+02,1.129113115894142538e-05,6.135776638984680176e-04,-1.314265403727699510e+00,7.219083183186228325e+01
2.850907094398280606e-06,1.232510525733232498e-02,-1.297905159902397187e+00,5.841270276156480534e+00,3.070533421123400331e-05,8.606240153312683105e-03,4.665118537693877521e-01,1.099115166001172561e+01,4.829273893847130239e-05,2.887717913836240768e-03,3.181389939738563100e-01,1.773953988720980846e+01,8.814241300569847226e-05,4.280833993107080460e-03,1.395214038728225803e-01,2.044326620162888375e+01,8.474840797134675086e-06,7.176311919465661049e-04,7.192247432111158190e-02,1.169642568343187961e+01,-3.140608441754011437e-06,8.772775181569159031e-04,2.610607883530554063e-01,1.270509746499265447e+01,-6.605093221878632903e-05,2.269061282277107239e-03,-7.335793240087276068e-01,1.670282649444198597e+01,3.267893771408125758e-05,1.152346958406269550e-03,6.112031718741224307e-01,1.535461074739794896e+01,4.551184611045755446e-05,1.550576300360262394e-03,1.641432000751533948e+00,4.408745346504818485e+01,-4.561675086733885109e-05,2.010049298405647278e-03,-1.179099541929794714e+00,5.138564792489147237e+01
8.692582923686131835e-06,2.181690745055675507e-02,-8.056208631796831776e-01,1.010868173025062688e+01,1.948965073097497225e-04,2.038593776524066925e-02,5.687173414045532116e-02,7.794319675147306725e+00,7.923746306914836168e-05,5.642632953822612762e-03,6.056438804273767129e-01,1.566614304734080321e+01,-3.596072201617062092e-04,1.017160899937152863e-02,-9.724914138891981308e-01,1.269149220102110398e+01,-2.743472214206121862e-05,2.469003200531005859e-03,3.125875882453204024e-01,3.338686019500899960e+01,-4.308760981075465679e-05,2.734670881181955338e-03,-1.632279721344690682e+00,4.370605754551041144e+01,-1.095848274417221546e-04,4.299798049032688141e-03,-8.387900069529919955e-01,1.824768079539988008e+01,-3.923102212866069749e-06,2.442527096718549728e-03,3.449272627688752535e-01,1.320002302382859227e+01,3.692250902531668544e-05,2.665624022483825684e-03,1.034211143503909414e+00,5.679027657854922495e+01,-4.080073267687112093e-05,2.526060212403535843e-03,-2.546762558979061009e+00,6.511145242675952716e+01
6.688886742267641239e-07,3.951128944754600525e-02,-4.072244100493302987e-01,6.771586070341999886e+00,-2.784445183351635933e-03,5.045788735151290894e-02,-6.708402441635318292e-01,1.117175555172497781e+01,-6.293247133726254106e-05,3.143899142742156982e-02,1.299279004062797283e+00,5.383930157665798788e+01,3.285800339654088020e-04,2.845970913767814636e-02,9.416368559550715167e-01,3.304917227973992055e+01,7.735971303191035986e-05,6.491307169198989868e-03,7.328872946816150646e-01,3.295100164112952967e+01,-3.482321335468441248e-04,8.198508061468601227e-03,-2.630474268888208567e+00,4.378338900692078539e+01,1.129750671680085361e-06,1.879220455884933472e-02,-1.326567424652488558e+00,4.175650037833919725e+01,-1.398765452904626727e-04,1.231069490313529968e-02,-1.427494483752729026e+00,3.310239808903701686e+01,6.028615462128072977e-05,2.611081348732113838e-03,-1.729567659539471003e-01,4.432858811102083507e+01,2.379440775257535279e-05,1.821230980567634106e-03,9.500801270045348135e-01,3.473787265506334165e+01
