-5.925113525390625000e+02,4.514187240600585938e+01,-4.394383907318115234e+00,7.735557079315185547e+00,5.503261089324951172e-01,-4.145599365234375000e+00,-6.748184204101562500e+00,-9.417959213256835938e+00,-1.475046062469482422e+01,-2.551563262939453125e+00,-2.767843961715698242e+00,-5.665908336639404297e+00,-9.816034436225891113e-01,-5.482085704803466797e+00,-5.492764949798583984e+00,9.532910585403442383e-02,-9.392511367797851562e+00,-3.230089902877807617e+00,-1.351774692535400391e+00,-3.394657373428344727e+00,2.111302185058593750e+02,6.089200592041015625e+01,2.090328598022460938e+01,2.008654212951660156e+01,1.620314025878906250e+01,1.810222434997558594e+01,1.314924240112304688e+01,1.457615756988525391e+01,1.872510147094726562e+01,7.101372241973876953e+00,9.946242332458496094e+00,1.068029785156250000e+01,8.014769554138183594e+00,9.052979469299316406e+00,8.306242942810058594e+00,6.733978271484375000e+00,1.251643466949462891e+01,5.762195110321044922e+00,6.477225780487060547e+00,6.624949455261230469e+00
-6.605018310546875000e+02,5.298066329956054688e+01,-4.414542019367218018e-01,8.232830047607421875e+00,4.511838912963867188e+00,-2.524991512298583984e+00,-6.031237125396728516e+00,-6.618404865264892578e+00,-9.726552009582519531e+00,-5.892409324645996094e+00,-2.597229480743408203e-01,-5.319383144378662109e+00,-8.095186352729797363e-01,-4.919109821319580078e+00,-4.579842090606689453e+00,8.633282780647277832e-02,-8.323080062866210938e+00,-3.822726488113403320e+00,-2.689615011215209961e+00,-3.036247491836547852e+00,1.791346435546875000e+02,6.545247650146484375e+01,1.867902183532714844e+01,2.143748474121093750e+01,1.838450241088867188e+01,1.211482143402099609e+01,1.205301380157470703e+01,1.095168972015380859e+01,1.334846401214599609e+01,1.085242652893066406e+01,9.332155227661132812e+00,9.726522445678710938e+00,8.911991119384765625e+00,8.209300041198730469e+00,7.337189197540283203e+00,5.239379882812500000e+00,1.140058231353759766e+01,5.958425998687744141e+00,4.946711540222167969e+00,6.500053882598876953e+00
-5.709829101562500000e+02,4.541505432128906250e+01,-1.562790870666503906e+00,1.188034439086914062e+01,-4.385800361633300781e-01,-1.789022684097290039e+00,-5.260241985321044922e+00,-6.614147663116455078e+00,-1.344508838653564453e+01,-4.125197887420654297e+00,-3.681513309478759766e+00,-4.405502796173095703e+00,-1.002250432968139648e+00,-5.352343082427978516e+00,-2.279463052749633789e+00,-5.392902493476867676e-01,-7.728177547454833984e+00,-2.733033418655395508e+00,-2.157926321029663086e+00,-4.411282062530517578e+00,1.822925872802734375e+02,6.625187683105468750e+01,2.176106262207031250e+01,2.214982795715332031e+01,1.905753517150878906e+01,1.772138977050781250e+01,1.288866615295410156e+01,1.158741474151611328e+01,1.835042762756347656e+01,9.079681396484375000e+00,1.023595523834228516e+01,9.604793548583984375e+00,7.787481307983398438e+00,9.720400810241699219e+00,7.520789146423339844e+00,5.566756725311279297e+00,1.159396266937255859e+01,6.152802467346191406e+00,5.970320701599121094e+00,6.977314472198486328e+00
-6.240262451171875000e+02,6.041778564453125000e+01,-3.330774784088134766e+00,1.539085102081298828e+01,6.771765232086181641e+00,-5.807990953326225281e-02,-3.915334701538085938e+00,-1.059228229522705078e+01,-1.052806091308593750e+01,-6.648737788200378418e-01,-9.012824892997741699e-01,-1.234901785850524902e+00,2.894169390201568604e-01,-3.510644912719726562e+00,1.057153105735778809e+00,6.931182742118835449e-01,-2.806376934051513672e+00,-3.391740083694458008e+00,-1.042430847883224487e-01,1.633914351463317871e+00,1.964610748291015625e+02,6.596034240722656250e+01,2.393782806396484375e+01,1.845092582702636719e+01,1.642005348205566406e+01,1.240892219543457031e+01,9.834590911865234375e+00,1.375375556945800781e+01,1.594017887115478516e+01,1.037080192565917969e+01,1.164616966247558594e+01,7.615530967712402344e+00,7.870539665222167969e+00,1.005682754516601562e+01,6.432281970977783203e+00,7.569702625274658203e+00,8.597915649414062500e+00,8.054746627807617188e+00,8.608907699584960938e+00,5.778220176696777344e+00
-4.040558471679687500e+02,4.266242599487304688e+01,-1.753721427917480469e+01,-3.219982385635375977e+00,1.915014028549194336e+00,-2.316222488880157471e-01,-1.138984966278076172e+01,-1.501219081878662109e+01,-1.722241783142089844e+01,-7.270873546600341797e+00,-4.490681171417236328e+00,-9.206503868103027344e+00,-6.413214683532714844e+00,-5.216007232666015625e+00,-3.006633520126342773e+00,2.962826013565063477e+00,-8.640421867370605469e+00,-6.789415836334228516e+00,-1.720864534378051758e+00,-3.217043638229370117e+00,1.339925842285156250e+02,3.442636489868164062e+01,2.293370819091796875e+01,1.549217510223388672e+01,1.769425964355468750e+01,1.331662082672119141e+01,1.393969726562500000e+01,1.285782241821289062e+01,1.655875587463378906e+01,1.124694633483886719e+01,9.612478256225585938e+00,1.390642547607421875e+01,8.923997879028320312e+00,8.258537292480468750e+00,1.086762905120849609e+01,7.145425796508789062e+00,1.236227893829345703e+01,1.100464725494384766e+01,7.943182468414306641e+00,8.508859634399414062e+00
-3.490836791992187500e+02,2.986888885498046875e+01,-2.002161216735839844e+01,8.248025774955749512e-01,-1.138768291473388672e+01,-4.335254192352294922e+00,-1.286241340637207031e+01,-1.347521305084228516e+01,-1.361799049377441406e+01,-8.423024177551269531e+00,-5.636477947235107422e+00,-4.970495700836181641e+00,-7.107899665832519531e+00,-5.809377193450927734e+00,-4.056471824645996094e+00,-6.310991048812866211e-01,-7.564870834350585938e+00,2.171444416046142578e+00,2.108306407928466797e+00,3.722975969314575195e+00,1.845036621093750000e+02,3.821455001831054688e+01,2.781873893737792969e+01,1.732160186767578125e+01,2.800764846801757812e+01,1.580189609527587891e+01,1.657696342468261719e+01,1.451503467559814453e+01,1.408788490295410156e+01,1.080689334869384766e+01,1.181829166412353516e+01,1.002519035339355469e+01,9.656418800354003906e+00,9.116405487060546875e+00,1.049382305145263672e+01,8.062344551086425781e+00,1.290970516204833984e+01,1.395756912231445312e+01,1.349016284942626953e+01,1.110733413696289062e+01
-6.476113281250000000e+02,6.387866210937500000e+01,-3.163663864135742188e+00,1.106891822814941406e+01,3.898929119110107422e+00,4.962605834007263184e-01,-7.210089683532714844e+00,-7.302177906036376953e+00,-1.378537559509277344e+01,-4.531085491180419922e+00,-6.824669241905212402e-01,-7.298969268798828125e+00,-1.648920655250549316e+00,-7.179775238037109375e+00,-8.491601943969726562e-01,-2.798668146133422852e+00,-6.217462062835693359e+00,-3.048201799392700195e+00,-3.925734519958496094e+00,-1.674645185470581055e+00,1.562254486083984375e+02,6.611635589599609375e+01,2.710297966003417969e+01,2.530693244934082031e+01,2.063804817199707031e+01,1.419677639007568359e+01,1.623109245300292969e+01,1.153773689270019531e+01,1.446590232849121094e+01,1.096519279479980469e+01,1.012607860565185547e+01,1.259606838226318359e+01,9.822031974792480469e+00,1.069686603546142578e+01,5.943020343780517578e+00,6.512403011322021484e+00,1.082226848602294922e+01,7.318544864654541016e+00,7.375010490417480469e+00,8.639693260192871094e+00
-6.991042480468750000e+02,6.549691772460937500e+01,-1.099552273750305176e+00,1.653191184997558594e+01,8.523049354553222656e+00,-4.671233594417572021e-01,1.738218814134597778e-01,-7.589046955108642578e+00,-1.030440330505371094e+01,-5.525469779968261719e+00,-1.745448350906372070e+00,-2.015858411788940430e+00,-1.752847075462341309e+00,-3.456808805465698242e+00,-7.095319032669067383e-01,-8.706334233283996582e-01,-3.736915588378906250e+00,-2.688822984695434570e+00,-1.658116102218627930e+00,-5.382223427295684814e-02,1.831500701904296875e+02,6.788317108154296875e+01,2.549400329589843750e+01,2.163001251220703125e+01,1.651279067993164062e+01,1.533928680419921875e+01,1.052704238891601562e+01,1.227877521514892578e+01,1.284859943389892578e+01,8.287667274475097656e+00,8.574750900268554688e+00,7.979970455169677734e+00,7.628951072692871094e+00,7.755516529083251953e+00,5.979987144470214844e+00,5.598807811737060547e+00,7.850403785705566406e+00,5.795726776123046875e+00,5.904404640197753906e+00,3.880565404891967773e+00
-6.058889770507812500e+02,5.081735229492187500e+01,-4.100937843322753906e+00,1.333353233337402344e+01,2.314352750778198242e+00,-3.124964237213134766e+00,-6.993568897247314453e+00,-8.871109962463378906e+00,-1.597322082519531250e+01,-3.851796865463256836e+00,-1.360326051712036133e+00,-6.091596126556396484e+00,4.332902729511260986e-01,-6.397002220153808594e+00,-3.971115589141845703e+00,1.365921854972839355e+00,-8.027184486389160156e+00,-4.431018352508544922e+00,-2.866304874420166016e+00,-2.696594953536987305e+00,2.009573516845703125e+02,6.564014434814453125e+01,2.185580825805664062e+01,1.994430541992187500e+01,1.424870300292968750e+01,1.693616485595703125e+01,1.217686843872070312e+01,1.549638652801513672e+01,2.190425300598144531e+01,8.971665382385253906e+00,1.024700736999511719e+01,1.026293277740478516e+01,9.760951995849609375e+00,1.048521232604980469e+01,7.820548057556152344e+00,7.102894306182861328e+00,1.083192443847656250e+01,7.138502597808837891e+00,7.362562179565429688e+00,6.476943016052246094e+00
-5.207532348632812500e+02,4.331225204467773438e+01,9.500734329223632812e+00,-6.278444528579711914e-01,-7.164324760437011719e+00,4.298446476459503174e-01,-1.205082511901855469e+01,-1.597667312622070312e+01,-5.460499286651611328e+00,-8.713769912719726562e+00,-8.803647041320800781e+00,-2.977452039718627930e+00,-7.663943767547607422e+00,-1.101311588287353516e+01,-5.043666839599609375e+00,-4.785969734191894531e+00,-1.248288249969482422e+01,-4.968922138214111328e+00,-5.322839260101318359e+00,-5.389299869537353516e+00,1.727305297851562500e+02,6.877999114990234375e+01,2.494322776794433594e+01,2.210824775695800781e+01,2.363767051696777344e+01,1.631056022644042969e+01,1.600932884216308594e+01,1.735084342956542969e+01,8.851403236389160156e+00,1.148764228820800781e+01,1.357384967803955078e+01,9.788561820983886719e+00,1.070389556884765625e+01,1.061216926574707031e+01,7.657414913177490234e+00,8.983680725097656250e+00,1.157656097412109375e+01,7.430153369903564453e+00,7.005038261413574219e+00,7.903300762176513672e+00
-5.391985473632812500e+02,4.967279434204101562e+01,-8.996246337890625000e+00,6.914047241210937500e+00,-1.124004244804382324e+00,-3.329549312591552734e+00,-9.793232917785644531e+00,-9.628175735473632812e+00,-1.720834159851074219e+01,-7.140058994293212891e+00,-1.767852544784545898e+00,-7.012472629547119141e+00,-2.807712256908416748e-01,-2.806896209716796875e+00,-7.761524677276611328e+00,1.462151855230331421e-01,-8.591301918029785156e+00,-5.643777847290039062e+00,-2.629362106323242188e+00,-3.139318227767944336e+00,1.927002716064453125e+02,6.313692092895507812e+01,2.650499916076660156e+01,1.773667335510253906e+01,2.118387794494628906e+01,1.778443145751953125e+01,1.595092773437500000e+01,1.583157920837402344e+01,1.969425201416015625e+01,1.191308593750000000e+01,8.711884498596191406e+00,1.210266780853271484e+01,9.091818809509277344e+00,6.725843429565429688e+00,1.202602577209472656e+01,6.334500789642333984e+00,1.116467952728271484e+01,9.384940147399902344e+00,7.586166858673095703e+00,6.600371360778808594e+00
-6.314070434570312500e+02,6.299947738647460938e+01,-5.819208145141601562e+00,1.546005344390869141e+01,6.526640415191650391e+00,-1.588887929916381836e+00,-6.597417831420898438e+00,-4.806328773498535156e+00,-1.367725086212158203e+01,-1.364497423171997070e+00,1.333646625280380249e-01,-6.366863727569580078e+00,3.405445814132690430e+00,-3.940410137176513672e+00,-2.185834646224975586e+00,3.244839429855346680e+00,-7.840127944946289062e+00,-2.765776634216308594e+00,2.946020960807800293e-01,-1.703533172607421875e+00,1.854406585693359375e+02,6.792763519287109375e+01,2.744672966003417969e+01,2.062516212463378906e+01,1.787148284912109375e+01,1.700510978698730469e+01,1.547149372100830078e+01,1.188517665863037109e+01,1.987964439392089844e+01,1.060678100585937500e+01,8.942719459533691406e+00,1.254137420654296875e+01,1.074834728240966797e+01,1.004438591003417969e+01,9.400417327880859375e+00,6.926131248474121094e+00,1.388880062103271484e+01,7.757602691650390625e+00,5.640057086944580078e+00,5.821859836578369141e+00
-7.341256103515625000e+02,7.053291320800781250e+01,4.225180625915527344e+00,1.386650085449218750e+01,9.276524543762207031e+00,1.842029571533203125e+00,-3.709107637405395508e+00,-2.884507417678833008e+00,-6.332503318786621094e+00,-4.483914375305175781e+00,2.006491184234619141e+00,-2.967672422528266907e-02,-1.785899102687835693e-01,-3.775253295898437500e+00,1.477886736392974854e-01,4.342377185821533203e-01,-1.885314226150512695e+00,-2.588742733001708984e+00,-4.004127383232116699e-01,1.037755727767944336e+00,1.905430450439453125e+02,7.159931945800781250e+01,2.032741165161132812e+01,2.124045753479003906e+01,1.903284263610839844e+01,1.179494857788085938e+01,1.266712284088134766e+01,9.233496665954589844e+00,1.006033420562744141e+01,1.010862922668457031e+01,1.003053569793701172e+01,7.469137191772460938e+00,6.917340755462646484e+00,7.053600311279296875e+00,5.188965797424316406e+00,4.906980037689208984e+00,7.469708442687988281e+00,5.885793685913085938e+00,5.660653591156005859e+00,5.788648128509521484e+00
-6.851054687500000000e+02,5.587942123413085938e+01,2.783262252807617188e+00,1.325202178955078125e+01,6.989670276641845703e+00,2.981274127960205078e+00,-1.586030364036560059e+00,-6.961661815643310547e+00,-1.034848880767822266e+01,-3.270768165588378906e+00,1.176164746284484863e+00,-1.498656630516052246e+00,5.515480041503906250e-01,-2.752614974975585938e+00,-1.169022679328918457e+00,1.848695397377014160e+00,-4.378638267517089844e+00,-2.018788099288940430e+00,-1.029164642095565796e-01,-6.109350919723510742e-01,1.845650482177734375e+02,6.648815155029296875e+01,2.010076904296875000e+01,2.077881813049316406e+01,1.652709197998046875e+01,1.217057228088378906e+01,8.940961837768554688e+00,1.440700435638427734e+01,1.448589706420898438e+01,8.596281051635742188e+00,8.642616271972656250e+00,8.127195358276367188e+00,7.379320621490478516e+00,7.334175586700439453e+00,6.847342491149902344e+00,5.095130443572998047e+00,9.440949440002441406e+00,5.561443328857421875e+00,5.464046955108642578e+00,5.103166580200195312e+00
-6.971661376953125000e+02,6.510820007324218750e+01,9.303693175315856934e-01,1.363362693786621094e+01,5.959596157073974609e+00,2.895070075988769531e+00,-1.341818451881408691e+00,-4.775754451751708984e+00,-8.671516418457031250e+00,-4.552999019622802734e+00,1.970606088638305664e+00,-1.627643704414367676e+00,1.426721930503845215e+00,-4.512678623199462891e+00,1.485631108283996582e+00,1.203338429331779480e-01,-6.286184310913085938e+00,-2.644153833389282227e+00,-7.365361601114273071e-02,-1.724622368812561035e+00,1.956614532470703125e+02,7.789734649658203125e+01,2.564300918579101562e+01,2.061491012573242188e+01,1.818831062316894531e+01,1.416090774536132812e+01,9.612057685852050781e+00,1.272571372985839844e+01,1.476229095458984375e+01,1.012296009063720703e+01,1.167299365997314453e+01,8.155054092407226562e+00,7.828583717346191406e+00,9.231566429138183594e+00,5.672068595886230469e+00,4.821418762207031250e+00,1.074341106414794922e+01,5.298732757568359375e+00,5.224741458892822266e+00,6.533531665802001953e+00
-5.965581054687500000e+02,4.915078353881835938e+01,-5.986514091491699219e+00,5.608569622039794922e+00,-1.271634697914123535e+00,-1.206761717796325684e+00,-1.203727626800537109e+01,-8.814259529113769531e+00,-1.110142230987548828e+01,-8.968304634094238281e+00,-6.817101240158081055e-01,-7.052579402923583984e+00,-1.901376247406005859e+00,-3.799650669097900391e+00,-6.752007007598876953e+00,-8.194754719734191895e-01,-7.424614429473876953e+00,-2.969016551971435547e+00,-2.850928068161010742e+00,-4.909594058990478516e+00,1.911652526855468750e+02,5.788936996459960938e+01,2.263356208801269531e+01,1.790239334106445312e+01,2.243698120117187500e+01,1.497809696197509766e+01,2.029860687255859375e+01,1.255937862396240234e+01,1.376585102081298828e+01,1.289024543762207031e+01,9.271586418151855469e+00,1.142695045471191406e+01,8.494050979614257812e+00,6.898421287536621094e+00,1.097449493408203125e+01,6.163485527038574219e+00,1.202246665954589844e+01,7.227403163909912109e+00,6.963134288787841797e+00,7.911727428436279297e+00
-6.562289428710937500e+02,6.220653152465820312e+01,-2.343207359313964844e+00,1.291606998443603516e+01,1.824129343032836914e+00,-1.707146018743515015e-01,-5.669990062713623047e+00,-7.286774158477783203e+00,-1.377697658538818359e+01,-3.312200784683227539e+00,2.361760377883911133e+00,-7.001431465148925781e+00,1.930779099464416504e+00,-4.153746128082275391e+00,-6.542353630065917969e-01,1.583259582519531250e+00,-6.761641502380371094e+00,-1.993616461753845215e+00,-9.640427231788635254e-01,-3.304638624191284180e+00,1.837450408935546875e+02,7.161545562744140625e+01,2.343110847473144531e+01,1.924722480773925781e+01,1.731615638732910156e+01,1.675013160705566406e+01,1.283437538146972656e+01,1.395013904571533203e+01,1.692419815063476562e+01,1.125288200378417969e+01,1.043712425231933594e+01,1.005291748046875000e+01,9.724647521972656250e+00,8.047795295715332031e+00,8.144895553588867188e+00,5.805958271026611328e+00,9.877167701721191406e+00,7.064222335815429688e+00,5.953220844268798828e+00,6.217536926269531250e+00
-6.909957275390625000e+02,6.529336547851562500e+01,-3.514499187469482422e+00,1.455163478851318359e+01,6.737839698791503906e+00,2.951476812362670898e+00,-4.367007732391357422e+00,-8.268066406250000000e+00,-9.742737770080566406e+00,-3.713576555252075195e+00,3.773644208908081055e+00,-9.587869644165039062e-01,-2.662244439125061035e-01,-5.518913269042968750e+00,-3.622332811355590820e-01,1.621801555156707764e-01,-4.594705104827880859e+00,-2.355233669281005859e+00,-5.806356668472290039e-01,-1.043907552957534790e-01,1.940001831054687500e+02,7.494358062744140625e+01,2.479922103881835938e+01,1.913310623168945312e+01,1.709961318969726562e+01,1.241193389892578125e+01,1.244081783294677734e+01,1.223628711700439453e+01,1.314789390563964844e+01,9.561579704284667969e+00,1.051181030273437500e+01,7.620985507965087891e+00,8.008137702941894531e+00,8.473010063171386719e+00,5.714882850646972656e+00,6.435338973999023438e+00,9.538653373718261719e+00,6.479305267333984375e+00,5.771799087524414062e+00,6.971623897552490234e+00
-7.073582763671875000e+02,6.673645019531250000e+01,2.253490924835205078e+00,1.116991519927978516e+01,9.742078781127929688e+00,1.058094501495361328e+00,-4.426188468933105469e+00,-4.683614253997802734e+00,-8.313276290893554688e+00,-4.813663005828857422e+00,1.752556800842285156e+00,-2.376541614532470703e+00,-2.069178819656372070e-01,-3.468698024749755859e+00,-1.575284361839294434e+00,1.111041188240051270e+00,-4.910050392150878906e+00,-2.159926891326904297e+00,-7.920932173728942871e-01,-1.416070342063903809e+00,1.693800201416015625e+02,7.304415130615234375e+01,2.274355316162109375e+01,1.989170265197753906e+01,1.805592536926269531e+01,1.087506008148193359e+01,1.200517368316650391e+01,9.763991355895996094e+00,1.249377536773681641e+01,9.619910240173339844e+00,9.512516021728515625e+00,8.573187828063964844e+00,8.167938232421875000e+00,7.248923778533935547e+00,5.367574214935302734e+00,6.017236709594726562e+00,1.138615894317626953e+01,5.673981189727783203e+00,4.870674610137939453e+00,5.534251689910888672e+00
-6.977926025390625000e+02,5.489004135131835938e+01,6.634654402732849121e-01,1.243578338623046875e+01,7.733953475952148438e+00,5.307482481002807617e-01,-3.216629505157470703e+00,-3.159395217895507812e+00,-1.097755146026611328e+01,-2.848711490631103516e+00,8.152981400489807129e-01,-3.037067651748657227e+00,1.955447793006896973e+00,-3.735668182373046875e+00,4.377008080482482910e-01,7.823550701141357422e-01,-4.071429252624511719e+00,-1.860775828361511230e+00,-1.323690533638000488e+00,-9.204620122909545898e-01,1.830304412841796875e+02,7.216847991943359375e+01,1.919579887390136719e+01,2.093075561523437500e+01,1.733930969238281250e+01,1.376134014129638672e+01,1.085338973999023438e+01,1.150545310974121094e+01,1.701981544494628906e+01,8.865101814270019531e+00,8.669754028320312500e+00,9.678133964538574219e+00,9.780213356018066406e+00,7.676486015319824219e+00,6.668202400207519531e+00,3.212475776672363281e+00,9.426748275756835938e+00,5.380813121795654297e+00,6.210258007049560547e+00,3.491720438003540039e+00
-5.531936645507812500e+02,4.193256759643554688e+01,-5.211462020874023438e+00,7.312742710113525391e+00,6.964541971683502197e-02,-3.356377124786376953e+00,-6.640589237213134766e+00,-7.579063415527343750e+00,-1.145830440521240234e+01,-6.691163539886474609e+00,-1.237378239631652832e+00,-6.659341335296630859e+00,-1.920014023780822754e+00,-3.339761257171630859e+00,-6.672225475311279297e+00,-7.368459105491638184e-01,-8.146628379821777344e+00,-5.072718143463134766e+00,-2.785911321640014648e+00,-4.386602401733398438e+00,1.925065917968750000e+02,5.277332305908203125e+01,1.994358062744140625e+01,1.756744956970214844e+01,2.012387847900390625e+01,1.401178169250488281e+01,1.381392860412597656e+01,1.392594909667968750e+01,1.662139701843261719e+01,1.208851814270019531e+01,7.139098644256591797e+00,1.234709453582763672e+01,8.009331703186035156e+00,7.897432327270507812e+00,1.030827236175537109e+01,5.415032863616943359e+00,1.241166687011718750e+01,8.439964294433593750e+00,6.758510589599609375e+00,8.025556564331054688e+00
-6.664035034179687500e+02,4.928412246704101562e+01,-1.809936165809631348e+00,8.199508666992187500e+00,-4.680697321891784668e-01,-3.911486148834228516e+00,-4.323112487792968750e+00,-7.212904930114746094e+00,-9.476639747619628906e+00,-5.454695701599121094e+00,-9.426412582397460938e-01,-6.583643436431884766e+00,-9.509855508804321289e-01,-5.229483604431152344e+00,-4.045889854431152344e+00,8.284390568733215332e-01,-8.495148658752441406e+00,-4.129047393798828125e+00,-1.604877471923828125e+00,-2.489853382110595703e+00,2.041259918212890625e+02,6.748963165283203125e+01,2.146946334838867188e+01,2.020367240905761719e+01,1.718846511840820312e+01,1.650622177124023438e+01,1.054787635803222656e+01,1.281196975708007812e+01,1.430307865142822266e+01,1.202649307250976562e+01,1.078343391418457031e+01,9.408105850219726562e+00,9.276503562927246094e+00,7.729664802551269531e+00,8.151447296142578125e+00,5.508558750152587891e+00,1.233516597747802734e+01,6.298674106597900391e+00,5.491621494293212891e+00,5.338412761688232422e+00
-5.953309936523437500e+02,5.799092102050781250e+01,2.259028673171997070e+00,1.434332275390625000e+01,8.518200874328613281e+00,-2.423009395599365234e+00,-4.188249111175537109e+00,-8.528269767761230469e+00,-1.225530624389648438e+01,-1.404708862304687500e+00,-2.260384321212768555e+00,5.045409798622131348e-01,3.646282434463500977e+00,-3.587778091430664062e+00,1.605842828750610352e+00,5.178150177001953125e+00,-4.026673316955566406e+00,-1.867805957794189453e+00,-8.099232912063598633e-01,-1.535960674285888672e+00,1.851940765380859375e+02,5.575575256347656250e+01,2.215313529968261719e+01,1.842057800292968750e+01,1.693479347229003906e+01,1.358253669738769531e+01,1.146094703674316406e+01,1.346472549438476562e+01,1.811470794677734375e+01,1.020879077911376953e+01,1.340686511993408203e+01,1.164819622039794922e+01,1.033617401123046875e+01,1.223223590850830078e+01,8.746386528015136719e+00,7.423624515533447266e+00,1.294225692749023438e+01,7.198455333709716797e+00,6.491365432739257812e+00,6.378039360046386719e+00
-5.262785644531250000e+02,4.010062026977539062e+01,-5.406284332275390625e+00,8.086063385009765625e+00,-3.384432792663574219e+00,-3.656369447708129883e+00,-7.031594753265380859e+00,-8.578677177429199219e+00,-1.311132812500000000e+01,-6.569742202758789062e+00,-4.498282909393310547e+00,-6.661967754364013672e+00,-3.472774744033813477e+00,-4.738380908966064453e+00,-4.606364250183105469e+00,-3.008839368820190430e+00,-8.439078330993652344e+00,-1.816419839859008789e+00,-5.582486629486083984e+00,-4.278460979461669922e+00,1.905580749511718750e+02,5.478490447998046875e+01,2.689555168151855469e+01,2.397735595703125000e+01,2.407180404663085938e+01,1.492295455932617188e+01,1.719691467285156250e+01,1.231475639343261719e+01,1.486463165283203125e+01,1.216875839233398438e+01,9.917757987976074219e+00,9.420388221740722656e+00,8.260056495666503906e+00,1.154705905914306641e+01,8.843140602111816406e+00,8.298746109008789062e+00,1.279562377929687500e+01,7.888329029083251953e+00,8.873558044433593750e+00,7.400907993316650391e+00
-3.039082946777343750e+02,2.227492523193359375e+01,-2.023262977600097656e+01,-3.011252641677856445e+00,-1.055766773223876953e+01,-6.588677883148193359e+00,-1.699561119079589844e+01,-1.174213314056396484e+01,-1.609163665771484375e+01,-9.435908317565917969e+00,-2.479578256607055664e+00,-8.391647338867187500e+00,-6.020059108734130859e+00,-4.359418869018554688e+00,-3.577480316162109375e+00,-6.303822398185729980e-01,-5.418550491333007812e+00,1.694524407386779785e+00,4.609441280364990234e+00,1.360317587852478027e+00,1.936050109863281250e+02,3.869671630859375000e+01,2.927557945251464844e+01,1.631784248352050781e+01,2.586395072937011719e+01,1.639468383789062500e+01,1.990599250793457031e+01,1.276827907562255859e+01,1.500431823730468750e+01,1.131964015960693359e+01,1.155821132659912109e+01,1.043984699249267578e+01,9.191470146179199219e+00,9.549048423767089844e+00,1.289853477478027344e+01,8.054134368896484375e+00,9.471895217895507812e+00,1.411349678039550781e+01,1.498047351837158203e+01,1.202909564971923828e+01
-3.695953979492187500e+02,3.919007873535156250e+01,-1.547204589843750000e+01,-9.504318833351135254e-01,-5.781358242034912109e+00,-1.209972858428955078e+00,-1.011483192443847656e+01,-1.826913833618164062e+01,-1.782247543334960938e+01,-9.481161117553710938e+00,-3.801053524017333984e+00,-7.896282672882080078e+00,-7.826027870178222656e+00,-7.357436180114746094e+00,-6.431863307952880859e+00,4.932756423950195312e+00,-8.499137878417968750e+00,-5.660798549652099609e+00,-2.088138580322265625e+00,-3.169920444488525391e+00,1.496778564453125000e+02,4.175753784179687500e+01,2.696246719360351562e+01,1.659611320495605469e+01,2.309536170959472656e+01,2.127644348144531250e+01,1.496330738067626953e+01,1.336879253387451172e+01,1.467010116577148438e+01,1.304897403717041016e+01,9.021831512451171875e+00,1.111417579650878906e+01,8.684312820434570312e+00,7.811630725860595703e+00,1.060959720611572266e+01,8.360630035400390625e+00,1.422253513336181641e+01,9.843187332153320312e+00,8.260984420776367188e+00,6.614718914031982422e+00
-7.355241088867187500e+02,6.040945053100585938e+01,-3.443986415863037109e+00,1.403326129913330078e+01,6.590172290802001953e+00,-1.768473029136657715e+00,-1.731575846672058105e+00,-7.569146633148193359e+00,-1.097608089447021484e+01,-3.822172641754150391e+00,-9.965854883193969727e-01,-1.354366302490234375e+00,-1.284482836723327637e+00,-3.365845918655395508e+00,-2.715016365051269531e+00,-2.677107155323028564e-01,-4.574276924133300781e+00,-6.213151931762695312e+00,-6.974292993545532227e-01,-4.767365753650665283e-01,1.931630859375000000e+02,7.567147064208984375e+01,2.289017486572265625e+01,2.047021293640136719e+01,1.534865188598632812e+01,1.444316387176513672e+01,8.488780975341796875e+00,1.325342082977294922e+01,1.490154075622558594e+01,9.854665756225585938e+00,8.219905853271484375e+00,5.261296749114990234e+00,7.980796813964843750e+00,6.009772300720214844e+00,5.447066783905029297e+00,5.914648532867431641e+00,9.354718208312988281e+00,8.088659286499023438e+00,5.760987281799316406e+00,4.187792778015136719e+00
-6.692902221679687500e+02,5.479243850708007812e+01,-9.016672372817993164e-01,1.055570220947265625e+01,-1.613751202821731567e-01,3.625909566879272461e+00,-5.391743659973144531e+00,-1.009531974792480469e+01,-7.446642875671386719e+00,-1.405203104019165039e+00,1.007963865995407104e-01,-3.963268518447875977e+00,-5.047284364700317383e-01,-6.327927112579345703e+00,-1.312543272972106934e+00,1.006916686892509460e-01,-5.976764678955078125e+00,-2.503508329391479492e+00,-1.373890757560729980e+00,-1.835813045501708984e+00,1.882232666015625000e+02,7.486956787109375000e+01,2.773717880249023438e+01,2.050538635253906250e+01,1.615701103210449219e+01,1.626033210754394531e+01,1.036481857299804688e+01,1.393409729003906250e+01,1.134930706024169922e+01,9.528455734252929688e+00,1.075679111480712891e+01,8.279587745666503906e+00,7.214664936065673828e+00,1.089088821411132812e+01,5.389192104339599609e+00,5.245557785034179688e+00,9.843704223632812500e+00,6.342181205749511719e+00,6.294200897216796875e+00,6.589642047882080078e+00
-4.912604980468750000e+02,3.517139434814453125e+01,-9.034342765808105469e+00,1.899955987930297852e+00,-8.664879798889160156e+00,-6.350328922271728516e+00,-1.834103012084960938e+01,-1.588171863555908203e+01,-9.584090232849121094e+00,-5.861491680145263672e+00,-4.508715152740478516e+00,-5.891618251800537109e+00,-6.898971080780029297e+00,-8.617669105529785156e+00,-2.570134639739990234e+00,-9.772865772247314453e-01,-8.397290229797363281e+00,-1.011168360710144043e+00,-6.229878425598144531e+00,-5.183505535125732422e+00,1.544710540771484375e+02,5.964404678344726562e+01,2.281947326660156250e+01,1.728439331054687500e+01,2.083914756774902344e+01,1.512264728546142578e+01,1.675189018249511719e+01,1.580303382873535156e+01,9.867177009582519531e+00,1.250835895538330078e+01,1.422124576568603516e+01,9.659983634948730469e+00,1.269947242736816406e+01,1.242559242248535156e+01,1.257021522521972656e+01,7.099375247955322266e+00,1.362923812866210938e+01,8.138836860656738281e+00,6.912329196929931641e+00,7.941578388214111328e+00
-6.699194946289062500e+02,6.242622375488281250e+01,9.023588299751281738e-01,1.683358001708984375e+01,7.811780929565429688e+00,-1.847561001777648926e+00,-9.106541872024536133e-01,-7.485838413238525391e+00,-9.419272422790527344e+00,-1.507419824600219727e+00,-2.440096855163574219e+00,-2.624329090118408203e+00,-1.411153525114059448e-01,-5.096407413482666016e+00,-1.408333539962768555e+00,1.047250270843505859e+00,-4.976095676422119141e+00,-3.102036237716674805e+00,-2.574692726135253906e+00,-2.124852389097213745e-01,1.758773803710937500e+02,7.255178833007812500e+01,2.356041336059570312e+01,2.249193572998046875e+01,1.602570533752441406e+01,1.598239707946777344e+01,1.024545955657958984e+01,1.365526390075683594e+01,1.562560176849365234e+01,9.846391677856445312e+00,1.002729892730712891e+01,9.562917709350585938e+00,8.492117881774902344e+00,9.362066268920898438e+00,6.744497299194335938e+00,5.137219429016113281e+00,9.596724510192871094e+00,6.860348224639892578e+00,7.123574733734130859e+00,4.513103008270263672e+00
-6.986376953125000000e+02,6.869859313964843750e+01,1.100365757942199707e+00,1.368594360351562500e+01,8.338748931884765625e+00,2.067120313644409180e+00,-6.167898774147033691e-01,-5.732326507568359375e+00,-7.861321449279785156e+00,-4.411919116973876953e+00,1.011471986770629883e+00,-1.705865740776062012e+00,1.593433380126953125e+00,-3.599212646484375000e+00,6.062457561492919922e-01,1.179875254631042480e+00,-5.454556465148925781e+00,-1.862116456031799316e+00,-4.504686594009399414e-01,-1.033707737922668457e+00,1.961586761474609375e+02,7.541608428955078125e+01,2.291302108764648438e+01,1.957084465026855469e+01,1.534124565124511719e+01,1.168559837341308594e+01,9.485645294189453125e+00,1.325608921051025391e+01,1.327160930633544922e+01,9.734060287475585938e+00,1.068379402160644531e+01,7.825834274291992188e+00,7.857127189636230469e+00,8.437850952148437500e+00,4.836101531982421875e+00,4.798865318298339844e+00,1.144599437713623047e+01,5.843190193176269531e+00,5.283714771270751953e+00,5.814785957336425781e+00
-6.915878906250000000e+02,5.802465820312500000e+01,1.594668477773666382e-01,1.362465000152587891e+01,5.374111652374267578e+00,1.162336230278015137e+00,-2.083359718322753906e+00,-5.382584571838378906e+00,-1.033282279968261719e+01,-3.662079095840454102e+00,5.606009960174560547e-01,-2.838226079940795898e+00,1.834783673286437988e+00,-3.429503679275512695e+00,-2.008961200714111328e+00,8.973540663719177246e-01,-4.956615924835205078e+00,-3.092806577682495117e+00,8.493896573781967163e-02,8.255106955766677856e-02,1.903361358642578125e+02,7.218481445312500000e+01,2.165152359008789062e+01,1.952552413940429688e+01,1.669901657104492188e+01,1.455636119842529297e+01,9.847620010375976562e+00,1.311876106262207031e+01,1.666212272644042969e+01,9.160267829895019531e+00,9.703083038330078125e+00,8.179123878479003906e+00,9.952101707458496094e+00,6.822468757629394531e+00,7.180873394012451172e+00,4.908131599426269531e+00,8.502243995666503906e+00,6.032794475555419922e+00,5.545596122741699219e+00,3.788975715637207031e+00
-6.978223266601562500e+02,6.733959197998046875e+01,-4.495500326156616211e-01,1.188434791564941406e+01,6.899117469787597656e+00,5.723868012428283691e-01,-4.550374984741210938e+00,-6.025095462799072266e+00,-7.934866905212402344e+00,-4.872439384460449219e+00,2.674749851226806641e+00,-1.464466810226440430e+00,-1.108632564544677734e+00,-4.680307865142822266e+00,-1.066440716385841370e-01,-8.741241693496704102e-01,-4.023424625396728516e+00,-2.223397016525268555e+00,-7.571642994880676270e-01,-2.510118782520294189e-01,1.733840332031250000e+02,7.269618988037109375e+01,2.124219322204589844e+01,1.854189491271972656e+01,1.833919525146484375e+01,1.352547836303710938e+01,1.362718105316162109e+01,1.002930927276611328e+01,1.133601856231689453e+01,1.025824737548828125e+01,1.137294769287109375e+01,8.543461799621582031e+00,7.043975830078125000e+00,8.478346824645996094e+00,6.467765331268310547e+00,4.681154251098632812e+00,8.994593620300292969e+00,5.625320911407470703e+00,6.373797893524169922e+00,5.803091526031494141e+00
-6.459547119140625000e+02,6.311670684814453125e+01,-4.388943195343017578e+00,1.258835124969482422e+01,4.241160392761230469e+00,-2.902261257171630859e+00,-5.671877384185791016e+00,-6.623359203338623047e+00,-1.153238773345947266e+01,-2.380411148071289062e+00,-1.291014790534973145e+00,-6.802652359008789062e+00,1.182792305946350098e+00,-4.672376155853271484e+00,-2.413551330566406250e+00,2.165880441665649414e+00,-8.006254196166992188e+00,-2.862921476364135742e+00,-2.447908639907836914e+00,-2.572438240051269531e+00,1.916593017578125000e+02,6.867935180664062500e+01,2.222107124328613281e+01,2.127060317993164062e+01,1.828511238098144531e+01,1.550386238098144531e+01,1.240048217773437500e+01,1.220416164398193359e+01,1.680963897705078125e+01,1.054231071472167969e+01,1.059450435638427734e+01,1.100891780853271484e+01,9.229124069213867188e+00,8.346391677856445312e+00,7.480488777160644531e+00,6.118959426879882812e+00,1.216927909851074219e+01,6.570498466491699219e+00,6.728072166442871094e+00,5.878237724304199219e+00
-5.177569580078125000e+02,4.802011871337890625e+01,-1.022142028808593750e+01,7.831820964813232422e+00,-1.721489429473876953e-01,-2.173066139221191406e+00,-1.042251300811767578e+01,-9.233612060546875000e+00,-1.787896347045898438e+01,-4.913380146026611328e+00,1.701265224255621433e-03,-9.143920898437500000e+00,1.187557876110076904e-01,-3.859671592712402344e+00,-6.972127914428710938e+00,1.756447434425354004e+00,-9.525069236755371094e+00,-3.888266086578369141e+00,-2.351092815399169922e+00,-4.755599498748779297e+00,1.781410064697265625e+02,5.935210418701171875e+01,2.569303131103515625e+01,1.717688560485839844e+01,2.039630317687988281e+01,1.826858520507812500e+01,1.654331970214843750e+01,1.418968963623046875e+01,2.089191055297851562e+01,1.208430004119873047e+01,1.114679145812988281e+01,1.290026283264160156e+01,8.559394836425781250e+00,8.752222061157226562e+00,1.097803974151611328e+01,7.824295043945312500e+00,1.218802738189697266e+01,7.038142681121826172e+00,8.464318275451660156e+00,7.483963489532470703e+00
-6.838254394531250000e+02,5.292365646362304688e+01,-3.502080917358398438e+00,1.054191780090332031e+01,6.780464172363281250e+00,-2.082959890365600586e+00,-6.373838424682617188e+00,-6.026369571685791016e+00,-9.960135459899902344e+00,-1.553007602691650391e+00,-1.118085980415344238e+00,-5.836146354675292969e+00,-4.712101221084594727e-01,-4.546979904174804688e+00,-5.187226295471191406e+00,1.594403386116027832e+00,-5.956044197082519531e+00,-2.342413187026977539e+00,-1.127358302474021912e-01,-9.934716224670410156e-01,1.932776336669921875e+02,6.871749114990234375e+01,2.079677963256835938e+01,2.163405609130859375e+01,1.648136329650878906e+01,1.152718639373779297e+01,1.302822017669677734e+01,1.111959362030029297e+01,1.395561218261718750e+01,7.604514598846435547e+00,7.099012374877929688e+00,1.013626956939697266e+01,7.841695785522460938e+00,7.173603057861328125e+00,1.041341114044189453e+01,7.051022052764892578e+00,1.050537300109863281e+01,5.413424968719482422e+00,6.745416641235351562e+00,5.127261161804199219e+00
-5.733884277343750000e+02,4.684191513061523438e+01,-5.569428920745849609e+00,6.129032611846923828e+00,-5.748389363288879395e-01,-7.007711529731750488e-01,-8.623766899108886719e+00,-9.702098846435546875e+00,-1.132159614562988281e+01,-5.246991634368896484e+00,-1.420762777328491211e+00,-5.737757682800292969e+00,-1.804038882255554199e+00,-3.856801033020019531e+00,-7.858628749847412109e+00,1.047142505645751953e+00,-8.806249618530273438e+00,-6.400721073150634766e+00,-2.279546737670898438e+00,-2.285934925079345703e+00,2.011297454833984375e+02,5.585739135742187500e+01,2.307239532470703125e+01,1.930169296264648438e+01,2.142631149291992188e+01,1.342356300354003906e+01,1.550978851318359375e+01,1.536964607238769531e+01,1.620198249816894531e+01,1.083527565002441406e+01,9.790633201599121094e+00,1.128440380096435547e+01,7.291697502136230469e+00,7.872840404510498047e+00,1.229465007781982422e+01,5.785215377807617188e+00,1.276744747161865234e+01,9.648833274841308594e+00,5.289559841156005859e+00,5.666647911071777344e+00
-5.010081787109375000e+02,4.218048858642578125e+01,-9.575317502021789551e-01,-4.490068256855010986e-01,-4.012010097503662109e+00,-1.850170493125915527e+00,-1.347077274322509766e+01,-1.538560295104980469e+01,-8.406137466430664062e+00,-5.512527465820312500e+00,-6.516120910644531250e+00,-6.038745880126953125e+00,-7.158528804779052734e+00,-6.448778152465820312e+00,-5.271059513092041016e+00,-8.727284669876098633e-01,-7.682081222534179688e+00,-2.891115903854370117e+00,-3.935066938400268555e+00,-3.394043922424316406e+00,1.594580383300781250e+02,6.033268356323242188e+01,2.564398956298828125e+01,1.914410400390625000e+01,1.772821617126464844e+01,1.646107101440429688e+01,1.738424682617187500e+01,1.774017906188964844e+01,1.176216125488281250e+01,1.449439716339111328e+01,1.519148349761962891e+01,9.001519203186035156e+00,1.155682754516601562e+01,8.580015182495117188e+00,1.168554496765136719e+01,7.395771980285644531e+00,1.106629276275634766e+01,8.678526878356933594e+00,6.206951141357421875e+00,6.986548900604248047e+00
-6.202677612304687500e+02,5.499325561523437500e+01,-5.729504108428955078e+00,1.372547721862792969e+01,3.938451528549194336e+00,-2.741889715194702148e+00,-6.817739963531494141e+00,-9.286633491516113281e+00,-1.848010826110839844e+01,-4.893464565277099609e+00,-2.272597074508666992e+00,-7.261101722717285156e+00,3.614608943462371826e-01,-5.581514358520507812e+00,-3.796361684799194336e+00,1.449288129806518555e+00,-6.773765087127685547e+00,-4.563065052032470703e+00,-2.917225360870361328e+00,-2.551949739456176758e+00,1.814123687744140625e+02,7.153180694580078125e+01,2.636549377441406250e+01,1.919818687438964844e+01,1.625616073608398438e+01,1.697004318237304688e+01,1.131137657165527344e+01,1.569355010986328125e+01,2.351060295104980469e+01,8.496954917907714844e+00,7.434998989105224609e+00,1.039510917663574219e+01,9.312573432922363281e+00,8.357522010803222656e+00,8.049970626831054688e+00,5.965692996978759766e+00,9.552480697631835938e+00,7.519914627075195312e+00,5.831913948059082031e+00,4.714309692382812500e+00
-6.808498535156250000e+02,6.080420684814453125e+01,-1.956047654151916504e+00,1.420476627349853516e+01,6.827086448669433594e+00,-2.881165266036987305e+00,-2.462924003601074219e+00,-8.663906097412109375e+00,-1.103964519500732422e+01,-4.454040527343750000e+00,-4.258486270904541016e+00,-1.695051789283752441e+00,-8.582165241241455078e-01,-6.387971878051757812e+00,-1.953703761100769043e+00,-1.293034195899963379e+00,-5.489140033721923828e+00,-4.614313125610351562e+00,-3.072486162185668945e+00,-8.519589304924011230e-01,1.674572906494140625e+02,6.746250915527343750e+01,2.117609977722167969e+01,2.102746200561523438e+01,1.625607872009277344e+01,1.451696586608886719e+01,1.166426467895507812e+01,1.262662887573242188e+01,1.412028789520263672e+01,8.725622177124023438e+00,8.720791816711425781e+00,8.933650970458984375e+00,9.767112731933593750e+00,8.714473724365234375e+00,6.918921947479248047e+00,6.612067699432373047e+00,8.735836982727050781e+00,6.612316608428955078e+00,7.793076515197753906e+00,3.953733205795288086e+00
-6.265222167968750000e+02,5.280750274658203125e+01,2.726887762546539307e-01,4.734686374664306641e+00,3.439810037612915039e+00,-4.275944232940673828e-01,-9.445803642272949219e+00,-6.785225391387939453e+00,-1.330590343475341797e+01,-4.895431995391845703e+00,-5.622928142547607422e-01,-6.350317955017089844e+00,-3.322410106658935547e+00,-4.316791057586669922e+00,-1.761468410491943359e+00,-2.441661119461059570e+00,-5.258925437927246094e+00,-2.461488008499145508e+00,-1.511272907257080078e+00,7.683355361223220825e-02,1.650624237060546875e+02,6.246233749389648438e+01,2.534844779968261719e+01,2.076127052307128906e+01,1.855780792236328125e+01,1.474917697906494141e+01,1.557487010955810547e+01,1.242192268371582031e+01,1.395632839202880859e+01,1.152352714538574219e+01,1.093684101104736328e+01,1.061362648010253906e+01,8.172479629516601562e+00,8.059279441833496094e+00,5.756738662719726562e+00,6.174260616302490234e+00,1.021596908569335938e+01,6.374346733093261719e+00,7.617362499237060547e+00,7.756578445434570312e+00
-3.683480224609375000e+02,2.230299186706542969e+01,-1.873082542419433594e+01,3.212486982345581055e+00,-1.023888587951660156e+01,-5.397995948791503906e+00,-1.225056838989257812e+01,-7.984237194061279297e+00,-1.687649345397949219e+01,-9.074470520019531250e+00,-4.798126220703125000e+00,-8.329530715942382812e+00,-4.878463268280029297e+00,-3.686496734619140625e+00,-5.489248275756835938e+00,-2.869189023971557617e+00,-1.164194297790527344e+01,-5.522495746612548828e+00,-5.952681064605712891e+00,-7.753605365753173828e+00,1.594569091796875000e+02,5.125883483886718750e+01,2.713409042358398438e+01,1.774068450927734375e+01,2.672026634216308594e+01,1.709636497497558594e+01,1.725374412536621094e+01,1.251213932037353516e+01,1.530512523651123047e+01,1.211171245574951172e+01,1.298935985565185547e+01,1.060713672637939453e+01,8.021100044250488281e+00,9.946998596191406250e+00,9.934096336364746094e+00,8.635190010070800781e+00,1.455248928070068359e+01,9.484627723693847656e+00,7.638790607452392578e+00,8.407461166381835938e+00
-4.392068786621093750e+02,5.221218490600585938e+01,-1.254127693176269531e+01,5.147727489471435547e+00,1.791490077972412109e+00,5.862840652465820312e+00,-5.597445964813232422e+00,-1.213877010345458984e+01,-1.472899341583251953e+01,-1.950158238410949707e+00,2.135669469833374023e+00,-3.671967983245849609e+00,-5.904334187507629395e-01,-2.278102397918701172e+00,3.105425238609313965e-01,8.699084281921386719e+00,-1.964583754539489746e+00,-4.096482753753662109e+00,-1.309227824211120605e+00,-2.367702722549438477e+00,1.520451049804687500e+02,3.685242080688476562e+01,1.970363807678222656e+01,1.770190620422363281e+01,1.899949645996093750e+01,1.545927810668945312e+01,1.342019271850585938e+01,1.110963249206542969e+01,1.416693878173828125e+01,1.059873199462890625e+01,1.110759067535400391e+01,1.312904262542724609e+01,8.580410003662109375e+00,8.560440063476562500e+00,1.212036895751953125e+01,8.160120964050292969e+00,1.080225372314453125e+01,8.720152854919433594e+00,8.565641403198242188e+00,7.071178913116455078e+00
-6.228699340820312500e+02,6.163540267944335938e+01,7.414826869964599609e+00,1.884099388122558594e+01,1.003315162658691406e+01,3.988720417022705078e+00,-1.035189270973205566e+00,-5.580241203308105469e+00,-8.488828659057617188e+00,3.211529552936553955e-01,7.605861127376556396e-02,3.644761443138122559e-01,2.794421195983886719e+00,-1.887327432632446289e+00,1.267622470855712891e+00,4.298478603363037109e+00,-1.993176817893981934e+00,-1.269225001335144043e+00,1.065419673919677734e+00,2.441524028778076172e+00,1.908706817626953125e+02,6.134881210327148438e+01,2.401736259460449219e+01,2.090403175354003906e+01,1.664407730102539062e+01,1.392288589477539062e+01,1.245923423767089844e+01,1.790263557434082031e+01,1.774166679382324219e+01,9.983035087585449219e+00,1.257759952545166016e+01,8.914876937866210938e+00,8.405721664428710938e+00,1.081765937805175781e+01,9.152609825134277344e+00,5.995256900787353516e+00,1.039454364776611328e+01,8.289491653442382812e+00,8.533863067626953125e+00,5.152594566345214844e+00
-5.308292846679687500e+02,4.426737213134765625e+01,-2.864132404327392578e+00,8.589868545532226562e+00,1.504345983266830444e-02,-3.485095024108886719e+00,-4.352319240570068359e+00,-6.577348709106445312e+00,-1.515032577514648438e+01,-4.991028308868408203e+00,-2.581338405609130859e+00,-5.787803649902343750e+00,2.829582691192626953e-01,-5.192252635955810547e+00,-4.453050136566162109e+00,8.558475375175476074e-01,-9.178661346435546875e+00,-1.505268335342407227e+00,-1.677100658416748047e+00,-4.916620254516601562e+00,1.860364379882812500e+02,6.758111572265625000e+01,2.455032348632812500e+01,1.993962860107421875e+01,1.839784812927246094e+01,1.991101074218750000e+01,1.402455806732177734e+01,1.142459106445312500e+01,2.016805648803710938e+01,1.078304004669189453e+01,1.151855754852294922e+01,1.077306270599365234e+01,9.472469329833984375e+00,8.534928321838378906e+00,7.946862220764160156e+00,6.439284801483154297e+00,1.227821636199951172e+01,7.582751750946044922e+00,6.216723918914794922e+00,8.375096321105957031e+00
-6.614793701171875000e+02,5.633878326416015625e+01,-1.003872230648994446e-01,1.294880676269531250e+01,3.457243919372558594e+00,-1.098003149032592773e+00,-3.964551687240600586e+00,-7.314170837402343750e+00,-1.104113769531250000e+01,-2.573115348815917969e+00,-8.059684634208679199e-01,-3.798746824264526367e+00,-1.945659518241882324e+00,-5.477547645568847656e+00,-2.334657669067382812e+00,9.224765896797180176e-01,-6.655894279479980469e+00,-3.224408149719238281e+00,-9.857826232910156250e-01,-1.017235636711120605e+00,1.889861450195312500e+02,7.095419311523437500e+01,2.194298171997070312e+01,2.315156173706054688e+01,1.869650268554687500e+01,1.477853393554687500e+01,1.089073085784912109e+01,1.376810646057128906e+01,1.460168743133544922e+01,8.650532722473144531e+00,1.041335582733154297e+01,7.682271003723144531e+00,8.018659591674804688e+00,7.709415435791015625e+00,5.729081153869628906e+00,6.809039115905761719e+00,1.047091197967529297e+01,5.742423534393310547e+00,5.906716823577880859e+00,4.835115909576416016e+00
-6.052245483398437500e+02,5.104888153076171875e+01,-5.427212715148925781e+00,8.577294349670410156e+00,4.108053684234619141e+00,-2.650917530059814453e+00,-8.000926971435546875e+00,-6.305148601531982422e+00,-1.101870155334472656e+01,-4.717957973480224609e+00,4.252696633338928223e-01,-7.820921897888183594e+00,1.158024296164512634e-01,-3.789491891860961914e+00,-4.923254489898681641e+00,7.295118570327758789e-01,-8.629746437072753906e+00,-4.321852207183837891e+00,-3.251479148864746094e+00,-4.459780693054199219e+00,2.105607604980468750e+02,5.980416870117187500e+01,2.196453475952148438e+01,2.004757308959960938e+01,2.057950592041015625e+01,1.645860099792480469e+01,1.518044471740722656e+01,1.278569126129150391e+01,1.766838836669921875e+01,1.188609695434570312e+01,9.375198364257812500e+00,1.346862697601318359e+01,7.799024581909179688e+00,9.447695732116699219e+00,9.630232810974121094e+00,5.763109207153320312e+00,1.375574588775634766e+01,7.500371932983398438e+00,6.116897106170654297e+00,7.928050518035888672e+00
-6.274704589843750000e+02,5.089054489135742188e+01,-4.893383502960205078e+00,1.050707054138183594e+01,3.704111099243164062e+00,-3.614306926727294922e+00,-8.667970657348632812e+00,-7.146424770355224609e+00,-1.513548088073730469e+01,-4.434600830078125000e+00,-2.204541921615600586e+00,-6.959074497222900391e+00,3.311588168144226074e-01,-4.906190395355224609e+00,-5.106899738311767578e+00,1.219879150390625000e+00,-9.079948425292968750e+00,-3.438987731933593750e+00,-7.151807546615600586e-01,-2.680289506912231445e+00,1.803900451660156250e+02,6.647023010253906250e+01,2.396199607849121094e+01,1.796831893920898438e+01,1.685529327392578125e+01,1.530348396301269531e+01,1.285466384887695312e+01,1.253291130065917969e+01,1.921469879150390625e+01,8.164538383483886719e+00,8.764828681945800781e+00,1.147414112091064453e+01,8.782307624816894531e+00,8.044870376586914062e+00,9.351070404052734375e+00,5.867500305175781250e+00,1.306575012207031250e+01,7.884867191314697266e+00,6.403330802917480469e+00,5.022984504699707031e+00
-4.898687744140625000e+02,4.394528198242187500e+01,-6.938506126403808594e+00,-5.690657615661621094e+00,-9.426026344299316406e+00,-1.937154769897460938e+00,-1.157899665832519531e+01,-1.737806129455566406e+01,-1.390312385559082031e+01,-6.911765575408935547e+00,-3.551645994186401367e+00,-4.372266769409179688e+00,-7.017697334289550781e+00,-6.183675289154052734e+00,-5.936238765716552734e+00,-5.458761692047119141e+00,-5.822811603546142578e+00,-2.149818658828735352e+00,-5.210937500000000000e+00,-4.460036277770996094e+00,1.460006103515625000e+02,5.349934768676757812e+01,2.401101875305175781e+01,2.500480461120605469e+01,2.048773193359375000e+01,1.486237335205078125e+01,1.866975021362304688e+01,1.542560195922851562e+01,1.135111141204833984e+01,1.328635692596435547e+01,1.178280830383300781e+01,8.362092971801757812e+00,1.225388526916503906e+01,8.060140609741210938e+00,7.970031261444091797e+00,1.005096721649169922e+01,1.216475486755371094e+01,1.033233356475830078e+01,1.311095237731933594e+01,6.453122138977050781e+00
-6.675052490234375000e+02,7.124680328369140625e+01,1.978696227073669434e+00,1.260077667236328125e+01,1.806132078170776367e+00,3.438273668289184570e+00,-4.824989318847656250e+00,-1.212367057800292969e+01,-8.451325416564941406e+00,-2.030657768249511719e+00,-2.517184019088745117e+00,-3.023271083831787109e+00,-9.917709231376647949e-01,-6.300826549530029297e+00,-2.597501754760742188e+00,2.866302616894245148e-02,-5.345963954925537109e+00,-2.219456434249877930e+00,-1.077656030654907227e+00,-3.344919443130493164e+00,1.894486541748046875e+02,7.604388427734375000e+01,2.533787345886230469e+01,2.437111282348632812e+01,1.778936004638671875e+01,1.694290161132812500e+01,1.219279766082763672e+01,1.463000011444091797e+01,1.149980068206787109e+01,9.279043197631835938e+00,1.232054615020751953e+01,7.290143489837646484e+00,8.950559616088867188e+00,9.231228828430175781e+00,5.777562141418457031e+00,5.798688411712646484e+00,1.015502262115478516e+01,6.623942375183105469e+00,8.437582969665527344e+00,5.833898544311523438e+00
-7.117861938476562500e+02,5.956720733642578125e+01,7.109445929527282715e-01,1.560370254516601562e+01,6.023351192474365234e+00,-1.622915714979171753e-01,1.246114611625671387e+00,-7.515764713287353516e+00,-1.222847557067871094e+01,-3.974103450775146484e+00,-2.396072626113891602e+00,-2.467366218566894531e+00,-6.185474246740341187e-02,-4.066411495208740234e+00,-2.583477735519409180e+00,1.848376512527465820e+00,-3.204461097717285156e+00,-4.295268058776855469e+00,-1.660567164421081543e+00,-1.555034220218658447e-01,1.897723236083984375e+02,7.326084136962890625e+01,2.374879264831542969e+01,2.306703376770019531e+01,1.436729240417480469e+01,1.378943443298339844e+01,8.542358398437500000e+00,1.333585643768310547e+01,1.774594688415527344e+01,8.822205543518066406e+00,9.832379341125488281e+00,6.835893630981445312e+00,7.213189125061035156e+00,6.483023166656494141e+00,6.229931354522705078e+00,6.774601459503173828e+00,7.933712959289550781e+00,7.115779876708984375e+00,6.559113502502441406e+00,5.054652690887451172e+00
-4.271138000488281250e+02,4.513905715942382812e+01,-1.543668270111083984e+01,-1.130170702934265137e+00,-7.227593660354614258e-01,1.965743780136108398e+00,-1.352937889099121094e+01,-1.548778724670410156e+01,-1.710406112670898438e+01,-9.546002388000488281e+00,2.338380575180053711e+00,-7.459709644317626953e+00,-7.364611148834228516e+00,-6.084676265716552734e+00,-3.956719636917114258e+00,3.981121778488159180e+00,-8.482472419738769531e+00,-6.470514774322509766e+00,-9.189237952232360840e-01,-4.228188991546630859e+00,1.652575225830078125e+02,4.242679977416992188e+01,2.502644538879394531e+01,1.693825149536132812e+01,2.087541580200195312e+01,1.559494304656982422e+01,1.377746868133544922e+01,1.343753337860107422e+01,1.576838684082031250e+01,1.337076282501220703e+01,9.048260688781738281e+00,1.204674339294433594e+01,8.513050079345703125e+00,9.906836509704589844e+00,1.325039100646972656e+01,8.694864273071289062e+00,1.321539974212646484e+01,1.018234443664550781e+01,8.135199546813964844e+00,9.320583343505859375e+00
-4.017017822265625000e+02,2.997330474853515625e+01,-1.574398899078369141e+01,4.878528594970703125e+00,-6.717309474945068359e+00,-3.917073249816894531e+00,-1.136485290527343750e+01,-9.566886901855468750e+00,-1.695792961120605469e+01,-6.610148429870605469e+00,-4.112583160400390625e+00,-8.695933341979980469e+00,-3.183546066284179688e+00,-4.622485160827636719e+00,-4.600550651550292969e+00,7.558469176292419434e-01,-1.005957221984863281e+01,-1.728219628334045410e+00,-3.380179405212402344e+00,-4.489224910736083984e+00,1.869028472900390625e+02,5.470511245727539062e+01,2.463901710510253906e+01,1.698223495483398438e+01,2.271121025085449219e+01,2.198735809326171875e+01,1.377588462829589844e+01,1.369874954223632812e+01,1.591613864898681641e+01,1.043802547454833984e+01,9.846405982971191406e+00,8.767328262329101562e+00,7.106775760650634766e+00,8.469398498535156250e+00,1.113185691833496094e+01,9.440050125122070312e+00,1.041967582702636719e+01,7.023085117340087891e+00,7.425457000732421875e+00,7.379575729370117188e+00
-5.461155395507812500e+02,4.251580810546875000e+01,-6.019243240356445312e+00,1.264512157440185547e+01,-1.407860755920410156e+00,-2.793911218643188477e+00,-4.314086914062500000e+00,-1.458029031753540039e+00,-1.245706081390380859e+01,-4.777244567871093750e+00,-8.577975630760192871e-01,-4.766826629638671875e+00,-7.102529406547546387e-01,-4.609967708587646484e+00,-3.281358957290649414e+00,-1.800525188446044922e+00,-6.185770511627197266e+00,-1.877403736114501953e+00,-3.940018177032470703e+00,-3.358196020126342773e+00,1.889877777099609375e+02,5.924824905395507812e+01,2.210048866271972656e+01,2.501807785034179688e+01,1.927670669555664062e+01,1.762690162658691406e+01,1.415080738067626953e+01,1.055956745147705078e+01,1.644742584228515625e+01,1.173801231384277344e+01,1.094252490997314453e+01,9.106528282165527344e+00,7.348904609680175781e+00,9.316737174987792969e+00,7.212617874145507812e+00,7.315041065216064453e+00,1.095588970184326172e+01,6.528606891632080078e+00,6.843985557556152344e+00,6.415278911590576172e+00
-6.033856811523437500e+02,5.515526580810546875e+01,-6.027803421020507812e+00,9.129901885986328125e+00,4.394857883453369141e+00,-4.041096687316894531e+00,-8.073681831359863281e+00,-1.225518131256103516e+01,-1.634615135192871094e+01,-4.077740669250488281e+00,-3.449181318283081055e+00,-6.160687446594238281e+00,-2.636495232582092285e-01,-6.345525741577148438e+00,-1.847128510475158691e+00,2.664917707443237305e+00,-7.411745548248291016e+00,-4.230753421783447266e+00,-2.417796373367309570e+00,-3.168629646301269531e+00,1.828596954345703125e+02,6.056247711181640625e+01,2.262940025329589844e+01,1.709369468688964844e+01,1.650434684753417969e+01,1.570704078674316406e+01,1.232644748687744141e+01,1.420157051086425781e+01,1.943329429626464844e+01,9.189754486083984375e+00,1.097640514373779297e+01,1.050464630126953125e+01,9.274956703186035156e+00,9.880544662475585938e+00,7.387701511383056641e+00,5.942159175872802734e+00,1.155943679809570312e+01,7.202028274536132812e+00,6.762682914733886719e+00,7.030515193939208984e+00
-6.928557739257812500e+02,5.536389923095703125e+01,-1.548318386077880859e+00,1.603830718994140625e+01,8.818813323974609375e+00,-1.465860456228256226e-01,-1.373390793800354004e+00,-5.293179035186767578e+00,-1.162318325042724609e+01,-1.348280429840087891e+00,8.437131047248840332e-01,-2.641277313232421875e+00,1.017250418663024902e+00,-3.271534204483032227e+00,-1.250761896371841431e-01,4.154964089393615723e-01,-4.512703895568847656e+00,-9.811581373214721680e-01,-1.937505722045898438e+00,5.396814346313476562e-01,1.850503082275390625e+02,6.630849456787109375e+01,1.929040718078613281e+01,1.934529876708984375e+01,1.726961517333984375e+01,1.209633350372314453e+01,1.099411678314208984e+01,1.199207401275634766e+01,1.711173248291015625e+01,8.362708091735839844e+00,9.127841949462890625e+00,9.430250167846679688e+00,9.277678489685058594e+00,8.013803482055664062e+00,6.880530834197998047e+00,4.821256160736083984e+00,9.569302558898925781e+00,4.968047618865966797e+00,6.656389713287353516e+00,4.197371006011962891e+00
-7.271044921875000000e+02,6.235503387451171875e+01,3.121181488037109375e+00,1.506466865539550781e+01,8.132435798645019531e+00,1.927084684371948242e+00,-3.274655580520629883e+00,-3.761790513992309570e+00,-9.750299453735351562e+00,-4.853835582733154297e+00,9.963161349296569824e-01,-3.116070032119750977e+00,5.463201999664306641e-01,-3.289022922515869141e+00,-4.124932885169982910e-01,1.585495948791503906e+00,-5.465040206909179688e+00,-7.176829576492309570e-01,-1.198565363883972168e+00,-1.529067397117614746e+00,1.828218841552734375e+02,6.840422058105468750e+01,2.214109420776367188e+01,2.088031196594238281e+01,1.850663566589355469e+01,1.220298576354980469e+01,1.259970569610595703e+01,1.026398468017578125e+01,1.352963447570800781e+01,9.228118896484375000e+00,1.161259555816650391e+01,8.898348808288574219e+00,7.958459854125976562e+00,7.799291133880615234e+00,5.961228847503662109e+00,4.851685523986816406e+00,1.122052955627441406e+01,5.340649604797363281e+00,5.371478080749511719e+00,6.277307987213134766e+00
-7.045413208007812500e+02,6.882943725585937500e+01,4.728952407836914062e+00,1.195060157775878906e+01,5.638882637023925781e+00,5.834092140197753906e+00,-4.862490653991699219e+00,-4.862799167633056641e+00,-8.308452606201171875e+00,-4.876192092895507812e+00,2.317924499511718750e+00,1.222748756408691406e+00,5.954930782318115234e-01,-4.025670528411865234e+00,1.728973031044006348e+00,-8.497883081436157227e-01,-4.325153350830078125e+00,-1.979641437530517578e+00,-1.625534892082214355e+00,-3.870319724082946777e-01,2.014259796142578125e+02,7.613047790527343750e+01,2.075243949890136719e+01,1.942136764526367188e+01,1.765256118774414062e+01,1.183484363555908203e+01,1.201430511474609375e+01,1.389121627807617188e+01,1.406337928771972656e+01,1.069222545623779297e+01,1.045529842376708984e+01,6.918092727661132812e+00,8.251191139221191406e+00,9.694948196411132812e+00,6.683408260345458984e+00,5.345617294311523438e+00,9.721986770629882812e+00,7.049441337585449219e+00,6.975311279296875000e+00,5.647089958190917969e+00
-6.527005615234375000e+02,5.702252197265625000e+01,4.184419512748718262e-01,1.828931236267089844e+01,2.630990743637084961e+00,4.183531701564788818e-01,-2.529271602630615234e+00,-6.284706115722656250e+00,-1.343419837951660156e+01,-3.618143558502197266e+00,6.169863939285278320e-01,-4.589428901672363281e+00,2.576322317123413086e+00,-4.216813087463378906e+00,-7.787555456161499023e-01,1.189374208450317383e+00,-7.283770561218261719e+00,-2.279133319854736328e+00,-1.241200923919677734e+00,-2.563010454177856445e+00,1.973054656982421875e+02,6.985066986083984375e+01,2.272533416748046875e+01,2.273335838317871094e+01,1.945691299438476562e+01,1.839583396911621094e+01,1.327322006225585938e+01,1.334899234771728516e+01,1.889022636413574219e+01,1.149605369567871094e+01,1.145788860321044922e+01,1.169152069091796875e+01,9.171533584594726562e+00,9.549683570861816406e+00,7.660406112670898438e+00,5.439903259277343750e+00,1.184173583984375000e+01,6.542437553405761719e+00,5.901491641998291016e+00,6.311516284942626953e+00
-5.599233398437500000e+02,5.487593460083007812e+01,-1.151855945587158203e+01,5.495306015014648438e+00,2.415870666503906250e+00,-1.864291191101074219e+00,-1.111178112030029297e+01,-7.596747875213623047e+00,-1.450814723968505859e+01,-7.433643341064453125e+00,3.263150453567504883e+00,-7.886473178863525391e+00,-1.649896264076232910e+00,-1.957346200942993164e+00,-5.963912963867187500e+00,7.812474966049194336e-01,-7.343445301055908203e+00,-5.879089832305908203e+00,-2.509665250778198242e+00,-4.624466419219970703e+00,1.703473358154296875e+02,5.689417266845703125e+01,2.450714111328125000e+01,1.591564273834228516e+01,2.136764907836914062e+01,1.364296817779541016e+01,1.747654533386230469e+01,1.293614864349365234e+01,1.950665092468261719e+01,1.700928115844726562e+01,9.815012931823730469e+00,1.344664192199707031e+01,8.938026428222656250e+00,7.862107753753662109e+00,1.396376132965087891e+01,8.351617813110351562e+00,1.121365070343017578e+01,9.956870079040527344e+00,6.548145771026611328e+00,9.569137573242187500e+00
