5.438162088394165039e-01,5.892121791839599609e-01,6.148632168769836426e-01,6.441386342048645020e-01,6.232590675354003906e-01,5.899776220321655273e-01,5.101994276046752930e-01,5.393648147583007812e-01,5.202920436859130859e-01,5.359854698181152344e-01,5.396246314048767090e-01,5.360744595527648926e-01,3.096527159214019775e-01,3.236099779605865479e-01,3.076668083667755127e-01,3.283823430538177490e-01,3.024840652942657471e-01,2.990780174732208252e-01,2.958672344684600830e-01,3.383809924125671387e-01,3.049939870834350586e-01,3.190836608409881592e-01,3.093662559986114502e-01,3.245628774166107178e-01,-2.173638492822647095e-01,-3.327651023864746094e-01,-4.052580296993255615e-01,-5.008109807968139648e-01,-4.158067703247070312e-01,-4.577844440937042236e-01,-2.310624122619628906e-01,-1.883833408355712891e-01,-2.549344897270202637e-01,-1.961634308099746704e-01,-1.769904643297195435e-01,-1.571866124868392944e-01,-1.285241007804870605e+00,-1.323121547698974609e+00,-1.120057582855224609e+00,-1.179050445556640625e+00
5.596925616264343262e-01,6.174590587615966797e-01,6.046409606933593750e-01,5.902507305145263672e-01,5.987186431884765625e-01,5.701795816421508789e-01,5.525077581405639648e-01,6.477216482162475586e-01,6.266275048255920410e-01,5.785357356071472168e-01,5.806468725204467773e-01,5.757309794425964355e-01,2.955740094184875488e-01,3.065798282623291016e-01,3.028889596462249756e-01,3.121700286865234375e-01,3.115267455577850342e-01,3.011389970779418945e-01,2.819765210151672363e-01,2.928276062011718750e-01,2.685092985630035400e-01,2.899015247821807861e-01,3.100318312644958496e-01,2.991624176502227783e-01,-3.352224230766296387e-01,-3.764637410640716553e-01,-3.839976191520690918e-01,-2.905204892158508301e-01,-3.691758215427398682e-01,-1.834368258714675903e-01,-3.773248195648193359e-01,-4.859909713268280029e-01,-4.517036080360412598e-01,-4.132259190082550049e-01,-2.954111695289611816e-01,-3.558758795261383057e-01,-1.163315892219543457e+00,-1.126746296882629395e+00,-1.146151304244995117e+00,-1.280309796333312988e+00
5.587004423141479492e-01,5.601190924644470215e-01,4.854584336280822754e-01,5.362125039100646973e-01,5.747435688972473145e-01,5.240611433982849121e-01,5.060748457908630371e-01,5.883899927139282227e-01,5.967841148376464844e-01,5.416155457496643066e-01,5.733729004859924316e-01,5.688535571098327637e-01,3.234914839267730713e-01,3.237286806106567383e-01,2.867281138896942139e-01,3.038705289363861084e-01,3.084917068481445312e-01,2.981985807418823242e-01,3.158208727836608887e-01,3.512574434280395508e-01,3.312024176120758057e-01,2.894227206707000732e-01,2.974167168140411377e-01,3.063941895961761475e-01,-4.260969534516334534e-02,-1.266649961471557617e-01,1.258149594068527222e-01,-5.102632567286491394e-02,-2.759052813053131104e-01,-2.126705348491668701e-01,-1.487067341804504395e-01,-3.212511539459228516e-01,-3.377248942852020264e-01,-5.325495079159736633e-02,-2.810406088829040527e-01,-2.530688643455505371e-01,-1.370346903800964355e+00,-1.323879003524780273e+00,-1.215773940086364746e+00,-1.338128447532653809e+00
6.264215707778930664e-01,5.621766448020935059e-01,5.116211771965026855e-01,5.122226476669311523e-01,4.799687266349792480e-01,4.733347892761230469e-01,5.328776240348815918e-01,5.980747938156127930e-01,5.215224623680114746e-01,4.697979390621185303e-01,5.226109027862548828e-01,6.230072379112243652e-01,2.787256538867950439e-01,2.728418409824371338e-01,2.954468429088592529e-01,3.285704851150512695e-01,3.045486509799957275e-01,3.248403668403625488e-01,3.042344748973846436e-01,3.122809231281280518e-01,3.002178668975830078e-01,2.992417216300964355e-01,2.867406904697418213e-01,2.771857678890228271e-01,-1.917279660701751709e-01,1.487539336085319519e-02,4.270428046584129333e-02,-2.005192078649997711e-02,-2.729424461722373962e-02,8.973785489797592163e-02,-1.142872869968414307e-01,-2.385661303997039795e-01,-2.386249452829360962e-01,-8.963846415281295776e-02,-4.493105039000511169e-02,-1.408862322568893433e-01,-1.198265910148620605e+00,-1.011781334877014160e+00,-1.220721602439880371e+00,-1.389062523841857910e+00
3.182666301727294922e-01,3.891510665416717529e-01,3.425794243812561035e-01,2.996536493301391602e-01,3.908490836620330811e-01,4.580241143703460693e-01,3.748613893985748291e-01,4.740348756313323975e-01,5.104818344116210938e-01,3.885603547096252441e-01,3.987623453140258789e-01,3.302164375782012939e-01,2.565507590770721436e-01,3.066854476928710938e-01,2.872836887836456299e-01,2.747107148170471191e-01,3.182387053966522217e-01,3.747981488704681396e-01,3.004205226898193359e-01,3.632475435733795166e-01,3.581333160400390625e-01,2.682671546936035156e-01,3.062273263931274414e-01,2.564515471458435059e-01,9.583801627159118652e-01,7.677269577980041504e-01,1.126399517059326172e+00,1.114006876945495605e+00,2.957585752010345459e-01,2.914084196090698242e-01,4.573455750942230225e-01,9.843008220195770264e-02,3.467111662030220032e-02,6.131062507629394531e-01,5.485199093818664551e-01,8.558732271194458008e-01,3.118996620178222656e-01,-5.624086856842041016e-01,2.260739803314208984e-01,4.181070327758789062e-01
3.779331445693969727e-01,4.443474411964416504e-01,4.794124960899353027e-01,5.417272448539733887e-01,5.538694262504577637e-01,5.256668925285339355e-01,4.959347248077392578e-01,5.902742743492126465e-01,5.205901265144348145e-01,4.384880363941192627e-01,4.658750593662261963e-01,4.296875000000000000e-01,2.886933684349060059e-01,3.141476511955261230e-01,3.075755834579467773e-01,3.438887596130371094e-01,3.044444918632507324e-01,3.272842764854431152e-01,3.111794590950012207e-01,3.429341316223144531e-01,3.233932852745056152e-01,3.188745975494384766e-01,3.378151059150695801e-01,3.186072111129760742e-01,4.825481176376342773e-01,2.494591027498245239e-01,7.866737246513366699e-02,-5.909028276801109314e-02,-5.028814077377319336e-01,-2.119489610195159912e-01,1.424272172152996063e-02,-3.237735331058502197e-01,-8.899405598640441895e-03,1.407673805952072144e-01,1.265062391757965088e-01,2.686617374420166016e-01,-9.244706630706787109e-01,-1.104822278022766113e+00,-1.194102287292480469e+00,-1.377504706382751465e+00
4.802840352058410645e-01,4.712362587451934814e-01,4.848482906818389893e-01,4.632640480995178223e-01,4.850802421569824219e-01,5.044578313827514648e-01,4.995501041412353516e-01,4.847427606582641602e-01,4.840593636035919189e-01,5.071144104003906250e-01,5.650222897529602051e-01,5.086875557899475098e-01,3.369991779327392578e-01,3.517301678657531738e-01,3.562276959419250488e-01,3.193355500698089600e-01,3.095833063125610352e-01,3.048913180828094482e-01,3.136434853076934814e-01,3.012059628963470459e-01,2.867452800273895264e-01,2.843258678913116455e-01,3.267461359500885010e-01,3.328733742237091064e-01,1.138175502419471741e-01,2.593520879745483398e-01,1.416164785623550415e-01,1.633496880531311035e-01,9.319811314344406128e-02,4.956804588437080383e-02,1.161591559648513794e-01,6.805749982595443726e-02,2.019058465957641602e-01,2.418780475854873657e-01,-1.973224878311157227e-01,-1.243338640779256821e-02,-1.424086332321166992e+00,-1.458377361297607422e+00,-1.495604872703552246e+00,-1.257804036140441895e+00
5.338493585586547852e-01,5.714308619499206543e-01,5.698959231376647949e-01,5.702514648437500000e-01,5.819376707077026367e-01,5.262135267257690430e-01,4.871975779533386230e-01,5.155092477798461914e-01,5.889121294021606445e-01,5.603871941566467285e-01,5.047551393508911133e-01,4.811707139015197754e-01,3.031173348426818848e-01,3.195449411869049072e-01,3.456407785415649414e-01,3.206036686897277832e-01,3.155462443828582764e-01,3.216380476951599121e-01,3.085395097732543945e-01,2.980819046497344971e-01,2.854993045330047607e-01,2.838313579559326172e-01,3.074131011962890625e-01,3.044912517070770264e-01,-8.206934481859207153e-02,-2.667030692100524902e-01,-2.819996774196624756e-01,-3.180390596389770508e-01,-3.342768549919128418e-01,-2.443673908710479736e-01,2.538970299065113068e-02,1.065399050712585449e-01,-1.254182308912277222e-01,-2.324930950999259949e-02,3.099046647548675537e-03,6.703072041273117065e-02,-1.191673040390014648e+00,-1.319398760795593262e+00,-1.413248658180236816e+00,-1.308144688606262207e+00
5.749656558036804199e-01,5.644159913063049316e-01,5.672081708908081055e-01,5.680876970291137695e-01,5.164886116981506348e-01,4.858194589614868164e-01,4.882070422172546387e-01,4.983263611793518066e-01,4.889420270919799805e-01,4.927971065044403076e-01,5.796438455581665039e-01,6.002935767173767090e-01,3.271536529064178467e-01,3.201003670692443848e-01,3.442012071609497070e-01,3.457548022270202637e-01,3.201415538787841797e-01,3.268852531909942627e-01,3.412689268589019775e-01,3.278165459632873535e-01,3.124965429306030273e-01,3.041617572307586670e-01,3.471074998378753662e-01,3.341377079486846924e-01,-2.573608756065368652e-01,-2.904129326343536377e-01,-2.062893509864807129e-01,-3.414571881294250488e-01,-1.669601798057556152e-01,-1.462012529373168945e-01,-4.240724444389343262e-02,-1.418206691741943359e-01,-1.109592691063880920e-01,-1.520802676677703857e-01,-3.497283160686492920e-01,-4.835013151168823242e-01,-1.365201592445373535e+00,-1.334601521492004395e+00,-1.477227449417114258e+00,-1.429956078529357910e+00
4.984679520130157471e-01,4.769680500030517578e-01,4.624021649360656738e-01,4.952071607112884521e-01,5.384615063667297363e-01,5.439022779464721680e-01,4.649227261543273926e-01,4.608890116214752197e-01,3.636544346809387207e-01,3.694685697555541992e-01,4.355474114418029785e-01,4.797126948833465576e-01,3.414325118064880371e-01,3.078838586807250977e-01,3.247596621513366699e-01,3.144401311874389648e-01,3.389117121696472168e-01,3.376564383506774902e-01,2.988365292549133301e-01,3.356611430644989014e-01,2.904601991176605225e-01,3.100844323635101318e-01,3.114532232284545898e-01,3.224757611751556396e-01,1.080997213721275330e-01,-3.184353187680244446e-02,1.552982777357101440e-01,-9.315091371536254883e-02,-2.158832848072052002e-01,-1.433971226215362549e-01,3.016164898872375488e-01,2.165251523256301880e-01,5.568532347679138184e-01,5.920720696449279785e-01,2.914534211158752441e-01,2.105617374181747437e-01,-1.418300271034240723e+00,-1.241111874580383301e+00,-1.252600908279418945e+00,-1.150042057037353516e+00
4.957799017429351807e-01,4.799312949180603027e-01,4.843927621841430664e-01,4.888792634010314941e-01,5.444903373718261719e-01,5.260504484176635742e-01,4.984610080718994141e-01,5.506097674369812012e-01,5.207120776176452637e-01,4.412792325019836426e-01,4.764541685581207275e-01,5.088471174240112305e-01,3.188386559486389160e-01,3.128261864185333252e-01,3.254579603672027588e-01,3.040389120578765869e-01,3.233461976051330566e-01,3.105616271495819092e-01,2.962503135204315186e-01,3.438186049461364746e-01,3.444339931011199951e-01,3.208160996437072754e-01,3.542754352092742920e-01,3.409142792224884033e-01,-3.231094405055046082e-02,9.058269858360290527e-02,1.596825271844863892e-01,8.353181928396224976e-02,-1.685529798269271851e-01,-2.061742842197418213e-01,-1.429173350334167480e-01,-1.952596902847290039e-01,-1.889293193817138672e-01,1.376351565122604370e-01,9.647683054208755493e-02,-6.717153638601303101e-02,-1.335202932357788086e+00,-1.305017113685607910e+00,-1.402770400047302246e+00,-1.206929564476013184e+00
6.084179878234863281e-01,6.130386590957641602e-01,5.604458451271057129e-01,5.818929672241210938e-01,5.658979415893554688e-01,5.605831146240234375e-01,4.998456835746765137e-01,5.119138360023498535e-01,5.035109519958496094e-01,5.101059675216674805e-01,5.799000263214111328e-01,6.164543032646179199e-01,2.858718931674957275e-01,3.201508224010467529e-01,2.957377135753631592e-01,3.018716275691986084e-01,3.161577284336090088e-01,3.317295908927917480e-01,3.084346950054168701e-01,2.902417480945587158e-01,2.983584105968475342e-01,3.154611587524414062e-01,3.252190351486206055e-01,3.060790300369262695e-01,-3.369311690330505371e-01,-3.844327628612518311e-01,-2.416793256998062134e-01,-2.792547941207885742e-01,-2.060889750719070435e-01,-2.388265579938888550e-01,-1.531538069248199463e-01,-2.566184103488922119e-01,-1.896592974662780762e-01,-5.400145053863525391e-02,-2.764715850353240967e-01,-3.943910002708435059e-01,-9.819357395172119141e-01,-1.234028697013854980e+00,-1.206850647926330566e+00,-1.193010926246643066e+00
5.201423764228820801e-01,5.734183192253112793e-01,5.899195075035095215e-01,6.024056077003479004e-01,6.096544861793518066e-01,6.122041940689086914e-01,6.290497183799743652e-01,6.847226023674011230e-01,5.989371538162231445e-01,5.249271392822265625e-01,5.634631514549255371e-01,5.661339163780212402e-01,3.199954628944396973e-01,3.301731646060943604e-01,3.086403608322143555e-01,3.397063016891479492e-01,3.002809882164001465e-01,2.715267241001129150e-01,2.616887986660003662e-01,2.490894496440887451e-01,2.584340870380401611e-01,2.856419086456298828e-01,3.002128899097442627e-01,2.912186682224273682e-01,-6.806386262178421021e-02,-2.897166013717651367e-01,-2.930969893932342529e-01,-2.792755365371704102e-01,-5.483289361000061035e-01,-4.895181655883789062e-01,-4.786283075809478760e-01,-7.196993231773376465e-01,-2.538821101188659668e-01,-8.280276507139205933e-02,-2.239295095205307007e-01,-2.044114023447036743e-01,-1.433029413223266602e+00,-1.325641632080078125e+00,-1.351237416267395020e+00,-1.448068141937255859e+00
6.236438155174255371e-01,5.764288306236267090e-01,5.180519223213195801e-01,5.232118368148803711e-01,5.916835069656372070e-01,5.902674198150634766e-01,5.360368490219116211e-01,5.876881480216979980e-01,6.098042130470275879e-01,5.587803125381469727e-01,5.664955973625183105e-01,5.914736390113830566e-01,2.736019492149353027e-01,2.756178975105285645e-01,3.077203631401062012e-01,2.835249006748199463e-01,2.998474836349487305e-01,2.922303080558776855e-01,2.619391381740570068e-01,2.508322298526763916e-01,2.563591599464416504e-01,2.621764540672302246e-01,2.964037358760833740e-01,2.907809019088745117e-01,-1.984628289937973022e-01,-2.335248291492462158e-01,5.262900143861770630e-02,-8.187756687402725220e-02,-2.138222903013229370e-01,-2.964008152484893799e-01,-1.307568103075027466e-01,-1.559726148843765259e-01,-3.537292778491973877e-01,-2.020972073078155518e-01,-1.793839782476425171e-01,-2.691431343555450439e-01,-1.031128048896789551e+00,-1.051314234733581543e+00,-1.397767901420593262e+00,-1.073351263999938965e+00
5.424403548240661621e-01,5.693346858024597168e-01,5.741543173789978027e-01,5.863381624221801758e-01,5.717353820800781250e-01,5.408276915550231934e-01,5.203948616981506348e-01,5.651053190231323242e-01,5.789577364921569824e-01,5.792606472969055176e-01,5.945232510566711426e-01,5.819090008735656738e-01,3.314899802207946777e-01,3.393948674201965332e-01,3.363860845565795898e-01,3.237404823303222656e-01,2.976553142070770264e-01,3.056347668170928955e-01,2.772508561611175537e-01,3.004613518714904785e-01,2.911912798881530762e-01,2.989932000637054443e-01,3.281607031822204590e-01,3.361575901508331299e-01,-1.257498860359191895e-01,-2.643117308616638184e-01,-2.434081733226776123e-01,-2.970311045646667480e-01,-1.989658474922180176e-01,-1.715952157974243164e-01,-2.351738810539245605e-01,-4.406843781471252441e-01,-4.734135568141937256e-01,-3.348112106323242188e-01,-3.210980296134948730e-01,-3.462042212486267090e-01,-1.477877378463745117e+00,-1.472384691238403320e+00,-1.366265058517456055e+00,-1.302910447120666504e+00
4.409004151821136475e-01,5.209116339683532715e-01,5.634618997573852539e-01,4.754725992679595947e-01,5.142124295234680176e-01,5.434915423393249512e-01,5.433812737464904785e-01,5.131037831306457520e-01,4.310496449470520020e-01,4.170066416263580322e-01,5.219993591308593750e-01,4.882010817527770996e-01,2.998040020465850830e-01,3.215625286102294922e-01,3.479666411876678467e-01,3.036231398582458496e-01,3.079609274864196777e-01,3.164818286895751953e-01,3.029359877109527588e-01,3.122331798076629639e-01,2.991013526916503906e-01,2.875274717807769775e-01,3.136887252330780029e-01,3.185220658779144287e-01,1.881481409072875977e-01,-5.345822498202323914e-02,-1.419558376073837280e-01,1.038731783628463745e-01,-1.561592668294906616e-01,-1.440605670213699341e-01,-1.265482008457183838e-01,5.989034101366996765e-02,2.892206907272338867e-01,2.608944475650787354e-01,-6.449127197265625000e-02,1.378626078367233276e-01,-1.207045555114746094e+00,-1.303303122520446777e+00,-1.394700765609741211e+00,-1.069310069084167480e+00
5.483833551406860352e-01,5.679231286048889160e-01,5.590472817420959473e-01,4.893181025981903076e-01,4.524739682674407959e-01,4.586341083049774170e-01,4.828743934631347656e-01,5.719718337059020996e-01,5.732291340827941895e-01,5.602158904075622559e-01,6.134478449821472168e-01,5.628823041915893555e-01,3.272680938243865967e-01,3.006674349308013916e-01,2.990095913410186768e-01,3.204332590103149414e-01,2.754539549350738525e-01,2.680988609790802002e-01,2.751842141151428223e-01,3.331099748611450195e-01,3.312953412532806396e-01,3.223182559013366699e-01,3.099648058414459229e-01,3.010032773017883301e-01,-1.793017089366912842e-01,-2.268866151571273804e-01,-1.416669636964797974e-01,1.735495179891586304e-01,1.734953187406063080e-02,-4.835087060928344727e-02,-2.032382935285568237e-01,-3.561830520629882812e-01,-3.544626235961914062e-01,-2.061029076576232910e-01,-4.750519692897796631e-01,-2.386740893125534058e-01,-1.320766925811767578e+00,-1.243279933929443359e+00,-1.183234333992004395e+00,-1.353759527206420898e+00
4.976399242877960205e-01,5.857918858528137207e-01,5.783519148826599121e-01,5.595617890357971191e-01,5.343675613403320312e-01,5.566024184226989746e-01,5.590820908546447754e-01,5.648436546325683594e-01,5.210263133049011230e-01,5.199872255325317383e-01,5.359786748886108398e-01,4.678196012973785400e-01,3.116467595100402832e-01,3.151179254055023193e-01,3.287302553653717041e-01,3.368593752384185791e-01,2.759782671928405762e-01,2.935263514518737793e-01,3.040104210376739502e-01,2.983358502388000488e-01,2.877674698829650879e-01,2.947114408016204834e-01,3.005623817443847656e-01,3.016836345195770264e-01,9.197406470775604248e-02,-2.349798530340194702e-01,-2.128480225801467896e-01,-1.780868619680404663e-01,-1.293304711580276489e-01,-7.843068987131118774e-02,-3.462577462196350098e-01,-2.045131027698516846e-01,-6.861586123704910278e-02,3.475819947198033333e-03,-4.793590679764747620e-02,3.120240271091461182e-01,-1.318107247352600098e+00,-1.268035411834716797e+00,-1.442582488059997559e+00,-1.433551311492919922e+00
5.861094594001770020e-01,5.739954710006713867e-01,6.126438975334167480e-01,6.442676186561584473e-01,5.618523359298706055e-01,5.712456107139587402e-01,6.202615499496459961e-01,6.233336329460144043e-01,6.001914739608764648e-01,5.804579257965087891e-01,5.959899425506591797e-01,5.595584511756896973e-01,3.392660319805145264e-01,3.269189298152923584e-01,3.216930627822875977e-01,2.825483679771423340e-01,2.945139408111572266e-01,2.987588942050933838e-01,2.758068144321441650e-01,2.554438114166259766e-01,2.904953360557556152e-01,2.983009815216064453e-01,3.192909955978393555e-01,3.275486528873443604e-01,-3.374264538288116455e-01,-3.113909661769866943e-01,-4.681672453880310059e-01,-5.010632276535034180e-01,-3.829000890254974365e-01,-3.545125126838684082e-01,-5.745496749877929688e-01,-5.432854294776916504e-01,-3.683280050754547119e-01,-2.070296257734298706e-01,-3.464682102203369141e-01,-1.503655910491943359e-01,-1.379529118537902832e+00,-1.362471699714660645e+00,-1.195933461189270020e+00,-7.589221000671386719e-01
6.550446152687072754e-01,6.107409000396728516e-01,5.685788393020629883e-01,5.723113417625427246e-01,5.553722977638244629e-01,5.292927622795104980e-01,5.870646834373474121e-01,6.383550167083740234e-01,6.429176926612854004e-01,6.064223647117614746e-01,6.101093292236328125e-01,6.040386557579040527e-01,2.964401841163635254e-01,2.912878394126892090e-01,3.286460041999816895e-01,3.006696999073028564e-01,2.891845703125000000e-01,2.856634855270385742e-01,3.024912178516387939e-01,2.900459170341491699e-01,2.755072116851806641e-01,2.625224292278289795e-01,2.962900102138519287e-01,2.947128415107727051e-01,-5.833106637001037598e-01,-5.196664333343505859e-01,-2.115506082773208618e-01,-3.850320279598236084e-01,-4.015432894229888916e-01,-3.475646376609802246e-01,-3.903827667236328125e-01,-5.983145236968994141e-01,-5.337480306625366211e-01,-3.496977388858795166e-01,-4.210103154182434082e-01,-3.173894882202148438e-01,-8.557686805725097656e-01,-8.887686729431152344e-01,-1.344647645950317383e+00,-1.144129872322082520e+00
5.813901424407958984e-01,5.616914629936218262e-01,5.705003738403320312e-01,5.581977367401123047e-01,5.973354578018188477e-01,6.087099313735961914e-01,4.709022939205169678e-01,4.382057189941406250e-01,4.857996106147766113e-01,5.120252966880798340e-01,5.815952420234680176e-01,6.399443745613098145e-01,3.270895183086395264e-01,3.300306499004364014e-01,3.253998458385467529e-01,3.119446039199829102e-01,3.153655827045440674e-01,3.221457004547119141e-01,2.937899827957153320e-01,2.919649481773376465e-01,3.062431514263153076e-01,3.034464716911315918e-01,3.007105290889739990e-01,2.841142416000366211e-01,-1.907480955123901367e-01,-1.921023130416870117e-01,-1.362206190824508667e-01,-2.195710092782974243e-01,-4.201979637145996094e-01,-4.310102462768554688e-01,-7.916736602783203125e-02,1.043129712343215942e-01,-3.002905100584030151e-02,-4.023187234997749329e-02,-2.628796696662902832e-01,-5.327821969985961914e-01,-1.385409474372863770e+00,-1.322291612625122070e+00,-1.262209773063659668e+00,-1.169879436492919922e+00
6.345710754394531250e-01,7.200751900672912598e-01,6.780476570129394531e-01,6.069835424423217773e-01,5.599830746650695801e-01,5.114782452583312988e-01,5.382658243179321289e-01,6.143042445182800293e-01,5.474689006805419922e-01,5.481006503105163574e-01,5.774004459381103516e-01,5.919548273086547852e-01,3.031492531299591064e-01,2.804966270923614502e-01,2.721046209335327148e-01,3.001047670841217041e-01,2.966942787170410156e-01,2.853626608848571777e-01,2.781977653503417969e-01,3.168365657329559326e-01,3.142513334751129150e-01,3.289831578731536865e-01,3.103497326374053955e-01,3.057317435741424561e-01,-6.180422306060791016e-01,-9.487703442573547363e-01,-7.146226167678833008e-01,-3.888048529624938965e-01,-4.425930380821228027e-01,-3.113272786140441895e-01,-3.054027259349822998e-01,-5.490006208419799805e-01,-2.692099213600158691e-01,-2.105136066675186157e-01,-3.750072419643402100e-01,-5.020153522491455078e-01,-7.708561420440673828e-01,-3.122465610504150391e-01,-5.953648090362548828e-01,-1.030789256095886230e+00
6.293135881423950195e-01,5.976706743240356445e-01,5.216659903526306152e-01,5.133490562438964844e-01,4.988628029823303223e-01,4.939553141593933105e-01,4.229234457015991211e-01,4.375729262828826904e-01,4.681069850921630859e-01,4.698092341423034668e-01,4.981271922588348389e-01,5.954848527908325195e-01,2.962150573730468750e-01,2.937681674957275391e-01,3.136349022388458252e-01,3.463619351387023926e-01,3.102698624134063721e-01,3.123082220554351807e-01,3.068946301937103271e-01,3.075166344642639160e-01,3.043295145034790039e-01,3.207958936691284180e-01,3.308275640010833740e-01,3.466009199619293213e-01,-4.359777867794036865e-01,-2.394980937242507935e-01,1.330462191253900528e-02,4.151826433371752501e-04,1.172912120819091797e-01,6.345216184854507446e-02,3.905546069145202637e-01,2.100011259317398071e-01,1.461401730775833130e-01,7.254897803068161011e-02,-9.339662641286849976e-02,-2.984826862812042236e-01,-1.067255496978759766e+00,-1.126776337623596191e+00,-1.351985692977905273e+00,-1.540134072303771973e+00
4.893459677696228027e-01,5.381459593772888184e-01,5.112045407295227051e-01,5.323667526245117188e-01,5.154702067375183105e-01,5.215976238250732422e-01,4.857549369335174561e-01,5.281876921653747559e-01,4.996998012065887451e-01,4.702925384044647217e-01,4.666252136230468750e-01,4.571889042854309082e-01,3.057838678359985352e-01,3.135801851749420166e-01,3.134348392486572266e-01,3.155346810817718506e-01,3.003095686435699463e-01,3.424469232559204102e-01,3.045909404754638672e-01,3.372614085674285889e-01,3.385759890079498291e-01,3.359575569629669189e-01,3.023168146610260010e-01,2.956230640411376953e-01,1.651266813278198242e-01,-4.546509310603141785e-02,1.313107609748840332e-01,-1.037733256816864014e-01,-1.133202910423278809e-01,-3.767634928226470947e-02,-5.890868604183197021e-02,-1.237214580178260803e-01,-2.307298965752124786e-02,1.410435438156127930e-01,1.522689759731292725e-01,1.988707482814788818e-01,-1.174987435340881348e+00,-1.260384440422058105e+00,-1.229245662689208984e+00,-1.247934460639953613e+00
3.036402761936187744e-01,3.160440027713775635e-01,3.372365236282348633e-01,4.343448877334594727e-01,4.927190542221069336e-01,4.704657793045043945e-01,4.245564639568328857e-01,4.729755222797393799e-01,5.157748460769653320e-01,4.024618864059448242e-01,3.932283222675323486e-01,3.640697002410888672e-01,2.702067494392395020e-01,2.575362622737884521e-01,2.511043548583984375e-01,3.017232120037078857e-01,3.368282020092010498e-01,3.628655672073364258e-01,2.989321351051330566e-01,3.057287037372589111e-01,3.569330573081970215e-01,3.079655468463897705e-01,3.275655806064605713e-01,3.094454407691955566e-01,7.775443792343139648e-01,8.185611367225646973e-01,9.577932357788085938e-01,5.542326569557189941e-01,1.333336234092712402e-01,2.415665090084075928e-01,2.598818242549896240e-01,9.365790337324142456e-02,1.907058618962764740e-02,3.797737956047058105e-01,4.636811017990112305e-01,5.553930997848510742e-01,-2.692213058471679688e-01,-5.391359329223632812e-02,3.788201808929443359e-01,-7.965302467346191406e-01
4.191599488258361816e-01,4.198284149169921875e-01,3.526014387607574463e-01,3.825077712535858154e-01,5.545211434364318848e-01,5.427520275115966797e-01,3.973930776119232178e-01,4.230445623397827148e-01,3.786258399486541748e-01,3.884114921092987061e-01,3.544807732105255127e-01,3.559477925300598145e-01,3.047269880771636963e-01,3.048083484172821045e-01,2.727608978748321533e-01,2.687288224697113037e-01,3.635107874870300293e-01,3.973373174667358398e-01,2.869026958942413330e-01,2.954151034355163574e-01,2.755595147609710693e-01,3.015044927597045898e-01,2.979413270950317383e-01,2.706599235534667969e-01,7.321729660034179688e-01,7.435928583145141602e-01,1.101206541061401367e+00,5.226984620094299316e-01,-2.653025090694427490e-01,-1.155234798789024353e-01,1.719280630350112915e-01,4.151399135589599609e-01,5.276226997375488281e-01,5.571618676185607910e-01,5.930227637290954590e-01,8.339860439300537109e-01,-6.760745048522949219e-01,-7.209372520446777344e-01,2.623145580291748047e-01,-4.332504272460937500e-01
6.214462518692016602e-01,6.386851072311401367e-01,6.104980111122131348e-01,6.557439565658569336e-01,5.919901132583618164e-01,5.081436038017272949e-01,5.225476622581481934e-01,5.602319240570068359e-01,6.377098560333251953e-01,6.872915625572204590e-01,6.271176338195800781e-01,6.176569461822509766e-01,2.880373001098632812e-01,3.035485148429870605e-01,3.299752771854400635e-01,3.327126502990722656e-01,3.030331730842590332e-01,2.907576262950897217e-01,3.011867702007293701e-01,3.050810694694519043e-01,2.969449758529663086e-01,2.660664319992065430e-01,2.827094793319702148e-01,2.879489958286285400e-01,-5.757935047149658203e-01,-6.017414331436157227e-01,-4.928318560123443604e-01,-6.640751361846923828e-01,-3.880722820758819580e-01,-1.941155642271041870e-01,-1.425558477640151978e-01,-3.149168491363525391e-01,-6.154770255088806152e-01,-9.426118731498718262e-01,-4.266257882118225098e-01,-5.800235867500305176e-01,-8.404846191406250000e-01,-8.773527145385742188e-01,-1.268041968345642090e+00,-1.027743458747863770e+00
5.830586552619934082e-01,5.965316891670227051e-01,5.714152455329895020e-01,6.105301380157470703e-01,5.651867985725402832e-01,5.659083127975463867e-01,5.461578965187072754e-01,5.606941580772399902e-01,5.155188441276550293e-01,5.361197590827941895e-01,5.471282005310058594e-01,5.396487712860107422e-01,3.323727846145629883e-01,3.230540156364440918e-01,3.272268474102020264e-01,3.478826582431793213e-01,3.100466728210449219e-01,3.173481822013854980e-01,3.047562241554260254e-01,3.149748444557189941e-01,2.995139062404632568e-01,3.178425133228302002e-01,3.135634064674377441e-01,3.341917693614959717e-01,-4.424444735050201416e-01,-4.446656703948974609e-01,-3.433708250522613525e-01,-4.261156022548675537e-01,-2.280357629060745239e-01,-3.636168539524078369e-01,-3.928870558738708496e-01,-2.644380927085876465e-01,-1.736399829387664795e-01,-1.556387245655059814e-01,-2.600722312927246094e-01,-2.144780755043029785e-01,-1.241716861724853516e+00,-1.161872386932373047e+00,-1.323913574218750000e+00,-1.400731563568115234e+00
4.017025828361511230e-01,4.354150295257568359e-01,4.957634806632995605e-01,4.883936941623687744e-01,4.657884538173675537e-01,5.367450118064880371e-01,4.786366224288940430e-01,4.969478249549865723e-01,5.040326118469238281e-01,4.977254569530487061e-01,5.132178664207458496e-01,4.939264953136444092e-01,3.198455274105072021e-01,3.291291892528533936e-01,3.173265457153320312e-01,3.235048353672027588e-01,3.240289688110351562e-01,3.771436810493469238e-01,3.254574239253997803e-01,3.312659859657287598e-01,2.994325757026672363e-01,2.927103638648986816e-01,3.221009373664855957e-01,3.484080433845520020e-01,3.981708884239196777e-01,2.913151979446411133e-01,6.903535127639770508e-02,8.572921901941299438e-02,-2.170526050031185150e-02,-1.495282649993896484e-01,-1.714703291654586792e-01,2.979176118969917297e-02,-1.313131302595138550e-03,-6.639859639108181000e-04,-4.128532949835062027e-03,4.783103987574577332e-02,-1.067139625549316406e+00,-1.183134317398071289e+00,-1.065531015396118164e+00,-1.109534621238708496e+00
5.905809402465820312e-01,5.179917216300964355e-01,5.063522458076477051e-01,5.220542550086975098e-01,5.370809435844421387e-01,4.941011667251586914e-01,5.006269812583923340e-01,5.371099114418029785e-01,5.568535923957824707e-01,6.356465220451354980e-01,6.590144038200378418e-01,6.200776696205139160e-01,2.976433634757995605e-01,2.982994616031646729e-01,3.525246083736419678e-01,3.443613052368164062e-01,3.126448988914489746e-01,3.090977072715759277e-01,3.289222121238708496e-01,3.205400407314300537e-01,3.231466710567474365e-01,3.208817541599273682e-01,2.862299680709838867e-01,2.687534093856811523e-01,-3.357096016407012939e-01,-1.123173534870147705e-01,-4.239691793918609619e-02,-1.712696701288223267e-01,-2.961267232894897461e-01,-1.160993725061416626e-01,2.914711087942123413e-02,-1.458340585231781006e-01,-3.242157697677612305e-01,-7.611905932426452637e-01,-8.213697671890258789e-01,-3.539706766605377197e-01,-9.691476821899414062e-01,-1.278775811195373535e+00,-1.540052890777587891e+00,-1.380219697952270508e+00
5.277180075645446777e-01,5.420325994491577148e-01,5.665836930274963379e-01,5.568325519561767578e-01,5.307764410972595215e-01,5.167055130004882812e-01,5.171041488647460938e-01,5.691885352134704590e-01,5.940470099449157715e-01,6.205875873565673828e-01,6.032232046127319336e-01,6.073698401451110840e-01,3.145308792591094971e-01,3.174400329589843750e-01,3.412865996360778809e-01,3.302542865276336670e-01,2.757563591003417969e-01,2.860505282878875732e-01,3.086258172988891602e-01,3.332303762435913086e-01,2.963549792766571045e-01,2.916082143783569336e-01,2.776910364627838135e-01,3.265636265277862549e-01,-1.364133059978485107e-01,-1.918162405490875244e-01,-2.905995845794677734e-01,-2.382647097110748291e-01,-2.190060317516326904e-01,-1.093483716249465942e-01,-1.635143458843231201e-01,-3.203956186771392822e-01,-5.221349596977233887e-01,-4.443475902080535889e-01,-3.244615793228149414e-01,-3.855773210525512695e-01,-1.458669185638427734e+00,-1.307122826576232910e+00,-1.373444080352783203e+00,-1.382579922676086426e+00
6.356849670410156250e-01,6.447058320045471191e-01,5.812130570411682129e-01,5.954986214637756348e-01,5.853207707405090332e-01,5.324217081069946289e-01,5.213797688484191895e-01,5.799568891525268555e-01,6.394368410110473633e-01,6.400141119956970215e-01,5.635221600532531738e-01,5.635116696357727051e-01,2.724168896675109863e-01,2.679404020309448242e-01,2.791839838027954102e-01,2.997263669967651367e-01,2.815486788749694824e-01,3.070106208324432373e-01,3.141734600067138672e-01,2.881064116954803467e-01,2.776520848274230957e-01,3.194833695888519287e-01,3.196757137775421143e-01,3.120554983615875244e-01,-5.739495754241943359e-01,-5.681508779525756836e-01,-4.168771505355834961e-01,-3.779411315917968750e-01,-3.682196140289306641e-01,-2.962793111801147461e-01,-2.264824956655502319e-01,-3.830836713314056396e-01,-5.654888749122619629e-01,-4.755266308784484863e-01,-2.925942242145538330e-01,-2.696962356567382812e-01,-7.073884010314941406e-01,-6.541402339935302734e-01,-9.746119976043701172e-01,-1.077416539192199707e+00
5.599573850631713867e-01,5.563214421272277832e-01,5.331116914749145508e-01,5.993242263793945312e-01,5.606102943420410156e-01,5.483916997909545898e-01,5.763972997665405273e-01,6.326717734336853027e-01,6.049469709396362305e-01,5.495414733886718750e-01,5.378871560096740723e-01,5.306466817855834961e-01,3.030774593353271484e-01,3.211527466773986816e-01,3.085449039936065674e-01,3.259356319904327393e-01,2.911145091056823730e-01,2.811062932014465332e-01,2.685186266899108887e-01,2.678416669368743896e-01,2.784592807292938232e-01,2.948090136051177979e-01,3.013137876987457275e-01,2.891788184642791748e-01,-1.573225855827331543e-01,-1.314826607704162598e-01,-1.179627329111099243e-01,-3.939639925956726074e-01,-2.453659921884536743e-01,-2.139445692300796509e-01,-2.627467811107635498e-01,-3.677811920642852783e-01,-2.576380968093872070e-01,-1.646059751510620117e-01,5.416300892829895020e-02,-1.695224456489086151e-02,-1.191404819488525391e+00,-1.374882936477661133e+00,-1.265636920928955078e+00,-1.200333952903747559e+00
6.099840998649597168e-01,6.404249668121337891e-01,5.713335275650024414e-01,5.627241730690002441e-01,5.891393423080444336e-01,5.964922308921813965e-01,5.158347487449645996e-01,5.297948122024536133e-01,5.438230633735656738e-01,5.195791721343994141e-01,5.324215888977050781e-01,5.996956229209899902e-01,3.014980554580688477e-01,2.840433120727539062e-01,2.707693576812744141e-01,3.029620945453643799e-01,2.778514921665191650e-01,3.130487501621246338e-01,3.264667391777038574e-01,3.348924219608306885e-01,3.141794204711914062e-01,3.019105792045593262e-01,3.026779890060424805e-01,3.217569887638092041e-01,-2.757629752159118652e-01,-4.170306026935577393e-01,-2.652061283588409424e-01,-2.524028420448303223e-01,-4.420793056488037109e-01,-5.057861804962158203e-01,-2.390470057725906372e-01,-2.001506835222244263e-01,-2.382150143384933472e-01,-1.765526682138442993e-01,-1.699958443641662598e-01,-3.607356548309326172e-01,-1.309902906417846680e+00,-9.034988880157470703e-01,-9.015097618103027344e-01,-1.157144665718078613e+00
4.198993146419525146e-01,4.335421919822692871e-01,4.137577414512634277e-01,4.542553126811981201e-01,4.915642738342285156e-01,5.584874153137207031e-01,4.899706542491912842e-01,5.252381563186645508e-01,5.236760973930358887e-01,4.490142464637756348e-01,4.654358923435211182e-01,4.405721724033355713e-01,3.017161190509796143e-01,3.224717080593109131e-01,3.168379366397857666e-01,3.374961018562316895e-01,2.935782968997955322e-01,3.346527516841888428e-01,2.837335765361785889e-01,3.211482763290405273e-01,3.034971058368682861e-01,2.723157405853271484e-01,3.427283167839050293e-01,3.325971662998199463e-01,4.129450917243957520e-01,4.666004478931427002e-01,4.514098465442657471e-01,3.340456485748291016e-01,1.648496650159358978e-02,-1.862045824527740479e-01,-9.881354123353958130e-02,1.162951812148094177e-02,-8.014554530382156372e-02,1.694197356700897217e-01,1.824370324611663818e-01,1.948693245649337769e-01,-1.006533980369567871e+00,-1.022287845611572266e+00,-1.151938438415527344e+00,-1.317902445793151855e+00
6.401475667953491211e-01,6.389495134353637695e-01,6.579606533050537109e-01,6.691088080406188965e-01,6.218789815902709961e-01,5.666387677192687988e-01,5.293081402778625488e-01,5.910969376564025879e-01,5.962046384811401367e-01,5.561887621879577637e-01,6.035569906234741211e-01,6.347541809082031250e-01,2.892539799213409424e-01,2.856589853763580322e-01,2.961620986461639404e-01,3.070354461669921875e-01,2.981955111026763916e-01,2.982743084430694580e-01,2.655438780784606934e-01,2.344861030578613281e-01,2.510611712932586670e-01,2.778342962265014648e-01,3.074128329753875732e-01,2.967314720153808594e-01,-4.272654950618743896e-01,-5.889114737510681152e-01,-7.074422240257263184e-01,-7.561508417129516602e-01,-6.465090513229370117e-01,-3.303309977054595947e-01,-3.312703371047973633e-01,-4.332566261291503906e-01,-3.941663503646850586e-01,-2.721096277236938477e-01,-4.664507508277893066e-01,-4.695973396301269531e-01,-1.150271773338317871e+00,-9.439888000488281250e-01,-6.908092498779296875e-01,-7.171068191528320312e-01
5.924805998802185059e-01,5.918088555335998535e-01,5.331364870071411133e-01,5.469847321510314941e-01,5.949627757072448730e-01,6.109826564788818359e-01,5.620176196098327637e-01,5.951054096221923828e-01,6.168489456176757812e-01,6.204972863197326660e-01,5.590681433677673340e-01,5.679763555526733398e-01,3.299647867679595947e-01,3.359008133411407471e-01,3.306127190589904785e-01,3.360218703746795654e-01,3.248611688613891602e-01,3.264340460300445557e-01,2.970840334892272949e-01,2.713221311569213867e-01,2.573896944522857666e-01,2.748850584030151367e-01,2.715981006622314453e-01,3.261615037918090820e-01,-5.915779471397399902e-01,-4.228190183639526367e-01,-2.965341806411743164e-01,-2.115160077810287476e-01,-5.288043618202209473e-01,-5.671725869178771973e-01,-5.587096810340881348e-01,-4.521431326866149902e-01,-4.874090552330017090e-01,-4.624188840389251709e-01,-3.067391514778137207e-01,-4.671813547611236572e-01,-9.963572025299072266e-01,-1.181095957756042480e+00,-1.399308204650878906e+00,-1.341979026794433594e+00
4.249856173992156982e-01,4.509581029415130615e-01,4.962177574634552002e-01,5.177306532859802246e-01,5.278263092041015625e-01,5.492630004882812500e-01,5.149553418159484863e-01,5.373731255531311035e-01,5.541708469390869141e-01,5.106582045555114746e-01,4.826997518539428711e-01,5.049935579299926758e-01,2.995176315307617188e-01,3.183705508708953857e-01,3.295655548572540283e-01,3.326389193534851074e-01,3.123039901256561279e-01,3.382445573806762695e-01,3.147155046463012695e-01,3.360826075077056885e-01,3.485808372497558594e-01,3.041691482067108154e-01,2.816088497638702393e-01,3.261524140834808350e-01,2.374359518289566040e-01,1.410823762416839600e-01,-2.292714081704616547e-02,-2.269299700856208801e-02,-2.379073202610015869e-01,-2.127368897199630737e-01,-1.513396650552749634e-01,-1.296855807304382324e-01,-1.811583787202835083e-01,-3.830975666642189026e-02,1.431805491447448730e-01,8.614064007997512817e-02,-1.290355920791625977e+00,-1.231536030769348145e+00,-1.301831245422363281e+00,-1.350570082664489746e+00
5.669801235198974609e-01,5.720322132110595703e-01,5.132882595062255859e-01,5.085347890853881836e-01,4.902701079845428467e-01,5.223214030265808105e-01,4.956094026565551758e-01,5.495877265930175781e-01,5.873885750770568848e-01,5.899301767349243164e-01,6.036509871482849121e-01,5.744916796684265137e-01,3.188880085945129395e-01,3.203229010105133057e-01,3.343852162361145020e-01,3.501099944114685059e-01,2.985503673553466797e-01,3.077167868614196777e-01,2.999743521213531494e-01,3.252032101154327393e-01,3.178826570510864258e-01,3.290987610816955566e-01,3.314391076564788818e-01,3.300034105777740479e-01,-1.572864800691604614e-01,-1.592572778463363647e-01,-8.916632086038589478e-02,-3.397170454263687134e-02,-1.732551455497741699e-01,-1.726954877376556396e-01,-1.434689611196517944e-01,-3.019972741603851318e-01,-3.782158195972442627e-01,-4.912487864494323730e-01,-5.277459621429443359e-01,-3.115752041339874268e-01,-1.469937443733215332e+00,-1.356742024421691895e+00,-1.479087591171264648e+00,-1.472418904304504395e+00
6.322496533393859863e-01,6.630633473396301270e-01,6.046900749206542969e-01,5.624725818634033203e-01,5.242856144905090332e-01,4.283754229545593262e-01,4.083335995674133301e-01,4.685630202293395996e-01,5.189845561981201172e-01,5.319871902465820312e-01,5.851027965545654297e-01,6.184989213943481445e-01,3.046458959579467773e-01,3.099814653396606445e-01,2.964373230934143066e-01,3.385370671749114990e-01,3.357022404670715332e-01,2.870073020458221436e-01,2.916952967643737793e-01,2.989036738872528076e-01,3.291619718074798584e-01,3.155605792999267578e-01,3.045993447303771973e-01,3.126097917556762695e-01,-6.284119486808776855e-01,-6.637012958526611328e-01,-3.948844373226165771e-01,-1.523991823196411133e-01,-1.869074441492557526e-02,9.226149320602416992e-02,1.259920150041580200e-01,3.593293577432632446e-02,-6.138934567570686340e-02,-7.668802142143249512e-02,-3.644683063030242920e-01,-4.323585331439971924e-01,-8.467659950256347656e-01,-8.733887672424316406e-01,-9.926657676696777344e-01,-1.434353113174438477e+00
4.687358736991882324e-01,5.381059050559997559e-01,5.607042312622070312e-01,5.510161519050598145e-01,4.960600733757019043e-01,5.033491253852844238e-01,5.679513812065124512e-01,5.142800807952880859e-01,4.455436766147613525e-01,4.547854065895080566e-01,5.290477871894836426e-01,4.749684631824493408e-01,3.145531117916107178e-01,3.218145668506622314e-01,3.061138391494750977e-01,3.110299110412597656e-01,2.767640352249145508e-01,3.077430725097656250e-01,3.420565128326416016e-01,3.043394386768341064e-01,3.034856021404266357e-01,2.835739254951477051e-01,3.266762495040893555e-01,3.310342729091644287e-01,8.085799217224121094e-02,-5.771171301603317261e-02,-2.773242294788360596e-01,-2.798573076725006104e-01,-1.426780074834823608e-01,5.065355822443962097e-02,-2.089770585298538208e-01,-5.491752177476882935e-02,2.778336107730865479e-01,2.030576169490814209e-01,-3.738862276077270508e-02,1.445775181055068970e-01,-1.302753567695617676e+00,-1.245639204978942871e+00,-1.033091306686401367e+00,-1.109596014022827148e+00
3.331701457500457764e-01,3.992383480072021484e-01,3.795877695083618164e-01,3.240621387958526611e-01,4.604294002056121826e-01,5.429700613021850586e-01,3.626066446304321289e-01,2.909763157367706299e-01,3.467601537704467773e-01,3.495139777660369873e-01,3.747691512107849121e-01,3.707126379013061523e-01,2.565603554248809814e-01,3.112123906612396240e-01,2.956236600875854492e-01,2.309513241052627563e-01,3.229243159294128418e-01,3.882186710834503174e-01,2.960940599441528320e-01,2.791209220886230469e-01,3.139786124229431152e-01,2.818194925785064697e-01,3.011346459388732910e-01,2.722718417644500732e-01,1.094856739044189453e+00,7.205486893653869629e-01,7.407804131507873535e-01,7.984143495559692383e-01,1.017767265439033508e-01,-9.180918335914611816e-02,6.063884496688842773e-01,1.123794913291931152e+00,9.013712406158447266e-01,8.245337605476379395e-01,8.459488153457641602e-01,7.382401823997497559e-01,7.092590332031250000e-01,-5.858356952667236328e-01,-3.984034061431884766e-01,2.815513610839843750e-01
3.566667139530181885e-01,4.001873135566711426e-01,4.041365981101989746e-01,4.125543832778930664e-01,5.364998579025268555e-01,6.135491728782653809e-01,4.522300064563751221e-01,4.630765318870544434e-01,4.946849942207336426e-01,4.239829778671264648e-01,3.723566234111785889e-01,3.805017173290252686e-01,2.631538212299346924e-01,2.755232453346252441e-01,3.029629290103912354e-01,2.816421687602996826e-01,3.213104903697967529e-01,3.593485355377197266e-01,2.900127470493316650e-01,3.056274354457855225e-01,3.054279685020446777e-01,2.792794704437255859e-01,2.402701228857040405e-01,2.583325505256652832e-01,9.080199003219604492e-01,6.988178491592407227e-01,7.747682929039001465e-01,5.277950763702392578e-01,-7.937178760766983032e-02,-3.933773636817932129e-01,1.405929625034332275e-01,2.314116358757019043e-01,1.355419009923934937e-01,5.444524884223937988e-01,7.570633888244628906e-01,7.456169724464416504e-01,1.414780616760253906e-01,-3.853759765625000000e-01,-5.612773895263671875e-01,-6.322989463806152344e-01
5.402643084526062012e-01,5.578123927116394043e-01,5.294902324676513672e-01,4.846562743186950684e-01,4.999016821384429932e-01,5.170616507530212402e-01,4.961102306842803955e-01,5.894530415534973145e-01,6.566190123558044434e-01,6.348049044609069824e-01,5.486451983451843262e-01,5.456193089485168457e-01,2.977277338504791260e-01,2.856176793575286865e-01,2.946062386035919189e-01,3.243672549724578857e-01,3.144173324108123779e-01,3.220356702804565430e-01,3.074122369289398193e-01,3.279700875282287598e-01,2.907138466835021973e-01,2.771915793418884277e-01,2.723168432712554932e-01,3.010422587394714355e-01,-1.089595928788185120e-01,-2.577809393405914307e-01,-1.809827685356140137e-01,1.689390242099761963e-01,-4.685751721262931824e-02,-6.476724892854690552e-02,-1.610853672027587891e-01,-3.818332254886627197e-01,-7.300509214401245117e-01,-4.741350412368774414e-01,-2.581031024456024170e-01,-1.881518065929412842e-01,-1.134831428527832031e+00,-8.932540416717529297e-01,-1.141672849655151367e+00,-1.295296669006347656e+00
4.909244179725646973e-01,5.652488470077514648e-01,5.532247424125671387e-01,5.040176510810852051e-01,4.880230724811553955e-01,4.532884061336517334e-01,4.432498514652252197e-01,5.269588232040405273e-01,5.286660194396972656e-01,4.910291731357574463e-01,5.169041156768798828e-01,5.098785161972045898e-01,3.079638779163360596e-01,3.119801282882690430e-01,2.843335270881652832e-01,2.996060550212860107e-01,3.159079253673553467e-01,3.007115721702575684e-01,2.847127914428710938e-01,3.359246850013732910e-01,3.202692568302154541e-01,2.911114692687988281e-01,3.268704712390899658e-01,3.320711255073547363e-01,8.076427131891250610e-02,-7.929147779941558838e-02,-1.039563864469528198e-01,2.116535902023315430e-01,7.008425146341323853e-02,4.921222478151321411e-02,3.929705917835235596e-02,-1.072137132287025452e-01,-1.519486457109451294e-01,8.015953749418258667e-02,-2.919786842539906502e-03,-5.021076276898384094e-02,-1.140259027481079102e+00,-1.137010812759399414e+00,-8.389561176300048828e-01,-1.005799293518066406e+00
5.422452092170715332e-01,5.874589681625366211e-01,6.191291213035583496e-01,6.097820997238159180e-01,5.552566647529602051e-01,5.411896109580993652e-01,4.967994391918182373e-01,5.201506018638610840e-01,5.134364962577819824e-01,4.881017804145812988e-01,5.683187246322631836e-01,6.375678777694702148e-01,2.875920236110687256e-01,3.138943016529083252e-01,3.101126849651336670e-01,3.227979242801666260e-01,2.939452826976776123e-01,2.976352572441101074e-01,2.798992991447448730e-01,3.060587644577026367e-01,3.058594167232513428e-01,2.786686122417449951e-01,2.718218564987182617e-01,3.014015257358551025e-01,-5.318699032068252563e-02,-4.051448404788970947e-01,-3.639011383056640625e-01,-2.601235806941986084e-01,-3.904698491096496582e-01,-1.166081652045249939e-01,-8.463992923498153687e-02,-3.012573719024658203e-01,-2.985174953937530518e-01,-2.056362032890319824e-01,-3.165397047996520996e-01,-5.127304196357727051e-01,-1.167068123817443848e+00,-1.159701585769653320e+00,-1.209521889686584473e+00,-1.366925954818725586e+00
5.661850571632385254e-01,6.244379281997680664e-01,6.105806231498718262e-01,6.200784444808959961e-01,5.889432430267333984e-01,5.504675507545471191e-01,5.200789570808410645e-01,5.699779391288757324e-01,5.982007980346679688e-01,5.962659120559692383e-01,6.221421360969543457e-01,5.959502458572387695e-01,3.042428493499755859e-01,3.077179789543151855e-01,3.157723248004913330e-01,3.308849930763244629e-01,3.181944787502288818e-01,3.123843073844909668e-01,2.995033860206604004e-01,3.075439929962158203e-01,2.984663546085357666e-01,2.896372079849243164e-01,2.996101379394531250e-01,3.033346831798553467e-01,-2.675799429416656494e-01,-5.410477519035339355e-01,-4.546782970428466797e-01,-4.415555596351623535e-01,-4.087701737880706787e-01,-2.415252029895782471e-01,-2.459900379180908203e-01,-4.229505658149719238e-01,-4.595990180969238281e-01,-3.761520087718963623e-01,-6.113376021385192871e-01,-4.241691231727600098e-01,-1.291820883750915527e+00,-9.390866756439208984e-01,-1.093432068824768066e+00,-1.158224463462829590e+00
5.688427090644836426e-01,5.616389513015747070e-01,5.213160514831542969e-01,5.544460415840148926e-01,5.288532972335815430e-01,4.761337339878082275e-01,5.145705342292785645e-01,5.718994140625000000e-01,4.868927001953125000e-01,4.977317452430725098e-01,6.008089780807495117e-01,5.969425439834594727e-01,3.176735639572143555e-01,3.179443180561065674e-01,3.269139826297760010e-01,3.411578536033630371e-01,3.243297040462493896e-01,3.031916320323944092e-01,3.136441111564636230e-01,3.218428790569305420e-01,2.982136905193328857e-01,3.109269738197326660e-01,3.244071304798126221e-01,3.102970719337463379e-01,-1.895504742860794067e-01,-2.054125666618347168e-01,-1.515669971704483032e-01,-3.267957568168640137e-01,-1.825163364410400391e-01,-1.003848910331726074e-01,-1.252337098121643066e-01,-2.150666117668151855e-01,-2.239445783197879791e-02,-1.170806661248207092e-01,-5.273116827011108398e-01,-4.414985775947570801e-01,-1.273423433303833008e+00,-1.282859086990356445e+00,-1.337080597877502441e+00,-1.307773232460021973e+00
3.173675239086151123e-01,3.610287606716156006e-01,3.925944566726684570e-01,4.859853088855743408e-01,5.159083008766174316e-01,4.562397301197052002e-01,4.477657079696655273e-01,5.229440331459045410e-01,5.215561389923095703e-01,4.776749908924102783e-01,4.340770542621612549e-01,3.871925175189971924e-01,2.971619963645935059e-01,3.019777834415435791e-01,3.050376176834106445e-01,3.312729895114898682e-01,3.319623470306396484e-01,3.224464356899261475e-01,3.284202516078948975e-01,3.461426496505737305e-01,3.195306062698364258e-01,3.041996061801910400e-01,3.118786215782165527e-01,3.032130300998687744e-01,1.234351992607116699e+00,8.353332281112670898e-01,6.205462217330932617e-01,1.181565225124359131e-01,-1.929640956223011017e-02,1.840220093727111816e-01,1.864952892065048218e-01,-1.396850198507308960e-01,-1.297468692064285278e-01,8.927442133426666260e-02,4.515286087989807129e-01,6.585692763328552246e-01,3.600444793701171875e-01,-4.839863777160644531e-01,-8.172414302825927734e-01,-1.318515181541442871e+00
4.786971509456634521e-01,5.357083678245544434e-01,6.046910285949707031e-01,6.370406150817871094e-01,5.754761099815368652e-01,4.952715933322906494e-01,4.546236991882324219e-01,5.202379822731018066e-01,5.344356298446655273e-01,4.745165705680847168e-01,4.604215919971466064e-01,4.783506989479064941e-01,2.970486581325531006e-01,3.089500367641448975e-01,3.205116391181945801e-01,3.414214849472045898e-01,3.346596658229827881e-01,3.025597631931304932e-01,2.881513833999633789e-01,3.101626634597778320e-01,2.766267359256744385e-01,2.719562053680419922e-01,3.161090314388275146e-01,3.068061470985412598e-01,1.127620786428451538e-01,-1.583219468593597412e-01,-2.970151305198669434e-01,-4.203936159610748291e-01,-3.332599997520446777e-01,-2.346485406160354614e-01,1.207023113965988159e-02,2.442289609462022781e-03,-6.437554210424423218e-02,1.135718002915382385e-01,1.990503072738647461e-01,8.373370766639709473e-02,-1.295567750930786133e+00,-1.290078520774841309e+00,-1.254010915756225586e+00,-1.347789525985717773e+00
5.979928970336914062e-01,5.637944340705871582e-01,5.440078377723693848e-01,5.738921761512756348e-01,5.571061968803405762e-01,5.234578847885131836e-01,5.029240846633911133e-01,5.279954671859741211e-01,5.611525177955627441e-01,5.661748051643371582e-01,5.978151559829711914e-01,6.596821546554565430e-01,3.190547227859497070e-01,3.308388590812683105e-01,3.138199448585510254e-01,3.108305037021636963e-01,2.873925268650054932e-01,3.126586973667144775e-01,2.977733910083770752e-01,2.840384840965270996e-01,3.088699281215667725e-01,3.007676005363464355e-01,2.969907522201538086e-01,3.056291341781616211e-01,-4.118717014789581299e-01,-3.139275610446929932e-01,-1.628219783306121826e-01,-2.342440634965896606e-01,-2.819960117340087891e-01,-8.151441812515258789e-02,3.110875748097896576e-02,-1.369042545557022095e-01,-2.107026129961013794e-01,-2.468276470899581909e-01,-5.136295557022094727e-01,-5.780078172683715820e-01,-1.185246467590332031e+00,-1.356052398681640625e+00,-1.325626254081726074e+00,-1.230615973472595215e+00
3.877676725387573242e-01,3.710864782333374023e-01,3.279830515384674072e-01,3.359634578227996826e-01,4.546628296375274658e-01,5.149766206741333008e-01,4.332586526870727539e-01,4.896925091743469238e-01,4.115051031112670898e-01,3.510777056217193604e-01,3.971173763275146484e-01,3.509447276592254639e-01,2.942717373371124268e-01,2.870612442493438721e-01,3.008972406387329102e-01,2.932256460189819336e-01,3.305449187755584717e-01,3.660651445388793945e-01,3.136159181594848633e-01,3.627254664897918701e-01,2.694740891456604004e-01,2.426644116640090942e-01,3.104528188705444336e-01,2.439691126346588135e-01,7.333382964134216309e-01,7.824501395225524902e-01,1.163537144660949707e+00,8.800387382507324219e-01,1.528227031230926514e-01,-9.439751505851745605e-03,9.922203421592712402e-02,1.846813559532165527e-01,5.205199122428894043e-01,9.181143641471862793e-01,8.038212656974792480e-01,8.094105124473571777e-01,-4.617555141448974609e-01,-4.000694751739501953e-01,1.686272621154785156e-01,-3.090803623199462891e-01
4.194165468215942383e-01,4.700624644756317139e-01,4.025224149227142334e-01,4.378639161586761475e-01,4.765643775463104248e-01,5.822398066520690918e-01,4.926615357398986816e-01,4.802901148796081543e-01,5.356342792510986328e-01,4.876958727836608887e-01,5.086789131164550781e-01,4.275338649749755859e-01,2.594102323055267334e-01,2.790186405181884766e-01,2.544359266757965088e-01,2.775117754936218262e-01,2.746204137802124023e-01,3.371307551860809326e-01,2.905610799789428711e-01,3.035711348056793213e-01,3.405362963676452637e-01,2.958107888698577881e-01,3.167064189910888672e-01,2.749158740043640137e-01,5.690718293190002441e-01,3.485489785671234131e-01,7.364469170570373535e-01,4.063946604728698730e-01,-5.190267786383628845e-02,-2.570872902870178223e-01,2.479935623705387115e-02,1.005872488021850586e-01,-5.872768536210060120e-02,5.110108107328414917e-02,7.186888158321380615e-02,3.750450909137725830e-01,-2.606399059295654297e-01,-7.481400966644287109e-01,-2.680230140686035156e-02,-8.377542495727539062e-01
4.777943491935729980e-01,5.481277108192443848e-01,5.853614807128906250e-01,5.759214758872985840e-01,4.967018067836761475e-01,4.808748960494995117e-01,4.779354333877563477e-01,4.357083737850189209e-01,4.802053868770599365e-01,5.644210577011108398e-01,5.338674783706665039e-01,4.391313791275024414e-01,2.999782860279083252e-01,3.257838785648345947e-01,3.174057304859161377e-01,3.169262409210205078e-01,3.054510354995727539e-01,3.127945065498352051e-01,3.145674765110015869e-01,2.764150798320770264e-01,3.006295263767242432e-01,3.241759538650512695e-01,3.061817884445190430e-01,2.774656414985656738e-01,6.395377218723297119e-02,-7.774958014488220215e-02,-2.829251289367675781e-01,-3.081578314304351807e-01,-8.382132276892662048e-03,4.425350576639175415e-02,1.352122575044631958e-01,8.099999278783798218e-02,-2.513207495212554932e-02,-1.678987294435501099e-01,-1.139709539711475372e-02,2.184316366910934448e-01,-1.138219237327575684e+00,-1.330602049827575684e+00,-1.166877865791320801e+00,-1.185706853866577148e+00
4.329923391342163086e-01,4.240784943103790283e-01,4.639768600463867188e-01,4.457437396049499512e-01,4.609704613685607910e-01,4.973399639129638672e-01,5.847156643867492676e-01,6.065186858177185059e-01,5.112084746360778809e-01,4.147590994834899902e-01,4.587365984916687012e-01,4.284065961837768555e-01,2.804902195930480957e-01,2.564849853515625000e-01,2.741627693176269531e-01,2.540445625782012939e-01,2.780739367008209229e-01,3.130657970905303955e-01,3.449308276176452637e-01,3.592119514942169189e-01,3.195683360099792480e-01,2.645661532878875732e-01,3.046226501464843750e-01,2.759765982627868652e-01,2.377014011144638062e-01,4.155170321464538574e-01,4.716323614120483398e-01,4.490912854671478271e-01,1.432947069406509399e-01,-7.861597090959548950e-02,-3.203306496143341064e-01,-3.422820568084716797e-01,-1.060095056891441345e-01,3.160533308982849121e-01,2.072124332189559937e-01,1.593424975872039795e-01,-7.035460472106933594e-01,-5.439198017120361328e-01,-6.744239330291748047e-01,-3.236711025238037109e-01
5.984625220298767090e-01,6.235727667808532715e-01,5.869403481483459473e-01,5.343608260154724121e-01,5.340768694877624512e-01,5.540822744369506836e-01,4.952446222305297852e-01,5.469142198562622070e-01,5.820278525352478027e-01,6.303775310516357422e-01,6.280252933502197266e-01,6.219303607940673828e-01,2.979550361633300781e-01,2.894365191459655762e-01,3.042032420635223389e-01,3.200197517871856689e-01,3.015297055244445801e-01,2.995443940162658691e-01,2.758114039897918701e-01,2.915942966938018799e-01,2.734862565994262695e-01,2.938742041587829590e-01,2.959637343883514404e-01,2.978141009807586670e-01,-4.444005489349365234e-01,-5.023008584976196289e-01,-3.876021504402160645e-01,-1.584241092205047607e-01,-3.036910891532897949e-01,-3.313434123992919922e-01,-1.575093418359756470e-01,-3.213477134704589844e-01,-3.301722407341003418e-01,-4.900284707546234131e-01,-5.613981485366821289e-01,-4.140345454216003418e-01,-1.004203200340270996e+00,-1.049141287803649902e+00,-1.068529486656188965e+00,-1.345106363296508789e+00
5.150244235992431641e-01,5.645784139633178711e-01,5.858783721923828125e-01,5.540354847908020020e-01,5.314376950263977051e-01,5.373436212539672852e-01,5.012460947036743164e-01,5.534421205520629883e-01,5.747160911560058594e-01,6.175553202629089355e-01,6.530019044876098633e-01,5.507597923278808594e-01,3.201849162578582764e-01,3.063826858997344971e-01,3.103744685649871826e-01,3.275122344493865967e-01,3.007665276527404785e-01,3.007462322711944580e-01,2.723260521888732910e-01,2.842892408370971680e-01,2.863201498985290527e-01,2.916832566261291504e-01,2.962155640125274658e-01,3.037446439266204834e-01,-1.080773398280143738e-01,-2.437205910682678223e-01,-3.433001339435577393e-01,-1.383170038461685181e-01,-1.661828756332397461e-01,-2.153193801641464233e-01,-8.933540433645248413e-02,-1.730943322181701660e-01,-3.096632063388824463e-01,-4.615322649478912354e-01,-5.819619297981262207e-01,-1.935229301452636719e-01,-1.504810094833374023e+00,-1.264764189720153809e+00,-1.152776718139648438e+00,-1.372320532798767090e+00
4.977845847606658936e-01,5.520675778388977051e-01,5.046316385269165039e-01,4.770166873931884766e-01,4.727293550968170166e-01,4.426246583461761475e-01,4.660850465297698975e-01,4.744601845741271973e-01,4.897414743900299072e-01,5.681657195091247559e-01,6.819361448287963867e-01,5.378274917602539062e-01,3.284789621829986572e-01,3.516564071178436279e-01,3.305003941059112549e-01,3.383650779724121094e-01,2.875693142414093018e-01,2.735577523708343506e-01,3.224261403083801270e-01,3.225300014019012451e-01,2.927552163600921631e-01,2.754602134227752686e-01,3.045269846916198730e-01,3.135788738727569580e-01,8.056145161390304565e-03,-1.390863955020904541e-01,5.143206939101219177e-02,1.294999420642852783e-01,1.083943247795104980e-01,2.813324332237243652e-01,8.006972819566726685e-02,1.057478599250316620e-02,3.736754646524786949e-03,-3.295526802539825439e-01,-6.209015846252441406e-01,2.819645218551158905e-02,-1.483969449996948242e+00,-1.510628819465637207e+00,-1.409820795059204102e+00,-1.421328544616699219e+00
5.411504507064819336e-01,5.565626621246337891e-01,5.635254979133605957e-01,5.411668419837951660e-01,4.468454420566558838e-01,4.563055634498596191e-01,4.468652307987213135e-01,4.783900678157806396e-01,5.309716463088989258e-01,5.159116983413696289e-01,5.823945403099060059e-01,6.303737163543701172e-01,3.012711405754089355e-01,3.175921142101287842e-01,3.286270201206207275e-01,3.588739633560180664e-01,3.213835060596466064e-01,3.133306503295898438e-01,2.940916419029235840e-01,3.098960220813751221e-01,3.304700255393981934e-01,3.195770978927612305e-01,3.166650235652923584e-01,3.348931670188903809e-01,-8.709585294127464294e-03,-1.807851791381835938e-01,-1.398029178380966187e-01,-1.095878928899765015e-01,1.060666069388389587e-01,1.326074749231338501e-01,8.534712344408035278e-02,5.837309360504150391e-02,-1.897125840187072754e-01,-9.537064284086227417e-02,-4.336685836315155029e-01,-4.420483410358428955e-01,-1.382888436317443848e+00,-1.304959416389465332e+00,-1.388207316398620605e+00,-1.518947482109069824e+00
4.326865673065185547e-01,5.040694475173950195e-01,4.558794498443603516e-01,4.402381777763366699e-01,4.994288682937622070e-01,5.637111067771911621e-01,5.232073068618774414e-01,5.630478262901306152e-01,5.645580887794494629e-01,4.625211954116821289e-01,4.368517994880676270e-01,3.966313600540161133e-01,3.256860077381134033e-01,3.305480778217315674e-01,3.409544229507446289e-01,3.369657695293426514e-01,3.174169659614562988e-01,3.341557979583740234e-01,3.150904476642608643e-01,3.190747499465942383e-01,3.207188248634338379e-01,3.150667548179626465e-01,3.125052154064178467e-01,3.194328844547271729e-01,4.584763348102569580e-01,9.682443737983703613e-02,3.014585673809051514e-01,3.270991742610931396e-01,1.632695831358432770e-02,-2.397870421409606934e-01,-1.118495613336563110e-01,-2.594966590404510498e-01,-3.138172030448913574e-01,8.553195744752883911e-02,2.053356021642684937e-01,5.317576527595520020e-01,-1.217742800712585449e+00,-1.435954570770263672e+00,-1.437167167663574219e+00,-1.426187634468078613e+00
