Participant_ID,pcm_RMSenergy_mean,pcm_RMSenergy_std,pcm_zcr_mean,pcm_zcr_std,intensity_mean,intensity_std,loudness_mean,loudness_std,"(pcm_RMSenergy, pcm_zcr)","(pcm_RMSenergy, intensity)","(pcm_RMSenergy, loudness)","(pcm_zcr, intensity)","(pcm_zcr, loudness)","(intensity, loudness)","(pcm_RMSenergy, pcm_zcr, intensity)","(pcm_RMSenergy, pcm_zcr, loudness)","(pcm_RMSenergy, intensity, loudness)","(pcm_zcr, intensity, loudness)","(pcm_RMSenergy, pcm_zcr, intensity, loudness)"
329,0.0036931317,0.0057359496,0.06511691,0.06829914,0.08612149,0.10764069,0.0036931317,0.0057359496,0.00024048533,0.000318058,1.3639222e-05,0.0056079654,0.00024048533,0.000318058,2.0710955e-05,8.88144e-07,1.1746301e-06,2.0710955e-05,7.6488284e-08
301,0.008745497,0.010956413,0.07352874,0.08011253,0.17276905,0.15779334,0.008745497,0.010956413,0.00064304535,0.0015109513,7.648372e-05,0.01270349,0.00064304535,0.0015109513,0.000111098336,5.6237513e-06,1.321402e-05,0.000111098336,9.716101e-07
467,0.0026187967,0.004520745,0.06463521,0.09980959,0.06393269,0.08326894,0.0026187967,0.004520745,0.00016926647,0.00016742671,6.8580957e-06,0.0041323025,0.00016926647,0.00016742671,1.082166e-05,4.4327444e-07,4.384565e-07,1.082166e-05,2.8339727e-08
473,0.001610695,0.003546469,0.054959316,0.0542944,0.04697447,0.079231106,0.001610695,0.003546469,8.85227e-05,7.566154e-05,2.5943384e-06,0.0025816846,8.85227e-05,7.566154e-05,4.1583066e-06,1.4258308e-07,1.2186767e-07,4.1583066e-06,6.6977637e-09
315,0.025576098,0.045458093,0.06160215,0.14672934,0.18943846,0.2198054,0.025576098,0.045458093,0.0015755426,0.0048450967,0.00065413676,0.011669816,0.0015755426,0.0048450967,0.00029846837,4.0296232e-05,0.00012391867,0.00029846837,7.633656e-06
472,0.0031604017,0.004926281,0.069236554,0.087695576,0.07525254,0.08969655,0.0031604017,0.004926281,0.00021881533,0.00023782825,9.988139e-06,0.0052102264,0.00021881533,0.00023782825,1.6466409e-05,6.9154436e-07,7.516328e-07,1.6466409e-05,5.2040466e-08
314,0.0053129126,0.0073391013,0.066259794,0.066188894,0.1278625,0.14850199,0.0053129126,0.0073391013,0.00035203248,0.0006793223,2.8227041e-05,0.008472143,0.00035203248,0.0006793223,4.501175e-05,1.8703179e-06,3.6091799e-06,4.5011755e-05,2.391435e-07
300,0.009796154,0.024784435,0.08957701,0.048005898,0.2254814,0.41384876,0.009796154,0.024784435,0.0008775102,0.0022088506,9.596463e-05,0.02019795,0.0008775102,0.0022088506,0.00019786223,8.596225e-06,2.163824e-05,0.00019786223,1.9382887e-06
466,0.0024732163,0.003087941,0.06394337,0.09691998,0.06954431,0.07049708,0.0024732163,0.003087941,0.00015814579,0.00017199811,6.116799e-06,0.0044468977,0.00015814579,0.00017199811,1.0998139e-05,3.9112874e-07,4.2538852e-07,1.0998139e-05,2.7200777e-08
328,0.0070301658,0.010899709,0.10863431,0.17233495,0.14547645,0.17531769,0.0070301658,0.010899709,0.00076371717,0.0010227235,4.942323e-05,0.015803734,0.00076371717,0.0010227235,0.00011110286,5.3690583e-06,7.189916e-06,0.00011110287,7.8107155e-07
458,0.0072139176,0.010049104,0.08458452,0.11390459,0.14747187,0.15382689,0.0072139176,0.010049104,0.0006101857,0.0010638499,5.2040607e-05,0.0124738375,0.0006101857,0.0010638499,8.998523e-05,4.4018298e-06,7.6745255e-06,8.998524e-05,6.4914605e-07
316,0.0022777151,0.0055725956,0.053538457,0.110685214,0.047764122,0.06238178,0.0022777151,0.0055725956,0.000121945355,0.000108793065,5.187986e-06,0.0025572174,0.000121945355,0.000108793065,5.824613e-06,2.7775678e-07,2.4779962e-07,5.824613e-06,1.3266809e-08
470,0.010632467,0.015265074,0.07300834,0.100063525,0.1636356,0.20563014,0.010632467,0.015265074,0.0007762588,0.0017398502,0.00011304936,0.011946764,0.0007762588,0.0017398502,0.00012702358,8.253547e-06,1.84989e-05,0.00012702358,1.350574e-06
464,0.004647626,0.0060088937,0.057914555,0.07322111,0.10151014,0.11494915,0.004647626,0.0060088937,0.0002691652,0.00047178115,2.1600428e-05,0.0058789146,0.0002691652,0.00047178115,2.7322996e-05,1.2509793e-06,2.1926624e-06,2.7322996e-05,1.2698708e-07
302,0.003299435,0.003445374,0.0607503,0.03858965,0.09419933,0.06099629,0.003299435,0.003445374,0.00020044166,0.00031080455,1.08862705e-05,0.0057226373,0.00020044166,0.00031080455,1.888147e-05,6.613442e-07,1.0254794e-06,1.8881468e-05,6.2298184e-08
465,0.010449791,0.014059363,0.06913762,0.08583388,0.18093221,0.20277223,0.010449791,0.014059363,0.00072247366,0.0018907038,0.00010919814,0.012509222,0.00072247366,0.0018907038,0.00013071875,7.549699e-06,1.975746e-05,0.00013071876,1.3659836e-06
303,0.0072267926,0.008015202,0.07044933,0.056863964,0.1617402,0.1348623,0.0072267926,0.008015202,0.0005091227,0.0011688629,5.2226533e-05,0.011394489,0.0005091227,0.0011688629,8.234561e-05,3.679324e-06,8.44713e-06,8.234561e-05,5.950946e-07
317,0.0029372114,0.00523035,0.061675563,0.07684053,0.07096159,0.099138975,0.0029372114,0.00523035,0.00018115417,0.00020842918,8.627211e-06,0.004376596,0.00018115417,0.00020842918,1.2854987e-05,5.320881e-07,6.1220055e-07,1.2854987e-05,3.7757815e-08
471,0.0034740323,0.0042062625,0.070667796,0.07740198,0.09041861,0.088289626,0.0034740323,0.0042062625,0.0002455022,0.00031411715,1.20689e-05,0.0063896836,0.0002455022,0.00031411715,2.2197966e-05,8.528825e-07,1.0912531e-06,2.2197966e-05,7.7116454e-08
459,0.0013463028,0.0016808863,0.06345898,0.08133679,0.0488314,0.049060274,0.0013463028,0.0016808863,8.5435e-05,6.574185e-05,1.8125312e-06,0.0030987908,8.5435e-05,6.574185e-05,4.1719104e-06,1.1502138e-07,8.8508436e-08,4.171911e-06,5.6166547e-09
475,0.002067494,0.0032724903,0.06995884,0.07779108,0.061703723,0.07705202,0.002067494,0.0032724903,0.00014463949,0.00012757207,4.2745314e-06,0.004316721,0.00014463949,0.00012757207,8.924795e-06,2.9904126e-07,2.637545e-07,8.924795e-06,1.845196e-08
313,0.0030504349,0.005207523,0.060798265,0.112497084,0.068652004,0.08768006,0.0030504349,0.005207523,0.00018546115,0.00020941846,9.305153e-06,0.004173923,0.00018546115,0.00020941846,1.2732279e-05,5.6573714e-07,6.3881737e-07,1.273228e-05,3.8838987e-08
307,0.06153318,0.061320804,0.06583911,0.03184213,0.6410644,0.49069607,0.06153318,0.061320804,0.00405129,0.03944673,0.0037863322,0.04220711,0.00405129,0.03944673,0.0025971378,0.00024928874,0.0024272827,0.0025971376,0.00015981015
461,0.0011668325,0.0019091401,0.06872226,0.071980715,0.04266231,0.04685766,0.0011668325,0.0019091401,8.018737e-05,4.9779774e-05,1.3614981e-06,0.0029318505,8.018737e-05,4.9779774e-05,3.4209784e-06,9.356523e-08,5.808466e-08,3.4209786e-06,3.9917087e-09
449,0.0054996437,0.005848585,0.071678974,0.09102054,0.12358703,0.11170808,0.0054996437,0.005848585,0.00039420882,0.0006796846,3.0246081e-05,0.008858591,0.00039420882,0.0006796846,4.8719096e-05,2.168008e-06,3.7380232e-06,4.8719096e-05,2.6793768e-07
448,0.004583359,0.0061529935,0.08295685,0.11621722,0.10469416,0.10047661,0.004583359,0.0061529935,0.00038022106,0.00047985095,2.1007181e-05,0.008685098,0.00038022106,0.00047985095,3.9806924e-05,1.7426897e-06,2.1993292e-06,3.9806924e-05,1.8244944e-07
306,0.029829247,0.030047413,0.074291386,0.13599785,0.3525397,0.20888692,0.029829247,0.030047413,0.002216056,0.010515993,0.00088978396,0.026190663,0.002216056,0.010515993,0.0007812477,6.610328e-05,0.00031368417,0.00078124774,2.330403e-05
474,0.0060696304,0.008941474,0.07761548,0.1146698,0.1257449,0.15234862,0.0060696304,0.008941474,0.00047109727,0.000763225,3.6840414e-05,0.00975975,0.00047109727,0.000763225,5.9238075e-05,2.8593863e-06,4.632494e-06,5.9238075e-05,3.595532e-07
312,0.010197714,0.020042986,0.07375175,0.16888413,0.12224557,0.17396317,0.010197714,0.020042986,0.0007520992,0.0012466253,0.00010399337,0.009015825,0.0007520992,0.0012466253,9.19408e-05,7.669692e-06,1.2712729e-05,9.19408e-05,9.37586e-07
489,0.0027686793,0.0062433504,0.06966906,0.07642562,0.072917774,0.1290087,0.0027686793,0.0062433504,0.00019289128,0.00020188594,7.665585e-06,0.0050801127,0.00019289128,0.00020188594,1.4065203e-05,5.340541e-07,5.589574e-07,1.4065203e-05,3.8942037e-08
462,0.004417361,0.0059145265,0.08821566,0.09391914,0.11611266,0.12205059,0.004417361,0.0059145265,0.0003896804,0.00051291153,1.951308e-05,0.010242954,0.0003896804,0.00051291153,4.5246827e-05,1.7213591e-06,2.2657155e-06,4.5246827e-05,1.9987158e-07
304,0.004944089,0.006141117,0.058077857,0.031976927,0.12365436,0.11071107,0.004944089,0.006141117,0.0002871421,0.00061135815,2.4444014e-05,0.00718158,0.0002871421,0.00061135815,3.550637e-05,1.419656e-06,3.022609e-06,3.550637e-05,1.7554666e-07
310,0.0051067644,0.008701728,0.044019476,0.058927707,0.09359195,0.13288744,0.0051067644,0.008701728,0.00022479708,0.00047795204,2.6079042e-05,0.0041198684,0.00022479708,0.00047795204,2.1039197e-05,1.1479857e-06,2.4407884e-06,2.1039197e-05,1.07442226e-07
476,0.0012285734,0.001834593,0.060939454,0.07356301,0.039211027,0.040101856,0.0012285734,0.001834593,7.486859e-05,4.8173624e-05,1.5093925e-06,0.0023894985,7.486859e-05,4.8173624e-05,2.9356745e-06,9.198156e-08,5.918483e-08,2.9356743e-06,3.6066916e-09
338,0.0069921347,0.011589966,0.07973856,0.10388687,0.1536943,0.20845808,0.0069921347,0.011589966,0.0005575427,0.0010746513,4.888995e-05,0.012255362,0.0005575427,0.0010746513,8.5691136e-05,3.898414e-06,7.5141065e-06,8.569114e-05,5.9916397e-07
339,0.0034990048,0.005031108,0.058905486,0.05605579,0.07903146,0.09147238,0.0034990048,0.005031108,0.00020611058,0.00027653144,1.2243035e-05,0.004655387,0.00020611058,0.00027653144,1.628922e-05,7.211819e-07,9.675848e-07,1.6289221e-05,5.6996054e-08
311,0.001590525,0.0029267822,0.060411166,0.06818351,0.050357077,0.068849355,0.001590525,0.0029267822,9.6085474e-05,8.009419e-05,2.52977e-06,0.0030421298,9.6085474e-05,8.009419e-05,4.8385837e-06,1.5282635e-07,1.2739181e-07,4.8385837e-06,7.695888e-09
477,0.0036364463,0.005117589,0.09639853,0.13579272,0.1032943,0.11826946,0.0036364463,0.005117589,0.0003505481,0.00037562416,1.3223742e-05,0.009957419,0.0003505481,0.00037562416,3.620962e-05,1.2747494e-06,1.3659371e-06,3.6209618e-05,1.3167434e-07
463,0.0032808415,0.004719137,0.06588456,0.07635918,0.08035237,0.09485052,0.0032808415,0.004719137,0.0002161568,0.0002636234,1.0763921e-05,0.0052939807,0.0002161568,0.0002636234,1.7368711e-05,7.091762e-07,8.649066e-07,1.7368711e-05,5.698399e-08
305,0.047984704,0.05029271,0.051315844,0.02112424,0.48492894,0.3737741,0.047984704,0.05029271,0.0024623757,0.02326917,0.0023025319,0.024884537,0.0024623757,0.02326917,0.0011940772,0.00011815637,0.0011165643,0.0011940772,5.7297442e-05
488,0.0019773638,0.0023557395,0.06967161,0.090683654,0.064674236,0.06437008,0.0019773638,0.0023557395,0.00013776612,0.0001278845,3.9099677e-06,0.004505958,0.00013776612,0.0001278845,8.9099185e-06,2.7241376e-07,2.528742e-07,8.9099185e-06,1.761815e-08
389,0.002683349,0.0069178594,0.040079545,0.04640279,0.045929983,0.06181396,0.002683349,0.0069178594,0.00010754741,0.00012324617,7.200362e-06,0.0018408529,0.00010754741,0.00012324617,4.939651e-06,2.8858722e-07,3.3071248e-07,4.939651e-06,1.3254807e-08
438,0.0031949743,0.0033374913,0.07446222,0.0810519,0.08640222,0.07083322,0.0031949743,0.0033374913,0.00023790488,0.0002760529,1.020786e-05,0.006433701,0.00023790488,0.0002760529,2.055551e-05,7.6009997e-07,8.8198186e-07,2.055551e-05,6.567433e-08
404,0.0027322923,0.0045753443,0.0622954,0.07837171,0.06782682,0.08373746,0.0027322923,0.0045753443,0.00017020924,0.0001853227,7.4654213e-06,0.004225299,0.00017020924,0.0001853227,1.1544752e-05,4.650614e-07,5.063558e-07,1.1544753e-05,3.1543635e-08
362,0.003776028,0.0059293294,0.08067262,0.13247246,0.08518448,0.102910385,0.003776028,0.0059293294,0.00030462208,0.00032165897,1.4258388e-05,0.006872055,0.00030462208,0.00032165897,2.5949073e-05,1.1502615e-06,1.2145933e-06,2.5949073e-05,9.7984426e-08
376,0.0070137316,0.009740279,0.06873631,0.07561168,0.13548784,0.15724692,0.0070137316,0.009740279,0.00048209802,0.00095027534,4.9192433e-05,0.009312934,0.00048209802,0.00095027534,6.531842e-05,3.3813062e-06,6.6649764e-06,6.531842e-05,4.5812587e-07
410,0.0024324167,0.0033297755,0.073513485,0.06169719,0.073566824,0.06761831,0.0024324167,0.0033297755,0.00017881543,0.00017894516,5.916651e-06,0.005408154,0.00017881543,0.00017894516,1.3154883e-05,4.3495365e-07,4.352692e-07,1.3154883e-05,3.1998155e-08
377,0.002075965,0.0030516782,0.07384497,0.11397432,0.05888943,0.060429152,0.002075965,0.0030516782,0.00015329958,0.0001222524,4.309631e-06,0.0043486883,0.00015329958,0.0001222524,9.027725e-06,3.1824456e-07,2.537917e-07,9.027725e-06,1.8741241e-08
411,0.006396194,0.007508374,0.09526774,0.11760188,0.13299854,0.11665909,0.006396194,0.007508374,0.000609351,0.0008506845,4.0911298e-05,0.01267047,0.000609351,0.0008506845,8.104279e-05,3.897527e-06,5.441143e-06,8.104279e-05,5.1836537e-07
405,0.006545779,0.00912706,0.06924867,0.07520282,0.11994872,0.13585246,0.006545779,0.00912706,0.00045328648,0.0007851578,4.284722e-05,0.008306289,0.00045328648,0.0007851578,5.4371136e-05,2.967113e-06,5.139469e-06,5.4371132e-05,3.5590142e-07
363,0.0033418064,0.0043443698,0.069531396,0.08451773,0.08637337,0.09051099,0.0033418064,0.0043443698,0.00023236046,0.00028864306,1.116767e-05,0.0060056606,0.00023236046,0.00028864306,2.0069754e-05,7.7650367e-07,9.645892e-07,2.0069754e-05,6.706923e-08
439,0.005554425,0.006526563,0.07932269,0.08325009,0.12734538,0.11827491,0.005554425,0.006526563,0.00044059192,0.0007073304,3.085164e-05,0.010101378,0.00044059192,0.0007073304,5.6107347e-05,2.4472347e-06,3.928814e-06,5.6107347e-05,3.1164404e-07
388,0.002279314,0.007350604,0.049664363,0.0527709,0.04730703,0.07018955,0.002279314,0.007350604,0.00011320068,0.000107827575,5.195272e-06,0.0023494735,0.00011320068,0.000107827575,5.355188e-06,2.580199e-07,2.457729e-07,5.355188e-06,1.2206155e-08
349,0.0017042703,0.0025241897,0.076825574,0.079664424,0.051263638,0.048179388,0.0017042703,0.0025241897,0.00013093154,8.7367094e-05,2.904537e-06,0.0039383583,0.00013093154,8.7367094e-05,6.7120272e-06,2.2314273e-07,1.4889714e-07,6.712027e-06,1.1439108e-08
413,0.0035665785,0.0050676214,0.073870525,0.10502997,0.088572025,0.10046947,0.0035665785,0.0050676214,0.00026346502,0.0003158991,1.2720482e-05,0.006542862,0.00026346502,0.0003158991,2.333563e-05,9.3966867e-07,1.1266789e-06,2.3335631e-05,8.322836e-08
375,0.0028815262,0.006674895,0.051214397,0.057785567,0.059984796,0.085160494,0.0028815262,0.006674895,0.00014757563,0.00017284777,8.303194e-06,0.003072085,0.00014757563,0.00017284777,8.852294e-06,4.2524306e-07,4.980654e-07,8.852294e-06,2.5508117e-08
361,0.0025027664,0.0033330456,0.08417489,0.10881922,0.077582255,0.0795237,0.0025027664,0.0033330456,0.00021067008,0.00019417026,6.2638396e-06,0.0065304777,0.00021067008,0.00019417026,1.634426e-05,5.27258e-07,4.859628e-07,1.634426e-05,4.0905867e-08
407,0.012907652,0.016473526,0.07218458,0.09268639,0.20127852,0.21414569,0.012907652,0.016473526,0.0009317334,0.002598033,0.00016660748,0.014529205,0.0009317334,0.002598033,0.00018753792,1.202649e-05,3.3534507e-05,0.00018753792,2.4206743e-06
360,0.006300273,0.009806522,0.06604388,0.062742874,0.10727511,0.12771676,0.006300273,0.009806522,0.0004160945,0.0006758625,3.9693437e-05,0.007084865,0.0004160945,0.0006758625,4.4636585e-05,2.6215089e-06,4.258118e-06,4.4636585e-05,2.8122267e-07
406,0.0038182896,0.0069902856,0.05564937,0.050897483,0.08813773,0.10689605,0.0038182896,0.0069902856,0.0002124854,0.0003365354,1.4579336e-05,0.0049048094,0.0002124854,0.0003365354,1.8727982e-05,8.1133084e-07,1.2849896e-06,1.8727982e-05,7.150886e-08
412,0.003259408,0.0067784633,0.062725395,0.079852484,0.067141235,0.08964472,0.003259408,0.0067784633,0.00020444766,0.00021884068,1.0623741e-05,0.0042114607,0.00020444766,0.00021884068,1.3726868e-05,6.6637836e-07,7.1329106e-07,1.3726869e-05,4.4741466e-08
374,0.007747088,0.010602892,0.06304129,0.062473033,0.15221833,0.17208979,0.007747088,0.010602892,0.00048838643,0.0011792488,6.0017373e-05,0.0095960405,0.00048838643,0.0011792488,7.434136e-05,3.7835728e-06,9.135744e-06,7.434137e-05,5.759291e-07
348,0.0034905032,0.0056501026,0.07695011,0.08080758,0.085098565,0.10779946,0.0034905032,0.0056501026,0.0002685946,0.0002970368,1.2183613e-05,0.006548344,0.0002685946,0.0002970368,2.2857015e-05,9.375303e-07,1.0368079e-06,2.2857015e-05,7.978248e-08
370,0.008499756,0.011514444,0.07656502,0.08212957,0.16770603,0.17061795,0.008499756,0.011514444,0.000650784,0.0014254604,7.224586e-05,0.012840415,0.000650784,0.0014254604,0.0001091404,5.5315054e-06,1.21160665e-05,0.000109140405,9.276668e-07
416,0.0032240776,0.005481178,0.08324554,0.12460218,0.085131705,0.09179263,0.0032240776,0.005481178,0.00026839008,0.0002744712,1.0394677e-05,0.0070868344,0.00026839008,0.0002744712,2.2848506e-05,8.653105e-07,8.849165e-07,2.2848504e-05,7.3665355e-08
402,0.002978662,0.0063515636,0.06513177,0.0734896,0.07002843,0.07757945,0.002978662,0.0063515636,0.00019400552,0.00020859102,8.872427e-06,0.0045610755,0.00019400552,0.00020859102,1.3585903e-05,5.778769e-07,6.2132216e-07,1.3585903e-05,4.0467814e-08
364,0.0059899194,0.007890653,0.0710945,0.077317,0.12689427,0.1321694,0.0059899194,0.007890653,0.0004258503,0.0007600864,3.5879133e-05,0.009021484,0.0004258503,0.0007600864,5.4037962e-05,2.550809e-06,4.5528564e-06,5.4037962e-05,3.2368305e-07
358,0.0023170277,0.006276068,0.07978077,0.0942757,0.06336598,0.07745445,0.0023170277,0.006276068,0.00018485426,0.00014682073,5.368617e-06,0.005055387,0.00018485426,0.00014682073,1.1713471e-05,4.2831243e-07,3.401877e-07,1.1713471e-05,2.7140437e-08
359,0.005832825,0.009059344,0.06614159,0.11974509,0.106803484,0.13166097,0.005832825,0.009059344,0.00038579231,0.00062296604,3.4021847e-05,0.0070641525,0.00038579231,0.00062296604,4.1203963e-05,2.250259e-06,3.6336519e-06,4.1203963e-05,2.403355e-07
403,0.0117970705,0.015817929,0.07378987,0.07321433,0.20716764,0.23754628,0.0117970705,0.015817929,0.0008705043,0.0024439713,0.00013917088,0.015286874,0.0008705043,0.0024439713,0.00018034033,1.02694e-05,2.8831702e-05,0.00018034033,2.1274875e-06
365,0.0023186372,0.003268085,0.06702059,0.10228485,0.055308692,0.050339177,0.0023186372,0.003268085,0.00015539642,0.00012824079,5.3760787e-06,0.003706821,0.00015539642,0.00012824079,8.594773e-06,3.6030792e-07,2.9734386e-07,8.594773e-06,1.992816e-08
371,0.0039710137,0.007706571,0.056148134,0.053067893,0.07152671,0.10061058,0.0039710137,0.007706571,0.00022296501,0.00028403357,1.576895e-05,0.0040160916,0.00022296501,0.00028403357,1.5947955e-05,8.853971e-07,1.1279012e-06,1.5947955e-05,6.332955e-08
417,0.0025241848,0.0052233273,0.060164113,0.070387304,0.07034356,0.07229165,0.0025241848,0.0052233273,0.00015186533,0.00017756014,6.371509e-06,0.004232158,0.00015186533,0.00017756014,1.0682748e-05,3.8333616e-07,4.481946e-07,1.0682748e-05,2.696523e-08
367,0.0033304272,0.0044009485,0.061752938,0.071254335,0.07971024,0.08346621,0.0033304272,0.0044009485,0.00020566366,0.00026546913,1.1091745e-05,0.0049223416,0.00020566366,0.00026546913,1.6393498e-05,6.8494785e-07,8.8412565e-07,1.63935e-05,5.4597354e-08
401,0.0017895069,0.0024067233,0.06399786,0.07129423,0.05636092,0.05625947,0.0017895069,0.0024067233,0.000114524606,0.000100858255,3.202335e-06,0.003606978,0.000114524606,0.000100858255,6.454712e-06,2.0494257e-07,1.8048654e-07,6.454712e-06,1.15507515e-08
415,0.0043245214,0.008009016,0.05976354,0.06657381,0.08885793,0.11099853,0.0043245214,0.008009016,0.0002584487,0.000384268,1.8701485e-05,0.005310464,0.0002584487,0.000384268,2.2965216e-05,1.117667e-06,1.6617752e-06,2.2965216e-05,9.931357e-08
373,0.0043621473,0.005613383,0.069255546,0.08318313,0.09568894,0.091249295,0.0043621473,0.005613383,0.00030210288,0.00041740926,1.902833e-05,0.0066269897,0.00030210288,0.00041740926,2.8907903e-05,1.3178172e-06,1.8208007e-06,2.8907905e-05,1.2610053e-07
429,0.0023873986,0.0039140186,0.10058331,0.17206772,0.065167546,0.078667946,0.0023873986,0.0039140186,0.00024013245,0.00015558091,5.6996723e-06,0.0065547675,0.00024013245,0.00015558091,1.5648842e-05,5.7329186e-07,3.7143366e-07,1.5648842e-05,3.7360024e-08
428,0.00259073,0.0053799856,0.06518422,0.05818821,0.066369094,0.09562419,0.00259073,0.0053799856,0.00016887473,0.00017194441,6.711882e-06,0.004326218,0.00016887473,0.00017194441,1.12080625e-05,4.3750885e-07,4.4546155e-07,1.12080625e-05,2.9037064e-08
414,0.0045444993,0.0064992486,0.07002879,0.105893366,0.094381206,0.11029141,0.0045444993,0.0064992486,0.0003182458,0.00042891531,2.0652475e-05,0.0066094017,0.0003182458,0.00042891531,3.003642e-05,1.4462678e-06,1.9492054e-06,3.003642e-05,1.3650049e-07
372,0.0056334147,0.009668867,0.059661314,0.07756851,0.12093895,0.17483743,0.0056334147,0.009668867,0.0003360969,0.00068129925,3.1735362e-05,0.0072153765,0.0003360969,0.00068129925,4.0647206e-05,1.8933733e-06,3.8380413e-06,4.0647206e-05,2.2898257e-07
366,0.004299861,0.0060951184,0.06426909,0.07997931,0.101738915,0.116359316,0.004299861,0.0060951184,0.00027634815,0.0004374632,1.8488803e-05,0.0065386673,0.00027634815,0.0004374632,2.811536e-05,1.1882586e-06,1.8810309e-06,2.8115359e-05,1.2089214e-07
400,0.0037280614,0.0059171296,0.058216218,0.06866685,0.07726744,0.089029275,0.0037280614,0.0059171296,0.00021703364,0.00028805775,1.3898442e-05,0.004498218,0.00021703364,0.00028805775,1.6769633e-05,8.0911474e-07,1.073897e-06,1.6769634e-05,6.251822e-08
399,0.0022111805,0.0046726493,0.052599784,0.067689575,0.055864695,0.05966785,0.0022111805,0.0046726493,0.000116307616,0.00012352693,4.8893194e-06,0.0029384708,0.000116307616,0.00012352693,6.4974897e-06,2.5717713e-07,2.7314033e-07,6.4974893e-06,1.4367123e-08
380,0.011761667,0.016699621,0.08340453,0.11425793,0.2134724,0.25198486,0.011761667,0.016699621,0.0009809764,0.0025107912,0.00013833682,0.017804565,0.0009809764,0.0025107912,0.00020941137,1.1537918e-05,2.9531091e-05,0.00020941137,2.463027e-06
419,0.0048820092,0.005816084,0.066630036,0.054710366,0.11965727,0.12155102,0.0048820092,0.005816084,0.00032528845,0.0005841679,2.3834014e-05,0.0079727685,0.00032528845,0.0005841679,3.8923128e-05,1.5880612e-06,2.851913e-06,3.8923128e-05,1.9002307e-07
425,0.0025867405,0.0034553234,0.06661014,0.07105835,0.07053431,0.07339895,0.0025867405,0.0034553234,0.00017230316,0.00018245396,6.6912266e-06,0.0046983007,0.00017230316,0.00018245396,1.2153285e-05,4.4570356e-07,4.7196107e-07,1.2153285e-05,3.1437395e-08
343,0.0010315527,0.0017727094,0.09292613,0.13582018,0.039885473,0.04205106,0.0010315527,0.0017727094,9.5858195e-05,4.1143965e-05,1.064101e-06,0.0037064026,9.5858195e-05,4.1143965e-05,3.8233493e-06,9.888278e-08,4.2442167e-08,3.8233497e-06,3.943986e-09
357,0.0036930891,0.006929363,0.061290387,0.06947885,0.08380822,0.12322985,0.0036930891,0.006929363,0.00022635086,0.00030951123,1.3638907e-05,0.0051366384,0.00022635086,0.00030951123,1.8970064e-05,8.359339e-07,1.1430526e-06,1.8970064e-05,7.0058135e-08
431,0.0012203321,0.0019162492,0.072168425,0.07917163,0.040471543,0.040436015,0.0012203321,0.0019162492,8.806944e-05,4.9388724e-05,1.4892105e-06,0.0029207675,8.806944e-05,4.9388724e-05,3.564306e-06,1.07473966e-07,6.0270644e-08,3.5643063e-06,4.349637e-09
356,0.003511104,0.0051409416,0.07558394,0.10656645,0.08014047,0.08312014,0.003511104,0.0051409416,0.00026538307,0.00028138154,1.2327851e-05,0.0060573327,0.00026538307,0.00028138154,2.1267924e-05,9.317876e-07,9.879599e-07,2.1267926e-05,7.467389e-08
430,0.002144819,0.0031723832,0.065428965,0.06746305,0.061657924,0.064920366,0.002144819,0.0031723832,0.00014033329,0.00013224508,4.6002483e-06,0.004034214,0.00014033329,0.00013224508,8.652659e-06,3.0098948e-07,2.8364175e-07,8.652659e-06,1.8558387e-08
424,0.010557999,0.014887289,0.06355438,0.056538574,0.18316218,0.209041,0.010557999,0.014887289,0.00067100703,0.0019338261,0.00011147134,0.011640758,0.00067100703,0.0019338261,0.00012290312,7.0844917e-06,2.0417334e-05,0.00012290312,1.297611e-06
418,0.005858394,0.008802326,0.07318389,0.12579814,0.110627435,0.13196677,0.005858394,0.008802326,0.00042874002,0.0006480991,3.432078e-05,0.0080961455,0.00042874002,0.0006480991,4.743041e-05,2.5117279e-06,3.7968198e-06,4.743041e-05,2.7786604e-07
395,0.0021930737,0.003336305,0.0904944,0.15377402,0.064375296,0.06451854,0.0021930737,0.003336305,0.0001984609,0.00014117977,4.8095726e-06,0.005825604,0.0001984609,0.00014117977,1.27759795e-05,4.3523937e-07,3.0961766e-07,1.2775979e-05,2.8018665e-08
381,0.0020354937,0.0031544347,0.06477554,0.074089944,0.053264312,0.05660442,0.0020354937,0.0031544347,0.0001318502,0.000108419175,4.143235e-06,0.0034502246,0.0001318502,0.000108419175,7.0229103e-06,2.6838026e-07,2.2068654e-07,7.0229107e-06,1.429509e-08
397,0.003581178,0.006031415,0.06261053,0.06476894,0.08046522,0.089232825,0.003581178,0.006031415,0.00022421945,0.00028816026,1.2824835e-05,0.00503797,0.00022421945,0.00028816026,1.8041866e-05,8.0296974e-07,1.0319532e-06,1.8041866e-05,6.4611136e-08
383,0.0036425598,0.0049314518,0.07020788,0.119754754,0.08045515,0.07712489,0.0036425598,0.0049314518,0.0002557364,0.00029306268,1.3268242e-05,0.005648585,0.0002557364,0.00029306268,2.057531e-05,9.315351e-07,1.0674984e-06,2.0575308e-05,7.49468e-08
368,0.007713237,0.010047149,0.08386099,0.095359966,0.16382803,0.16769665,0.007713237,0.010047149,0.0006468397,0.0012636444,5.949402e-05,0.013738781,0.0006468397,0.0012636444,0.00010597047,4.989228e-06,9.746789e-06,0.000105970474,8.173753e-07
432,0.0018253885,0.0030066655,0.055568688,0.055078566,0.043519415,0.04305028,0.0018253885,0.0030066655,0.000101434445,7.9439844e-05,3.3320432e-06,0.0024183167,0.000101434445,7.9439844e-05,4.4143676e-06,1.8515728e-07,1.4500858e-07,4.4143676e-06,8.057936e-09
354,0.0012071851,0.0020774195,0.06114599,0.054066278,0.04048404,0.04589582,0.0012071851,0.0020774195,7.381453e-05,4.887173e-05,1.4572959e-06,0.0024754368,7.381453e-05,4.887173e-05,2.9883106e-06,8.91078e-08,5.8997223e-08,2.9883104e-06,3.6074441e-09
340,0.0028025636,0.0059504947,0.06436669,0.063979425,0.067040525,0.10233172,0.0028025636,0.0059504947,0.00018039174,0.00018788534,7.854363e-06,0.004315177,0.00018039174,0.00018788534,1.2093557e-05,5.0555934e-07,5.265606e-07,1.2093558e-05,3.3892963e-08
426,0.0029061304,0.0047690663,0.050516512,0.059641987,0.06270771,0.06910018,0.0029061304,0.0047690663,0.00014680758,0.00018223678,8.445594e-06,0.0031677748,0.00014680758,0.00018223678,9.205966e-06,4.2664198e-07,5.296038e-07,9.205966e-06,2.6753739e-08
341,0.0033988298,0.0051838574,0.07278468,0.07776582,0.087834716,0.102178805,0.0033988298,0.0051838574,0.00024738273,0.00029853525,1.1552044e-05,0.0063930214,0.00024738273,0.00029853525,2.1728792e-05,8.408118e-07,1.0146705e-06,2.1728792e-05,7.385247e-08
427,0.0012282835,0.0024486708,0.058307104,0.05604235,0.04075222,0.039415766,0.0012282835,0.0024486708,7.161765e-05,5.005528e-05,1.5086804e-06,0.002376144,7.161765e-05,5.005528e-05,2.9185783e-06,8.796678e-08,6.1482076e-08,2.9185785e-06,3.5848415e-09
433,0.0017918139,0.0026840817,0.06438878,0.05639402,0.053297658,0.05938061,0.0017918139,0.0026840817,0.00011537271,9.549948e-05,3.210597e-06,0.0034317712,0.00011537271,9.549948e-05,6.1490955e-06,2.0672643e-07,1.7111729e-07,6.149095e-06,1.10180345e-08
355,0.0045707906,0.0063965884,0.06384163,0.07183606,0.08597134,0.08511402,0.0045707906,0.0063965884,0.00029180673,0.00039295698,2.0892126e-05,0.0054885508,0.00029180673,0.00039295698,2.5087016e-05,1.3337875e-06,1.796124e-06,2.5087016e-05,1.146675e-07
369,0.008632383,0.0131447725,0.08445523,0.09063162,0.15546072,0.17047076,0.008632383,0.0131447725,0.0007290499,0.0013419965,7.4518044e-05,0.01312947,0.0007290499,0.0013419965,0.00011333862,6.293438e-06,1.1584628e-05,0.00011333862,9.783824e-07
382,0.003922056,0.0064518726,0.053854942,0.063005626,0.08029772,0.103236906,0.003922056,0.0064518726,0.0002112221,0.00031493217,1.5382522e-05,0.004324429,0.0002112221,0.00031493217,1.6960654e-05,8.284249e-07,1.2351816e-06,1.6960654e-05,6.6520634e-08
396,0.0027612126,0.0045098863,0.07500281,0.08107882,0.07416412,0.08256587,0.0027612126,0.0045098863,0.00020709871,0.00020478292,7.6242954e-06,0.005562518,0.00020709871,0.00020478292,1.5359294e-05,5.718436e-07,5.6544917e-07,1.5359294e-05,4.2410274e-08
392,0.002811439,0.005690171,0.064653255,0.073889665,0.0777995,0.122659825,0.002811439,0.005690171,0.00018176869,0.00021872856,7.90419e-06,0.005029991,0.00018176869,0.00021872856,1.4141513e-05,5.110316e-07,6.14942e-07,1.4141513e-05,3.9758003e-08
386,0.007012773,0.009717984,0.08975821,0.10712097,0.14645913,0.16357028,0.007012773,0.009717984,0.0006294539,0.0010270847,4.9178983e-05,0.01314591,0.0006294539,0.0010270847,9.218927e-05,4.4142175e-06,7.2027115e-06,9.218928e-05,6.4650243e-07
351,0.004717615,0.0058728196,0.072786435,0.08167162,0.10940525,0.11443753,0.004717615,0.0058728196,0.00034337837,0.00051613187,2.225589e-05,0.007963218,0.00034337837,0.00051613187,3.7567395e-05,1.6199269e-06,2.4349115e-06,3.7567395e-05,1.772285e-07
437,0.00195169,0.002347892,0.058531463,0.06236545,0.049537096,0.04180838,0.00195169,0.002347892,0.00011423527,9.6681055e-05,3.8090936e-06,0.0028994787,0.00011423527,9.6681055e-05,5.6588838e-06,2.2295183e-07,1.8869144e-07,5.6588833e-06,1.1044387e-08
423,0.0034788866,0.005894603,0.069090694,0.0734889,0.09499298,0.118756935,0.0034788866,0.005894603,0.00024035868,0.0003304698,1.2102651e-05,0.0065631308,0.00024035868,0.0003304698,2.2832388e-05,8.361806e-07,1.149667e-06,2.2832388e-05,7.943129e-08
345,0.0073605874,0.0113159465,0.09636417,0.08324189,0.17037949,0.20548597,0.0073605874,0.0113159465,0.0007092969,0.0012540931,5.4178247e-05,0.016418478,0.0007092969,0.0012540931,0.00012084965,5.220842e-06,9.230862e-06,0.00012084964,8.8952436e-07
379,0.008694154,0.011900709,0.0669976,0.07865168,0.15128645,0.15766935,0.008694154,0.011900709,0.0005824875,0.0013153078,7.5588316e-05,0.010135829,0.0005824875,0.0013153078,8.812247e-05,5.064236e-06,1.1435489e-05,8.812246e-05,7.661503e-07
378,0.0029882477,0.0048058103,0.08240204,0.11668128,0.0781869,0.087274745,0.0029882477,0.0048058103,0.0002462377,0.00023364183,8.9296245e-06,0.00644276,0.0002462377,0.00023364183,1.9252562e-05,7.3581924e-07,6.9817963e-07,1.9252562e-05,5.7531423e-08
422,0.0034493192,0.0049469573,0.07136808,0.08410099,0.088579156,0.09480885,0.0034493192,0.0049469573,0.0002461713,0.00030553777,1.1897802e-05,0.0063217245,0.0002461713,0.00030553777,2.1805645e-05,8.4912335e-07,1.0538973e-06,2.1805645e-05,7.521463e-08
344,0.0151903285,0.024750134,0.06437901,0.057459667,0.23187159,0.31644595,0.0151903285,0.024750134,0.0009779383,0.0035222056,0.00023074608,0.014927663,0.0009779383,0.0035222056,0.0002267561,1.48552035e-05,5.350346e-05,0.0002267561,3.4444997e-06
350,0.002094015,0.0030956496,0.07700988,0.06150598,0.068902634,0.07222731,0.002094015,0.0030956496,0.00016125984,0.00014428316,4.384899e-06,0.0053061834,0.00016125984,0.00014428316,1.1111228e-05,3.3768052e-07,3.021311e-07,1.1111228e-05,2.3267077e-08
436,0.0011169496,0.0012640086,0.06146077,0.048227817,0.046251245,0.041691076,0.0011169496,0.0012640086,6.864858e-05,5.166031e-05,1.2475764e-06,0.0028426372,6.864858e-05,5.166031e-05,3.1750824e-06,7.6677004e-08,5.7701964e-08,3.1750826e-06,3.546407e-09
387,0.0023658173,0.005444495,0.058113392,0.10241587,0.05392315,0.07573487,0.0023658173,0.005444495,0.00013748567,0.00012757232,5.597092e-06,0.0031336572,0.00013748567,0.00012757232,7.41366e-06,3.2526597e-07,3.018128e-07,7.4136606e-06,1.7539366e-08
393,0.0020138442,0.004228746,0.05558891,0.114170596,0.049733922,0.058118127,0.0020138442,0.004228746,0.000111947404,0.00010015637,4.0555683e-06,0.0027646543,0.000111947404,0.00010015637,5.5675832e-06,2.2544464e-07,2.0169934e-07,5.5675832e-06,1.1212245e-08
385,0.0013577819,0.004576534,0.056261107,0.048231576,0.03672507,0.06379945,0.0013577819,0.004576534,7.6390315e-05,4.9864637e-05,1.8435718e-06,0.0020661931,7.6390315e-05,4.9864637e-05,2.8054396e-06,1.0372139e-07,6.77053e-08,2.8054396e-06,3.809175e-09
391,0.003960847,0.0071523357,0.054680027,0.059899494,0.07983273,0.118652865,0.003960847,0.0071523357,0.00021657921,0.00031620523,1.5688309e-05,0.004365256,0.00021657921,0.00031620523,1.7290111e-05,8.578371e-07,1.2524405e-06,1.7290111e-05,6.848348e-08
346,0.0029278307,0.004100205,0.077410825,0.087998986,0.079795174,0.0880107,0.0029278307,0.004100205,0.00022664579,0.00023362676,8.572192e-06,0.00617701,0.00022664579,0.00023362676,1.808524e-05,6.6358047e-07,6.840196e-07,1.808524e-05,5.2950522e-08
420,0.0022960699,0.0041504735,0.05037536,0.05821662,0.055052757,0.06259407,0.0022960699,0.0041504735,0.000115665345,0.00012640498,5.271937e-06,0.0027733026,0.000115665345,0.00012640498,6.367696e-06,2.6557572e-07,2.9023465e-07,6.3676966e-06,1.4620675e-08
434,0.0057153935,0.007875998,0.07001468,0.08914054,0.13009149,0.15156323,0.0057153935,0.007875998,0.00040016143,0.00074352405,3.266572e-05,0.009108313,0.00040016143,0.00074352405,5.2057596e-05,2.28708e-06,4.2495326e-06,5.2057596e-05,2.9752965e-07
352,0.006173527,0.01065704,0.07291837,0.08070844,0.13451366,0.14303795,0.006173527,0.01065704,0.00045016353,0.0008304237,3.8112434e-05,0.009808517,0.00045016353,0.0008304237,6.0553146e-05,2.7790966e-06,5.1266434e-06,6.0553142e-05,3.7382648e-07
408,0.0013754859,0.0025502536,0.07181445,0.06615281,0.050419856,0.046958223,0.0013754859,0.0025502536,9.877976e-05,6.93518e-05,1.8919615e-06,0.0036208741,9.877976e-05,6.93518e-05,4.980461e-06,1.3587017e-07,9.539242e-08,4.980461e-06,6.8505543e-09
409,0.0069177137,0.01002979,0.07409376,0.07591023,0.14998144,0.17925474,0.0069177137,0.01002979,0.00051255943,0.0010375286,4.7854763e-05,0.011112689,0.00051255943,0.0010375286,7.68744e-05,3.5457394e-06,7.177326e-06,7.68744e-05,5.317951e-07
435,0.0015718449,0.0021987422,0.074761994,0.10502123,0.048501365,0.048686814,0.0015718449,0.0021987422,0.00011751426,7.6236625e-05,2.4706965e-06,0.0036260588,0.00011751426,7.6236625e-05,5.699602e-06,1.847142e-07,1.1983215e-07,5.6996023e-06,8.9588905e-09
353,0.0061029396,0.009215696,0.089200415,0.113717884,0.1425687,0.17188555,0.0061029396,0.009215696,0.00054438476,0.0008700881,3.724587e-05,0.0127171865,0.00054438476,0.0008700881,7.7612225e-05,3.3223473e-06,5.3100953e-06,7.761222e-05,4.736627e-07
347,0.0015884537,0.0034777254,0.059373096,0.05085571,0.044282366,0.06673613,0.0015884537,0.0034777254,9.4311414e-05,7.034049e-05,2.523185e-06,0.0026291811,9.4311414e-05,7.034049e-05,4.1763324e-06,1.4980931e-07,1.11732604e-07,4.1763324e-06,6.6339103e-09
421,0.00233789,0.00392584,0.086917296,0.14811459,0.06363361,0.06625616,0.00233789,0.00392584,0.00020320308,0.00014876839,5.4657294e-06,0.0055308617,0.00020320308,0.00014876839,1.2930546e-05,4.7506643e-07,3.4780413e-07,1.2930546e-05,3.0230193e-08
390,0.0031973335,0.0053524505,0.051898662,0.062766545,0.0670434,0.08167528,0.0031973335,0.0053524505,0.00016593734,0.00021436012,1.02229415e-05,0.0034794628,0.00016593734,0.00021436012,1.1125004e-05,5.3055703e-07,6.8538077e-07,1.1125003e-05,3.557035e-08
384,0.0044691386,0.007947425,0.06700219,0.07209907,0.09621313,0.1322144,0.0044691386,0.007947425,0.0002994421,0.00042998983,1.99732e-05,0.006446491,0.0002994421,0.00042998983,2.8810262e-05,1.3382482e-06,1.921684e-06,2.8810262e-05,1.2875705e-07
485,0.0018140149,0.0028183677,0.068590164,0.06587126,0.059944432,0.071106754,0.0018140149,0.0028183677,0.00012442358,0.00010874009,3.2906498e-06,0.0041115982,0.00012442358,0.00010874009,7.4585005e-06,2.2570622e-07,1.9725614e-07,7.4585005e-06,1.3529831e-08
491,0.0027624709,0.0057725334,0.06833405,0.06202737,0.07269415,0.09726777,0.0027624709,0.0057725334,0.00018877082,0.00020081548,7.631245e-06,0.004967486,0.00018877082,0.00020081548,1.3722535e-05,5.214739e-07,5.547469e-07,1.3722535e-05,3.7908105e-08
308,0.02173101,0.02315273,0.047776055,0.021717878,0.27945253,0.14955407,0.02173101,0.02315273,0.0010382219,0.0060727857,0.00047223677,0.01335114,0.0010382219,0.0060727857,0.00029013373,2.256161e-05,0.00013196777,0.00029013376,6.3048988e-06
320,0.0036991613,0.0072343447,0.04982272,0.050096277,0.07894121,0.12854135,0.0036991613,0.0072343447,0.00018430229,0.00029201628,1.3683794e-05,0.003933066,0.00018430229,0.00029201628,1.4549046e-05,6.8176394e-07,1.0802154e-06,1.4549046e-05,5.3819267e-08
446,0.0022869883,0.0024278152,0.06853357,0.0702823,0.066375226,0.056542926,0.0022869883,0.0024278152,0.00015673548,0.00015179937,5.2303153e-06,0.004548931,0.00015673548,0.00015179937,1.04033525e-05,3.584522e-07,3.4716336e-07,1.04033525e-05,2.3792346e-08
452,0.001490005,0.0025668184,0.06413348,0.07001788,0.049306136,0.06259919,0.001490005,0.0025668184,9.5559204e-05,7.3466384e-05,2.2201148e-06,0.003162174,9.5559204e-05,7.3466384e-05,4.711655e-06,1.4238368e-07,1.09465276e-07,4.711655e-06,7.020389e-09
334,0.0052891304,0.0082457885,0.06948711,0.05714308,0.10575494,0.123498574,0.0052891304,0.0082457885,0.00036752637,0.0005593517,2.79749e-05,0.0073486054,0.00036752637,0.0005593517,3.886773e-05,1.9438949e-06,2.958484e-06,3.8867733e-05,2.0557648e-07
453,0.001981304,0.0032799083,0.0498074,0.053352922,0.05016792,0.053703573,0.001981304,0.0032799083,9.86836e-05,9.93979e-05,3.9255656e-06,0.0024987336,9.86836e-05,9.93979e-05,4.9507507e-06,1.9552222e-07,1.9693745e-07,4.9507507e-06,9.808942e-09
335,0.0034461198,0.0052057547,0.102366306,0.15120837,0.09324697,0.10941789,0.0034461198,0.0052057547,0.00035276657,0.00032134022,1.1875742e-05,0.009545348,0.00035276657,0.00032134022,3.289441e-05,1.2156759e-06,1.1073769e-06,3.289441e-05,1.13358084e-07
321,0.0015481665,0.0025176716,0.07416248,0.070412815,0.050372336,0.05436656,0.0015481665,0.0025176716,0.00011481587,7.798476e-05,2.3968196e-06,0.0037357376,0.00011481587,7.798476e-05,5.7835437e-06,1.7775409e-07,1.2073339e-07,5.7835437e-06,8.953888e-09
447,0.0040563196,0.0052918247,0.071369186,0.106915876,0.09240656,0.09546574,0.0040563196,0.0052918247,0.00028949624,0.00037483056,1.6453729e-05,0.006594981,0.00028949624,0.00037483056,2.6751353e-05,1.1742893e-06,1.5204325e-06,2.6751351e-05,1.0851204e-07
309,0.006402851,0.012730494,0.050826225,0.053884424,0.11746038,0.20997329,0.006402851,0.012730494,0.00032543275,0.0007520813,4.0996503e-05,0.005970068,0.00032543275,0.0007520813,3.8225455e-05,2.0836974e-06,4.8154643e-06,3.8225455e-05,2.447519e-07
490,0.002022527,0.0040574577,0.061825223,0.055366337,0.060486794,0.09259926,0.002022527,0.0040574577,0.00012504318,0.00012233616,4.090615e-06,0.0037396096,0.00012504318,0.00012233616,7.563461e-06,2.529032e-07,2.4742818e-07,7.563461e-06,1.5297303e-08
484,0.0021540117,0.003093445,0.07228279,0.062401727,0.070788644,0.06979103,0.0021540117,0.003093445,0.00015569798,0.00015247957,4.6397668e-06,0.005116801,0.00015569798,0.00015247957,1.1021649e-05,3.353753e-07,3.2844278e-07,1.1021649e-05,2.374076e-08
492,0.0022654652,0.0035874455,0.06410025,0.06320098,0.06537897,0.06963239,0.0022654652,0.0035874455,0.0001452169,0.00014811379,5.1323327e-06,0.0041908086,0.0001452169,0.00014811379,9.4941315e-06,3.2898382e-07,3.3554664e-07,9.4941315e-06,2.1508624e-08
486,0.0030533164,0.004908207,0.07840045,0.08927113,0.077336304,0.0967553,0.0030533164,0.004908207,0.00023938138,0.0002361322,9.322741e-06,0.006063201,0.00023938138,0.0002361322,1.851287e-05,7.3090706e-07,7.209863e-07,1.851287e-05,5.652565e-08
479,0.0010291064,0.0017171145,0.055363163,0.048732392,0.034515228,0.034814823,0.0010291064,0.0017171145,5.6974586e-05,3.5519843e-05,1.0590601e-06,0.0019108722,5.6974586e-05,3.5519843e-05,1.9664908e-06,5.8632914e-08,3.65537e-08,1.9664908e-06,2.0237283e-09
337,0.0040524662,0.00509264,0.086451374,0.09259396,0.10800858,0.11027181,0.0040524662,0.00509264,0.0003503413,0.00043770112,1.6422482e-05,0.00933749,0.0003503413,0.00043770112,3.7839865e-05,1.4197462e-06,1.773769e-06,3.7839865e-05,1.5334477e-07
451,0.004659045,0.013286206,0.087904625,0.1202978,0.107691385,0.18951856,0.004659045,0.013286206,0.0004095516,0.00050173904,2.17067e-05,0.009466571,0.0004095516,0.00050173904,4.4105178e-05,1.9081194e-06,2.3376247e-06,4.4105178e-05,2.05488e-07
445,0.0040156553,0.0058164,0.07187399,0.065560594,0.09358009,0.109165415,0.0040156553,0.0058164,0.00028862117,0.00037578537,1.6125487e-05,0.006725975,0.00028862117,0.00037578537,2.7009195e-05,1.1590031e-06,1.5090245e-06,2.7009197e-05,1.08459616e-07
323,0.0016223555,0.0024080991,0.06963297,0.05638317,0.053421378,0.05749608,0.0016223555,0.0024080991,0.000112969436,8.666847e-05,2.6320374e-06,0.0037198893,0.000112969436,8.666847e-05,6.034983e-06,1.8327658e-07,1.4060707e-07,6.034983e-06,9.790888e-09
444,0.005060726,0.0063314857,0.08324605,0.0935402,0.12623195,0.1292134,0.005060726,0.0063314857,0.00042128545,0.0006388253,2.5610947e-05,0.010508312,0.00042128545,0.0006388253,5.3179687e-05,2.1320102e-06,3.2329197e-06,5.3179687e-05,2.691278e-07
322,0.003510533,0.005727729,0.06098443,0.05680623,0.070646696,0.08134186,0.003510533,0.005727729,0.00021408785,0.00024800756,1.23238415e-05,0.0043083485,0.00021408785,0.00024800756,1.51245995e-05,7.515624e-07,8.706387e-07,1.51245995e-05,5.3095405e-08
336,0.0030897046,0.0058550625,0.07876371,0.12367552,0.07119655,0.09666529,0.0030897046,0.0058550625,0.00024335658,0.0002199763,9.546274e-06,0.005607704,0.00024335658,0.0002199763,1.7326149e-05,7.5189996e-07,6.7966175e-07,1.7326149e-05,5.353268e-08
450,0.0051281285,0.0066462164,0.08139934,0.106004395,0.11618106,0.12597276,0.0051281285,0.0066462164,0.00041742626,0.0005957914,2.6297701e-05,0.009457061,0.00041742626,0.0005957914,4.8497026e-05,2.1406154e-06,3.0552947e-06,4.8497022e-05,2.4869897e-07
478,0.0029780346,0.005319908,0.09838161,0.12987518,0.09835531,0.141135,0.0029780346,0.005319908,0.00029298384,0.00029290552,8.86869e-06,0.009676353,0.00029298384,0.00029290552,2.8816516e-05,8.72516e-07,8.722828e-07,2.8816514e-05,8.581658e-08
487,0.0020251765,0.0024153744,0.079489425,0.08638906,0.0630367,0.05608398,0.0020251765,0.0024153744,0.00016098011,0.00012766045,4.10134e-06,0.005010751,0.00016098011,0.00012766045,1.0147655e-05,3.2601315e-07,2.5853493e-07,1.0147655e-05,2.0550793e-08
483,0.0043402114,0.006681959,0.07300999,0.07874586,0.10567503,0.13092664,0.0043402114,0.006681959,0.00031687878,0.00045865195,1.8837434e-05,0.007715333,0.00031687878,0.00045865195,3.3486172e-05,1.375321e-06,1.9906465e-06,3.3486176e-05,1.4533707e-07
454,0.0019818023,0.0045218836,0.061289907,0.06043252,0.056574974,0.08489933,0.0019818023,0.0045218836,0.00012146448,0.00011212041,3.92754e-06,0.0034674748,0.00012146448,0.00011212041,6.87185e-06,2.4071858e-07,2.2220048e-07,6.8718496e-06,1.3618648e-08
332,0.004640496,0.012092945,0.07628848,0.08571707,0.09904114,0.16556118,0.004640496,0.012092945,0.00035401637,0.0004596,2.1534202e-05,0.0075556976,0.00035401637,0.0004596,3.5062185e-05,1.6428115e-06,2.132772e-06,3.5062185e-05,1.6270593e-07
326,0.0029268237,0.0056119403,0.052991584,0.05885932,0.0618447,0.086865686,0.0029268237,0.0056119403,0.00015509702,0.00018100852,8.566297e-06,0.0032772485,0.00015509702,0.00018100852,9.591929e-06,4.5394162e-07,5.2978004e-07,9.591929e-06,2.8073885e-08
440,0.002147251,0.0033686252,0.066896826,0.077329345,0.06404208,0.07088649,0.002147251,0.0033686252,0.00014364428,0.00013751442,4.610687e-06,0.0042842114,0.00014364428,0.00013751442,9.199278e-06,3.0844035e-07,2.9527797e-07,9.199278e-06,1.9753159e-08
468,0.0046074833,0.006110156,0.06337931,0.0745739,0.09425018,0.094454475,0.0046074833,0.006110156,0.0002920191,0.00043425613,2.1228901e-05,0.0059735114,0.0002920191,0.00043425613,2.7522852e-05,1.3454732e-06,2.0008279e-06,2.7522854e-05,1.2681109e-07
469,0.0036917208,0.005311,0.09178196,0.12696458,0.09307069,0.10498456,0.0036917208,0.005311,0.00033883337,0.000343591,1.3628803e-05,0.008542211,0.00033883337,0.000343591,3.1535455e-05,1.2508782e-06,1.268442e-06,3.1535455e-05,1.164201e-07
327,0.0027378462,0.00478547,0.09021717,0.14196004,0.07747913,0.101169884,0.0027378462,0.00478547,0.00024700075,0.00021212595,7.495802e-06,0.0069899485,0.00024700075,0.00021212595,1.9137404e-05,6.7625007e-07,5.8076824e-07,1.9137404e-05,5.239527e-08
441,0.0011639678,0.0034993722,0.06180743,0.055143896,0.038753,0.038243167,0.0011639678,0.0034993722,7.194186e-05,4.510724e-05,1.3548209e-06,0.0023952234,7.194186e-05,4.510724e-05,2.7879628e-06,8.373801e-08,5.2503374e-08,2.7879628e-06,3.2450989e-09
455,0.0026873455,0.0035989888,0.06341109,0.058947578,0.074872814,0.08355794,0.0026873455,0.0035989888,0.0001704075,0.00020120911,7.221826e-06,0.0047477665,0.0001704075,0.00020120911,1.2758889e-05,4.5794383e-07,5.407184e-07,1.2758889e-05,3.428754e-08
333,0.0035573696,0.006042977,0.07021879,0.072975,0.08558581,0.11397833,0.0035573696,0.006042977,0.0002497942,0.00030446035,1.2654878e-05,0.006009732,0.0002497942,0.00030446035,2.1378839e-05,8.8861026e-07,1.083078e-06,2.1378837e-05,7.605243e-08
482,0.003044142,0.0040443023,0.07240744,0.081061065,0.077505164,0.08181347,0.003044142,0.0040443023,0.00022041851,0.00023593672,9.2668e-06,0.0056119505,0.00022041851,0.00023593672,1.7083574e-05,6.7098523e-07,7.1822484e-07,1.7083574e-05,5.2004822e-08
480,0.0055261264,0.009532942,0.067631565,0.07976529,0.115008034,0.1651315,0.0055261264,0.009532942,0.00037374056,0.0006355489,3.053807e-05,0.0077781733,0.00037374056,0.0006355489,4.2983167e-05,2.0653376e-06,3.5121236e-06,4.2983167e-05,2.3753041e-07
443,0.0028859472,0.006486742,0.0654041,0.064364254,0.06331494,0.09331364,0.0028859472,0.006486742,0.00018875279,0.00018272357,8.328691e-06,0.0041410564,0.00018875279,0.00018272357,1.1950871e-05,5.447306e-07,5.273306e-07,1.195087e-05,3.4489585e-08
325,0.0046715015,0.005786774,0.07703456,0.08315048,0.10307784,0.10051205,0.0046715015,0.005786774,0.00035986706,0.00048152826,2.1822925e-05,0.007940556,0.00035986706,0.00048152826,3.7094316e-05,1.6811194e-06,2.24946e-06,3.709432e-05,1.7328615e-07
331,0.004676516,0.007624399,0.074975096,0.07561604,0.113864504,0.14546394,0.004676516,0.007624399,0.00035062226,0.0005324892,2.1869804e-05,0.008537002,0.00035062226,0.0005324892,3.992343e-05,1.6396906e-06,2.4901944e-06,3.9923427e-05,1.8670256e-07
457,0.0032541216,0.004604032,0.069536924,0.13042691,0.07118579,0.07770976,0.0032541216,0.004604032,0.00022628161,0.00023164722,1.0589308e-05,0.004950041,0.00022628161,0.00023164722,1.6108035e-05,7.363479e-07,7.5380825e-07,1.6108035e-05,5.2417505e-08
319,0.0017831937,0.0044928226,0.07131077,0.0646136,0.052802764,0.060743883,0.0017831937,0.0044928226,0.00012716092,9.4157556e-05,3.1797797e-06,0.0037654059,0.00012716092,9.4157556e-05,6.7144483e-06,2.2675255e-07,1.6790116e-07,6.714448e-06,1.1973162e-08
318,0.0052233837,0.009078647,0.053193763,0.060828514,0.09370438,0.12939015,0.0052233837,0.009078647,0.00027785145,0.0004894539,2.7283737e-05,0.0049844887,0.00027785145,0.0004894539,2.6035897e-05,1.4513247e-06,2.5566055e-06,2.6035897e-05,1.3599548e-07
330,0.0019867194,0.005477835,0.08066622,0.09360794,0.059426993,0.10300795,0.0019867194,0.005477835,0.00016026114,0.00011806476,3.947054e-06,0.004793751,0.00016026114,0.00011806476,9.523838e-06,3.1839394e-07,2.3456155e-07,9.523838e-06,1.8921195e-08
456,0.0046435986,0.006123536,0.06613307,0.070312716,0.09397868,0.10206601,0.0046435986,0.006123536,0.0003070954,0.00043639928,2.1563008e-05,0.0062150983,0.0003070954,0.00043639928,2.8860422e-05,1.4260278e-06,2.026463e-06,2.8860422e-05,1.3401622e-07
442,0.0027658334,0.0037242298,0.066595644,0.06789155,0.06865798,0.06869935,0.0027658334,0.0037242298,0.00018419245,0.00018989653,7.6498345e-06,0.004572322,0.00018419245,0.00018989653,1.2646282e-05,5.094456e-07,5.2522216e-07,1.2646281e-05,3.4977507e-08
324,0.0032305703,0.005057689,0.058181025,0.09212534,0.07219572,0.08744795,0.0032305703,0.005057689,0.00018795789,0.00023323337,1.04365845e-05,0.0042004213,0.00018795789,0.00023323337,1.3569756e-05,6.072112e-07,7.534768e-07,1.3569756e-05,4.3838053e-08
481,0.0058191707,0.008715316,0.07359877,0.10681585,0.12530747,0.15554084,0.0058191707,0.008715316,0.00042828382,0.0007291856,3.3862747e-05,0.009222476,0.00042828382,0.0007291856,5.366716e-05,2.4922567e-06,4.2432553e-06,5.366716e-05,3.1229837e-07
