Participant_ID,frequency_spectrum,cepstrum,magnitude_spectrum,phase_spectrum,"(frequency_spectrum, cepstrum)","(frequency_spectrum, magnitude_spectrum)","(frequency_spectrum, phase_spectrum)","(cepstrum, magnitude_spectrum)","(cepstrum, phase_spectrum)","(magnitude_spectrum, phase_spectrum)","(frequency_spectrum, cepstrum, magnitude_spectrum)","(frequency_spectrum, cepstrum, phase_spectrum)","(frequency_spectrum, magnitude_spectrum, phase_spectrum)","(cepstrum, magnitude_spectrum, phase_spectrum)","(frequency_spectrum, cepstrum, magnitude_spectrum, phase_spectrum)"
329,9.960275356107811,3.751363802985562e-07,9.960275356107811,2.0172144540201924e-07,3.736461643867197e-06,99.20708516948858,2.0092011414361796e-06,3.736461643867197e-06,7.567305285670633e-14,2.0092011414361796e-06,3.721618683045252e-05,7.537244434900958e-13,2.0012196614510464e-05,7.537244434900958e-13,7.507302999790475e-12
301,22.355988916472796,1.393819822459258e-07,22.355988916472796,1.7292858059176677e-07,3.1160220502459255e-06,499.7902404334545,3.86598943105091e-06,3.1160220502459255e-06,2.4103128349854786e-14,3.86598943105091e-06,6.966175441878274e-05,5.388492702416749e-13,8.642801687177513e-05,5.388492702416749e-13,1.2046508313172336e-11
467,8.846541190295294,2.8163769947668594e-07,8.846541190295294,1.42134747689208e-07,2.4915195091605095e-06,78.26129103159128,1.2574009000048074e-06,2.4915195091605095e-06,4.0030503354887744e-14,1.2574009000048074e-06,2.204132996421276e-05,3.541314967972684e-13,1.1123648854606903e-05,3.541314967972684e-13,3.1328388731979607e-12
473,5.299870763898184,4.768373382076573e-07,5.299870763898184,2.671589295615016e-07,2.5271762679017933e-06,28.08863011402272,1.4159078000973366e-06,2.5271762679017933e-06,1.273913528505134e-13,1.4159078000973366e-06,1.339370761747004e-05,6.751577065458737e-13,7.504128354111268e-06,6.751577065458737e-13,3.5782485899430255e-12
315,60.454792074211525,2.635195074337855e-07,60.454792074211525,-2.921383168445946e-07,1.593101702940814e-05,3654.7818847361486,-1.7661161201750095e-05,1.593101702940814e-05,-7.698414535742274e-14,-1.7661161201750095e-05,0.0009631063220435921,-4.6540605005938676e-12,-0.0010677018282409336,-4.6540605005938676e-12,-2.8136025986420307e-10
472,9.408253139688444,3.076787172650586e-07,9.408253139688444,1.5778057220027608e-07,2.8947192577243007e-06,88.51522714045747,1.4844395637850866e-06,2.8947192577243007e-06,4.854572406392791e-14,1.4844395637850866e-06,2.7234251545001253e-05,4.567304608428986e-13,1.3965983186658787e-05,4.567304608428986e-13,4.297035792216551e-12
314,22.41526402606482,1.9532505168708198e-07,22.41526402606482,-9.211603159426363e-08,4.3782626044707e-06,502.4440613581956,-2.064805169218748e-06,4.3782626044707e-06,-1.799256863235842e-14,-2.064805169218748e-06,9.813991225465694e-05,-4.03308176401406e-13,-4.628315303042168e-05,-4.03308176401406e-13,-9.040259257908239e-12
300,49.43236405913534,9.720741313181336e-08,49.43236405913534,2.7712145842029775e-14,4.805192235178571e-06,2443.558616474895,1.3698768821230694e-12,4.805192235178571e-06,2.693826009635252e-21,1.3698768821230694e-12,0.0002375320119434774,1.3316218802025758e-19,6.77162527533008e-11,1.3316218802025758e-19,6.582521757128404e-18
466,8.869352820424387,1.9313899023245388e-07,8.869352820424387,9.095171304290256e-08,1.713017847752133e-06,78.66541945317003,8.066828325994973e-07,1.713017847752133e-06,1.7566322017018106e-14,8.066828325994973e-07,1.5193359679397696e-05,1.5580190772612255e-13,7.154754656504286e-06,1.5580190772612255e-13,1.3818620897181853e-12
328,25.663981426729126,2.6643037841974885e-07,25.663981426729126,1.3375503305681977e-07,6.837664283280847e-06,658.6399426714976,3.432686684101763e-06,6.837664283280847e-06,3.563640407287451e-14,3.432686684101763e-06,0.00017548168916832878,9.145720122416656e-13,8.809640730456803e-05,9.145720122416656e-13,2.3471559135576388e-11
458,21.206978205405772,2.954456325391358e-07,21.206978205405772,1.5002196033459025e-07,6.265509090139775e-06,449.7359246045554,3.1815124431479045e-06,6.265509090139775e-06,4.432333296581416e-14,3.1815124431479045e-06,0.00013287251472036596,9.39963956196964e-13,6.747026504206488e-05,9.39963956196964e-13,1.9933795132936002e-11
316,7.237563017969562,3.179161247518711e-07,7.237563017969562,1.6395380917996163e-07,2.30093798732034e-06,52.38231843908067,1.1866260259761287e-06,2.30093798732034e-06,5.2123559652801154e-14,1.1866260259761287e-06,1.6653183683671007e-05,3.77247547708044e-13,8.588280641765018e-06,3.77247547708044e-13,2.730352899911447e-12
470,30.40378809692571,2.931217749820267e-07,30.40378809692571,1.491269172996513e-07,8.91201233314828e-06,924.3903306427615,4.534023193126363e-06,8.91201233314828e-06,4.371234669647169e-14,4.534023193126363e-06,0.0002709589344942288,1.329020926178876e-12,0.00013785148039036042,1.329020926178876e-12,4.04072706159225e-11
464,12.72433086607332,2.8722927490339746e-07,12.72433086607332,1.4533903811169004e-07,3.654800328293159e-06,161.9085959893062,1.849342008689984e-06,3.654800328293159e-06,4.174562653197798e-14,1.849342008689984e-06,4.650488862663555e-05,5.311851642044167e-13,2.3531639603099998e-05,5.311851642044167e-13,6.758975780486484e-12
302,6.513518654847823,2.744178312929832e-08,6.513518654847823,-1.0287193727152569e-15,1.787425663349729e-07,42.4259252670506,-6.700582824784176e-15,1.787425663349729e-07,-2.8229893926959885e-23,-6.700582824784176e-15,1.1642430402382205e-06,-1.838759407176285e-22,-4.364437122758466e-14,-1.838759407176285e-22,-1.1976793700419658e-21
465,33.24035048007455,2.486348460096805e-07,33.24035048007455,-5.237597693756668e-16,8.264709422921144e-06,1104.920900038192,-1.740995830141018e-14,8.264709422921144e-06,-1.3022492960478467e-22,-1.740995830141018e-14,0.0002747218378338735,-4.328722301306078e-21,-5.787131157823576e-13,-4.328722301306078e-21,-1.438882464263289e-19
303,18.66280526272999,9.135974307072725e-09,18.66280526272999,3.3889985590464056e-16,1.7050290937820282e-07,348.3003002745822,6.324822014315561e-15,1.7050290937820282e-07,3.096180376215445e-24,6.324822014315561e-15,3.182062594454298e-06,5.778341141959492e-23,1.1803892157459894e-13,5.778341141959492e-23,1.0784005547401084e-21
317,9.781848425871022,3.3767501029974627e-07,9.781848425871022,1.770106274894124e-07,3.3030857679565542e-06,95.68455862671539,1.7314911278697505e-06,3.3030857679565542e-06,5.977206546065189e-14,1.7314911278697505e-06,3.2310284319802796e-05,5.846812844373374e-13,1.6937183763562358e-05,5.846812844373374e-13,5.719263701809615e-12
471,9.514769610227503,2.8351458307032256e-07,9.514769610227503,1.4314865607397952e-07,2.6975759390538263e-06,90.53084073570884,1.362026482557609e-06,2.6975759390538263e-06,4.05847315438913e-14,1.362026482557609e-06,2.5666813566190265e-05,3.861543703330585e-13,1.2959368184564199e-05,3.861543703330585e-13,3.6741698677015215e-12
459,4.111815744024235,2.8862791862993404e-07,4.111815744024235,1.4611409748994126e-07,1.1867848199875086e-06,16.907028712805573,6.007942464830324e-07,1.1867848199875086e-06,4.2172607841013013e-14,6.007942464830324e-07,4.879840507593606e-06,1.7340599288723722e-13,2.4703552416081098e-06,1.7340599288723722e-13,7.130134916618965e-13
475,5.571869947854185,4.39546757716841e-07,5.571869947854185,4.852719928067272e-07,2.449097369999211e-06,31.045734715800595,2.7038724332551152e-06,2.449097369999211e-06,2.1329973104898712e-13,2.7038724332551152e-06,1.3646052035267325e-05,1.1884783613172316e-12,1.5065625553685546e-05,1.1884783613172316e-12,6.62204686509847e-12
313,8.751679976070385,3.576756539959323e-07,8.751679976070385,1.890101575037345e-07,3.13026285900408e-06,76.59190240355133,1.6541564106993428e-06,3.13026285900408e-06,6.760433169702241e-14,1.6541564106993428e-06,2.7395058782982843e-05,5.916514760084515e-13,1.4476647536805899e-05,5.916514760084515e-13,5.1779443753956526e-12
307,151.31816775397525,2.445582741483881e-07,151.31816775397525,1.1501118567271094e-07,3.7006109953208455e-05,22897.187892420196,1.7403281887206867e-05,3.7006109953208455e-05,2.8126937075878008e-14,1.7403281887206867e-05,0.00559969675382165,4.256116582853214e-12,0.002633432728078088,4.256116582853214e-12,6.440277630646585e-10
461,4.20330029287502,2.870087494679181e-07,4.20330029287502,1.451613422340547e-07,1.2063839606961934e-06,17.66773335208323,6.101567123265331e-07,1.2063839606961934e-06,4.166257530568052e-14,6.101567123265331e-07,5.070794055314036e-06,1.7512031498429451e-13,2.564671887621776e-06,1.7512031498429451e-13,7.360832712618508e-13
449,13.619469535084555,2.75223209713832e-07,13.619469535084555,1.3836637950575467e-07,3.7483941200457222e-06,185.4899504170963,1.8844766903585737e-06,3.7483941200457222e-06,3.8081639084055984e-14,1.8844766903585737e-06,5.105113952345279e-05,5.186517233513857e-13,2.5665572873915564e-05,5.186517233513857e-13,7.063761345503301e-12
448,15.093525711643615,2.3977208031593806e-07,15.093525711643615,2.3491485095368707e-07,3.619006059182889e-06,227.8145184080469,3.5456933429164032e-06,3.619006059182889e-06,5.632602251027407e-14,3.5456933429164032e-06,5.4623561004870965e-05,8.501582689934388e-13,5.3517013636912335e-05,8.501582689934388e-13,1.2831885692018895e-11
306,53.75224379252869,3.322224095611603e-07,53.75224379252869,1.6603645142962156e-07,1.7857699952072802e-05,2889.3037127314387,8.924831815691366e-06,1.7857699952072802e-05,5.5161029968933426e-14,8.924831815691366e-06,0.0009598914413976451,2.965029130737091e-12,0.00047972973556435875,2.965029130737091e-12,1.5937696868732953e-10
474,18.830732290899938,3.0050642129401474e-07,18.830732290899938,3.865412775141202e-14,5.6587559710839846e-06,354.5964786115416,7.278855316250857e-13,5.6587559710839846e-06,1.1615813598818487e-20,7.278855316250857e-13,0.00010655851879101402,2.187342762203459e-19,1.3706617584451369e-11,2.187342762203459e-19,4.118926598349094e-18
312,30.029432146354917,3.432277084313351e-07,30.029432146354917,1.8034922371870508e-07,1.0306933181087667e-05,901.7667950325341,5.415784776308637e-06,1.0306933181087667e-05,6.190085077434134e-14,5.415784776308637e-06,0.0003095113505984861,1.858847398129724e-12,0.00016263294145942218,1.858847398129724e-12,5.582013181256494e-11
489,11.32719682261638,3.788500540356009e-07,11.32719682261638,2.0217945373045064e-07,4.291309128320102e-06,128.3053878582906,2.2901264658938756e-06,4.291309128320102e-06,7.65956969706695e-14,2.2901264658938756e-06,4.8608503123172125e-05,8.676145353522546e-13,2.594071322786279e-05,8.676145353522546e-13,9.827640608097844e-12
462,13.645529174751994,2.908164292877175e-07,13.645529174751994,1.4762807676433274e-07,3.968344070342749e-06,186.20046645900783,2.0144632285002292e-06,3.968344070342749e-06,4.29326701472163e-14,2.0144632285002292e-06,5.4150154787316064e-05,5.85839003043844e-13,2.7488416755964972e-05,5.85839003043844e-13,7.994083207742396e-12
304,12.438660672656669,1.2922932392837387e-07,12.438660672656669,1.7975757929878605e-07,1.6074397093018734e-06,154.72027932949564,2.2359435322357725e-06,1.6074397093018734e-06,2.3229950443783177e-14,2.2359435322357725e-06,1.999439709575988e-05,2.889494710128491e-13,2.781214288070214e-05,2.889494710128491e-13,3.5941444214724745e-12
310,16.100660007172227,3.2584795556555645e-07,16.100660007172227,1.6863043851441192e-07,5.246367146593188e-06,259.2312526665552,2.7150613573809073e-06,5.246367146593188e-06,5.49478836360444e-14,2.7150613573809073e-06,8.446997370009521e-05,8.846971925376133e-13,4.371427981380151e-05,8.846971925376133e-13,1.4244208706347898e-11
476,2.979563651655208,4.26278015829077e-07,2.979563651655208,2.3402736166684908e-07,1.2701224814640212e-06,8.87779955426492,6.97299420315311e-07,1.2701224814640212e-06,9.976071938105821e-14,6.97299420315311e-07,3.7844107789203136e-06,2.972434133307763e-13,2.077648007091748e-06,2.972434133307763e-13,8.856556700543062e-13
338,20.287322688898826,4.340811465306276e-07,20.287322688898826,-1.0980573241941671e-14,8.806344292834017e-06,411.5754618835091,-2.2276643266835858e-13,8.806344292834017e-06,-4.766459822425571e-21,-2.2276643266835858e-13,0.00017865714837826625,-9.669870850121896e-20,-4.519334503797844e-12,-9.669870850121896e-20,-1.9617579029639934e-18
339,9.347332293181623,3.203201087493355e-07,9.347332293181623,1.651128284390745e-07,2.994138496668113e-06,87.37262099915601,1.543364473287118e-06,2.994138496668113e-06,5.288895916151472e-14,1.543364473287118e-06,2.798720746016413e-05,4.943706759231905e-13,1.4426340581305925e-05,4.943706759231905e-13,4.621046983858866e-12
311,5.508499506268467,3.4544642693876235e-07,5.508499506268467,3.627185784502056e-07,1.9028914722343783e-06,30.343566810559942,1.9980351103073576e-06,1.9028914722343783e-06,1.252998369099307e-13,1.9980351103073576e-06,1.048207673528555e-05,6.902140897538726e-13,1.1006175418635141e-05,6.902140897538726e-13,3.802043972628747e-12
477,14.536270856563108,2.3439191811639232e-07,14.536270856563108,1.1446602248124966e-07,3.4071844083292404e-06,211.30317041536597,1.663909106660887e-06,3.4071844083292404e-06,2.6829910568534192e-14,1.663909106660887e-06,4.9527755417732554e-05,3.9000684708157813e-13,2.418703345512461e-05,3.9000684708157813e-13,5.669245165092009e-12
463,8.800595396919329,3.28891487584708e-07,8.800595396919329,1.7069110227326572e-07,2.8944409117239316e-06,77.45047934027768,1.5021833289611887e-06,2.8944409117239316e-06,5.613885054412789e-14,1.5021833289611887e-06,2.5472803364372618e-05,4.94055309686994e-13,1.3220107690184792e-05,4.94055309686994e-13,4.3479808842549134e-12
305,129.2001254052686,1.6715571998665434e-07,129.2001254052686,1.6722518478210639e-07,2.1596539984483707e-05,16692.672404737135,2.160551484476736e-05,2.1596539984483707e-05,2.7952646162154307e-14,2.160551484476736e-05,0.0027902756743151927,3.6114853895594367e-12,0.0027914352273893358,3.6114853895594367e-12,4.666043652303746e-10
488,5.180041812205437,3.126166001631939e-07,5.180041812205437,-1.610078635028748e-07,1.6193670600348536e-06,26.83283317619659,-8.340274650387572e-07,1.6193670600348536e-06,-5.033373088780831e-14,-8.340274650387572e-07,8.388389080288734e-06,-2.6073083056314334e-13,-4.320297141428471e-06,-2.6073083056314334e-13,-1.350596604048134e-12
389,9.068845674035439,2.940343157191155e-07,9.068845674035439,1.4947110555984686e-07,2.6665518321272707e-06,82.24396185947128,1.3555303890497115e-06,2.6665518321272707e-06,4.394963424306925e-14,1.3555303890497115e-06,2.4182547047378672e-05,3.9857245038069835e-13,1.2293095904757052e-05,3.9857245038069835e-13,3.6145920424247008e-12
438,9.569032610461386,2.0865798320826312e-07,9.569032610461386,9.96404348854045e-08,1.9966550457529743e-06,91.56638510007345,9.5346257073899e-07,1.9966550457529743e-06,2.079077218918277e-14,9.5346257073899e-07,1.9106057244652482e-05,1.989475770749636e-13,9.123714432255742e-06,1.989475770749636e-13,1.903735852802607e-12
404,10.057938194805365,2.549161668334349e-07,10.057938194805365,-4.209818119816996e-14,2.5639310508673815e-06,101.1621207305246,-4.2342090460491073e-13,2.5639310508673815e-06,-1.0731506981696867e-20,-4.2342090460491073e-13,2.5787860045366493e-05,-1.0793683395902935e-19,-4.258741288904771e-12,-1.0793683395902935e-19,-1.085622004902886e-18
362,8.922958066639062,4.3694489987246567e-07,8.922958066639062,2.414026722255042e-07,3.898841018993815e-06,79.6191806589991,2.154025921442788e-06,3.898841018993815e-06,1.0547966644451858e-13,2.154025921442788e-06,3.478919492097412e-05,9.411906405675146e-13,1.9220282971487563e-05,9.411906405675146e-13,8.39820461849709e-12
376,21.5418676964817,2.7672822624334387e-07,21.5418676964817,1.3890597537872077e-07,5.961242837616168e-06,464.05206385272174,2.992294143859147e-06,5.961242837616168e-06,3.843920418115499e-14,2.992294143859147e-06,0.00012841630451452664,8.28052250828487e-13,6.445960455597073e-05,8.28052250828487e-13,1.7837792033121147e-11
410,7.20755687811616,2.686750142552116e-07,7.20755687811616,-2.392200634817188e-16,1.9364904469731077e-06,51.94887615127956,-1.7241922139310468e-15,1.9364904469731077e-06,-6.427245396608343e-23,-1.7241922139310468e-15,1.3957365040487259e-05,-4.632473676566489e-22,-1.2427213450713045e-14,-4.632473676566489e-22,-3.338881751022885e-21
377,8.306162291855205,2.2237891571228654e-07,8.306162291855205,1.0726180892722746e-07,1.8471153641930415e-06,68.99233201863731,8.909339926675148e-07,1.8471153641930415e-06,2.38527647665753e-14,8.909339926675148e-07,1.5342439986766635e-05,1.9812493526062017e-13,7.400242334426913e-06,1.9812493526062017e-13,1.6456578663380171e-12
411,20.906277485897853,2.1496830899141435e-07,20.906277485897853,-1.03026864403243e-07,4.494187118448739e-06,437.07243831735946,-2.1539082157161703e-06,4.494187118448739e-06,-2.2147510821452888e-14,-2.1539082157161703e-06,9.395672297183701e-05,-4.630220068552196e-13,-4.503020283691738e-05,-4.630220068552196e-13,-9.680066557392518e-12
405,23.12599904524083,1.9288427502223042e-07,23.12599904524083,1.814747925406263e-07,4.460641560006071e-06,534.8118318404798,4.196785879029802e-06,4.460641560006071e-06,3.500363379400837e-14,4.196785879029802e-06,0.00010315679245786197,8.094940017001975e-13,9.705486623152341e-05,8.094940017001975e-13,1.8720357510446946e-11
363,10.705752257344843,2.376524126736384e-07,10.705752257344843,1.1610778263017122e-07,2.5442478534442522e-06,114.61313139564419,1.2430211559882598e-06,2.5442478534442522e-06,2.7593294672246553e-14,1.2430211559882598e-06,2.7238087200255574e-05,2.9540697672498497e-13,1.3307476546648708e-05,2.9540697672498497e-13,3.162553907908923e-12
439,17.54771660314319,2.2853152973871023e-07,17.54771660314319,1.1091068192542361e-07,4.010206518737677e-06,307.9223579842272,1.946229214688689e-06,4.010206518737677e-06,2.5346587804780576e-14,1.946229214688689e-06,7.036996751088619e-05,4.447747396549748e-13,3.4151878704115044e-05,4.447747396549748e-13,7.804781083702292e-12
388,9.79135325610199,3.2995826410937e-07,9.79135325610199,1.7140983707009215e-07,3.23073792366504e-06,95.87059858577905,1.6783342663241583e-06,3.23073792366504e-06,5.655809229091754e-14,1.6783342663241583e-06,3.163329628848988e-05,5.537802611115923e-13,1.6433163683400594e-05,5.537802611115923e-13,5.422258162800001e-12
349,5.3103851259986365,2.384625304887273e-07,5.3103851259986365,1.1716764569546468e-07,1.266327875015334e-06,28.200190186427555,6.222053229494738e-07,1.266327875015334e-06,2.7940093283947145e-14,6.222053229494738e-07,6.7246887121188894e-06,1.4837265579408732e-13,3.3041498923080637e-06,1.4837265579408732e-13,7.879159444338367e-13
413,11.615111013067315,2.831664016173611e-07,11.615111013067315,2.858664865327775e-07,3.2890091899564535e-06,134.91080384587764,3.3203709759937232e-06,3.2890091899564535e-06,8.094778433448443e-14,3.3203709759937232e-06,3.820220686434281e-05,9.40217501306868e-13,3.8566477490733764e-05,9.40217501306868e-13,1.0920730654108034e-11
375,8.754189202183763,4.2111474779698813e-07,8.754189202183763,4.587117105109979e-07,3.686518178044732e-06,76.6358285876308,4.015649103070622e-06,3.686518178044732e-06,1.931702662833639e-13,4.015649103070622e-06,3.227247762789336e-05,1.6910490592807865e-12,3.5153752017859755e-05,1.6910490592807865e-12,1.4803763415118872e-11
361,6.542133118068427,4.071200230722212e-07,6.542133118068427,2.219595862384196e-07,2.66343338596956e-06,42.79950573452771,1.4520891600031299e-06,2.66343338596956e-06,9.036419187048605e-14,1.4520891600031299e-06,1.7424535762120586e-05,5.911745723233965e-13,9.499760584044637e-06,5.911745723233965e-13,3.86754274815683e-12
407,37.01690599844291,2.3373445630406038e-07,37.01690599844291,1.1376227153732234e-07,8.652126397604564e-06,1370.2513296975585,4.211127311666398e-06,8.652126397604564e-06,2.659016268569092e-14,4.211127311666398e-06,0.00032027494954677465,9.84285552619525e-13,0.00015588290384343064,9.84285552619525e-13,3.643520577694239e-11
360,11.062411442213145,5.559156846861035e-07,11.062411442213145,6.470293240737764e-07,6.149768031177307e-06,122.37694691680832,7.157704598081181e-06,6.149768031177307e-06,3.596937497044602e-13,7.157704598081181e-06,6.803126423505244e-05,3.979080252423172e-12,7.918147324579491e-05,3.979080252423172e-12,4.401822291389046e-11
406,10.949281880435452,3.728151817126877e-07,10.949281880435452,1.973896639154573e-07,4.082058513877982e-06,119.8867736972321,2.16127507049476e-06,4.082058513877982e-06,7.358986342084757e-14,2.16127507049476e-06,4.4695609320881455e-05,8.057561581376059e-13,2.366440996800513e-05,8.057561581376059e-13,8.82245130234537e-12
412,12.617834401733496,3.2222420861742863e-07,12.617834401733496,1.6626895518639178e-07,4.065771704564342e-06,159.20974498956932,2.0979541426911395e-06,4.065771704564342e-06,5.35758825025818e-14,2.0979541426911395e-06,5.1301234083446585e-05,6.760116133443082e-13,2.6471637954907564e-05,6.760116133443082e-13,8.529802590827175e-12
374,27.181706585862088,2.2828743972432814e-07,27.181706585862088,1.1064357411403489e-07,6.205242203824365e-06,738.8451729198983,3.0074811671787824e-06,6.205242203824365e-06,2.5258538256441975e-14,3.0074811671787824e-06,0.0001686690728785621,6.865701756743784e-13,8.17484706487597e-05,6.865701756743784e-13,1.866214906578474e-11
348,10.080120977960947,3.726100985453975e-07,10.080120977960947,3.9609635281474877e-07,3.7559548709475572e-06,101.60883893032836,3.992699155301769e-06,3.7559548709475572e-06,1.475895010557761e-13,3.992699155301769e-06,3.786047948691307e-05,1.4877200257191179e-12,4.024689051404432e-05,1.4877200257191179e-12,1.499639784058388e-11
370,27.8100094756271,2.4092000058558433e-07,27.8100094756271,-1.1788501583724655e-07,6.6999874991531875e-06,773.3966270344691,-3.2783834074682774e-06,6.6999874991531875e-06,-2.840085808454106e-14,-3.2783834074682774e-06,0.00018632671583803328,-7.898281324470275e-13,-9.117187362643146e-05,-7.898281324470275e-13,-2.196512784746869e-11
416,10.629451434743366,3.1823273007856036e-07,10.629451434743366,1.6455978056314753e-07,3.3826393493158517e-06,112.9852378035678,1.7491801956080021e-06,3.3826393493158517e-06,5.236830822973925e-14,1.7491801956080021e-06,3.5955600684804744e-05,5.566463890476847e-13,1.8592825939830158e-05,5.566463890476847e-13,5.916845758707626e-12
402,10.629391859652696,2.9223074987239913e-07,10.629391859652696,2.386146317207015e-15,3.1062351538338823e-06,112.98397130605099,2.5363284240060503e-14,3.1062351538338823e-06,6.973053275826695e-22,2.5363284240060503e-14,3.301739065832891e-05,7.411931572699684e-21,2.695962870353566e-13,7.411931572699684e-21,7.878432512315681e-20
364,24.899949160034684,1.7316047919136876e-07,24.899949160034684,7.997522813842602e-08,4.311687128392326e-06,620.007468172312,1.991379114708983e-06,4.311687128392326e-06,1.3848548827888888e-14,1.991379114708983e-06,0.00010736079029094486,3.4482816175469124e-13,4.958523871460856e-05,3.4482816175469124e-13,8.586203696640028e-12
358,7.949033547410235,4.07924841465064e-07,7.949033547410235,2.1990408411089442e-07,3.2426082496277957e-06,63.18713433785335,1.7480249418100218e-06,3.2426082496277957e-06,8.970433864845672e-14,1.7480249418100218e-06,2.577560175740053e-05,7.130627972648309e-13,1.3895108904157688e-05,7.130627972648309e-13,5.668160096868324e-12
359,18.233500903651375,2.7363074227804e-07,18.233500903651375,4.756704185466948e-15,4.989246386593439e-06,332.4605552034555,8.673137006411387e-14,4.989246386593439e-06,1.3015804970663807e-21,8.673137006411387e-14,9.097142849849082e-05,2.3732369169434857e-20,1.5814165144389422e-12,2.3732369169434857e-20,4.327241746966785e-19
403,32.885957557644964,3.1951208377695745e-07,32.885957557644964,1.6518940208896314e-07,1.0507460826243724e-05,1081.486204483226,5.432411666070391e-06,1.0507460826243724e-05,5.2780010079314305e-14,5.432411666070391e-06,0.0003455479107704682,1.7357211713604034e-12,0.00017865005948604622,1.7357211713604034e-12,5.708085277326403e-11
365,6.82271282461699,2.1437198341322325e-07,6.82271282461699,1.027890198746209e-07,1.462598480471979e-06,46.54941028719315,7.012999641283867e-07,1.462598480471979e-06,2.2035086063623706e-14,7.012999641283867e-07,9.978889409981494e-06,1.5033906427782458e-13,4.784768259162179e-06,1.5033906427782458e-13,1.0257202618892319e-12
371,12.761802792008885,3.060185281850859e-07,12.761802792008885,1.5627493353232266e-07,3.905348107398879e-06,162.86361050212577,1.994349883073798e-06,3.905348107398879e-06,4.7823025151783505e-14,1.994349883073798e-06,4.983928238076962e-05,6.103080159043418e-13,2.545149990605379e-05,6.103080159043418e-13,7.788630541353432e-12
417,8.119804305080432,3.1252142117369164e-07,8.119804305080432,-1.6075353436750424e-07,2.5376127810759964e-06,65.93122195280272,-1.3052872404141562e-06,2.5376127810759964e-06,-5.023892301922631e-14,-1.3052872404141562e-06,2.0604919184408002e-05,-4.079302234141182e-13,-1.0598676954081422e-05,-4.079302234141182e-13,-3.312313584250379e-12
367,12.04884329707787,1.8621327894463296e-07,12.04884329707787,8.703478302304375e-08,2.2436546178389326e-06,145.1746247975383,1.0486684620398274e-06,2.2436546178389326e-06,1.620703232895565e-14,1.0486684620398274e-06,2.7033442903106433e-05,1.9527599284226163e-13,1.2635241969705533e-05,1.9527599284226163e-13,2.35284983743771e-12
401,5.13379106484655,2.993177129892751e-07,5.13379106484655,1.5251108801124723e-07,1.5366346004946446e-06,26.355810697498274,7.829600609221668e-07,1.5366346004946446e-06,4.564927006903257e-14,7.829600609221668e-07,7.888760981953455e-06,2.343538147971665e-13,4.019553364893931e-06,2.343538147971665e-13,1.2031235204183965e-12
415,13.504483920145057,3.488706153237592e-07,13.504483920145057,1.8249757831346683e-07,4.711317614850818e-06,182.37108594945641,2.464535611799626e-06,4.711317614850818e-06,6.366804244131511e-14,2.464535611799626e-06,6.362391297244904e-05,8.598040553758529e-13,3.3282281540172913e-05,8.598040553758529e-13,1.1611210040298716e-11
373,14.503649071174339,2.3202941925762905e-07,14.503649071174339,1.1262023342975984e-07,3.3652732711010327e-06,210.35583637977626,1.6334043439789737e-06,3.3652732711010327e-06,2.61312073593658e-14,1.6334043439789737e-06,4.880874255265232e-05,3.789978613463298e-13,2.369032339640277e-05,3.789978613463298e-13,5.496851979692756e-12
429,8.5621932347103,2.9154655378567825e-07,8.5621932347103,1.4879985025519265e-07,2.4962779304268368e-06,73.31115298851883,1.2740530711809162e-06,2.4962779304268368e-06,4.338208354572639e-14,1.2740530711809162e-06,2.137361400785729e-05,3.714457822428555e-13,1.090868858672712e-05,3.714457822428555e-13,3.180390563781453e-12
428,9.981372813185589,3.779312927837372e-07,9.981372813185589,2.0235173116590555e-07,3.7722731310436776e-06,99.62780323580039,2.0197480681604088e-06,3.7722731310436776e-06,7.647505135655793e-14,2.0197480681604088e-06,3.765246447410984e-05,7.63325998497319e-13,2.0159858457020416e-05,7.63325998497319e-13,7.619041368998884e-12
414,12.831663364778699,2.861322386193877e-07,12.831663364778699,1.4474840753535422e-07,3.671552563774514e-06,164.6515847070038,1.8573628380814616e-06,3.671552563774514e-06,4.1417185884682354e-14,1.8573628380814616e-06,4.7112126524444736e-05,5.31451386788708e-13,2.383305468451128e-05,5.31451386788708e-13,6.8194052900174976e-12
372,26.159884808281856,1.9887918126627215e-07,26.159884808281856,-9.412415009123841e-08,5.202656472691086e-06,684.3395731825758,-2.462276924064229e-06,5.202656472691086e-06,-1.8719333907529212e-14,-2.462276924064229e-06,0.0001361008940226608,-4.896956187087288e-13,-6.441288069961079e-05,-4.896956187087288e-13,-1.2810380976540658e-11
366,16.74992094398683,2.2494852738398803e-07,16.74992094398683,1.0853650887024828e-07,3.767870050148056e-06,280.55985162980863,1.817977943112984e-06,3.767870050148056e-06,2.4415127837761505e-14,1.817977943112984e-06,6.311152546719562e-05,4.089514611198373e-13,3.0450986825054267e-05,4.089514611198373e-13,6.849904643685178e-12
400,10.519321740618679,2.9876725903412953e-07,10.519321740618679,1.5210406393767668e-07,3.142828923342771e-06,110.65612988265279,1.600031586616056e-06,3.142828923342771e-06,4.5443714270611647e-14,1.600031586616056e-06,3.3060428620364806e-05,4.780370515013084e-13,1.6831247054766875e-05,4.780370515013084e-13,5.028625548678964e-12
399,7.3995825088326175,3.6612443161617076e-07,7.3995825088326175,3.450845820175158e-15,2.709167940243301e-06,54.75382130502161,2.5534818371646247e-14,2.709167940243301e-06,1.2634389645066684e-21,2.5534818371646247e-14,2.004671170411442e-05,9.348920862741137e-21,1.8894699538905134e-13,9.348920862741137e-21,6.917811129239966e-20
380,58.55955033856914,1.5930050299786164e-07,58.55955033856914,1.4857576667182193e-15,9.328565824262662e-06,3429.220935855413,8.700530087510059e-14,9.328565824262662e-06,2.366819436411416e-22,8.700530087510059e-14,0.0005462766199725651,1.3859988192883815e-20,5.0949912963178065e-12,1.3859988192883815e-20,8.1163467627315365e-19
419,12.803802544372349,3.0642807944873e-07,12.803802544372349,1.5720606339489674e-07,3.9234446233127815e-06,163.93735959527584,2.0128353944863395e-06,3.9234446233127815e-06,4.8172352083793503e-14,2.0128353944863395e-06,5.0235010250676206e-05,6.167892841788759e-13,2.577194694532692e-05,6.167892841788759e-13,7.897248206111092e-12
425,7.533798166421154,2.502810245843033e-07,7.533798166421154,1.2337708544573362e-07,1.885566724103232e-06,56.75811481237074,9.29498060109454e-07,1.885566724103232e-06,3.087894335558334e-14,9.29498060109454e-07,1.420547912871367e-05,2.326357268333165e-13,7.0026507809446235e-06,2.326357268333165e-13,1.752630612260892e-12
343,3.7203392641782393,2.9923238131928427e-07,3.7203392641782393,1.5364591509685351e-07,1.1132459773356885e-06,13.840924240586283,5.716149307154202e-07,1.1132459773356885e-06,4.597583305441205e-14,5.716149307154202e-07,4.14165272017044e-06,1.710456969156329e-13,2.126601470731102e-06,1.710456969156329e-13,6.363480222039599e-13
357,9.166791212376475,5.894092433945945e-07,9.166791212376475,3.4348085181290416e-07,5.402991472843036e-06,84.03006113130257,3.1486172540181163e-06,5.402991472843036e-06,2.0245078898757468e-13,3.1486172540181163e-06,4.952809475380257e-05,1.8558241134299837e-12,2.8862716975270216e-05,1.8558241134299837e-12,1.7011952174706336e-11
431,3.273495407559006,3.286915658893742e-07,3.273495407559006,1.7087533839037566e-07,1.0759703314422448e-06,10.715772183309904,5.593596354859859e-07,1.0759703314422448e-06,5.6165282547409274e-14,5.593596354859859e-07,3.52218393864593e-06,1.8385679448319823e-13,1.8310611979372543e-06,1.8385679448319823e-13,6.018543723892694e-13
356,10.594835831084835,2.945526474712055e-07,10.594835831084835,1.4934576211024232e-07,3.120736943568828e-06,112.25054628763908,1.5822938316262672e-06,3.120736943568828e-06,4.3990189618176726e-14,1.5822938316262672e-06,3.306369558911319e-05,4.660688371828749e-13,1.676414338261849e-05,4.660688371828749e-13,4.937922815937167e-12
430,6.46223477042417,3.057488443579138e-07,6.46223477042417,1.567736076780481e-07,1.9758208130267186e-06,41.76047822807913,1.0131078586219202e-06,1.9758208130267186e-06,4.793334937338417e-14,1.0131078586219202e-06,1.2768217958069015e-05,3.097565569835728e-13,6.546940830176547e-06,3.097565569835728e-13,2.0017195929061203e-12
424,36.65069640198376,2.682850377249533e-07,36.65069640198376,-1.3406969357065666e-07,9.832833466852023e-06,1343.273546750385,-4.913747635765131e-06,9.832833466852023e-06,-3.596889279737655e-14,-4.913747635765131e-06,0.00036038019416485893,-1.3182849698321483e-12,-0.00018009227279439327,-1.3182849698321483e-12,-4.831606220061639e-11
418,17.519006626404078,2.6234547172659487e-07,17.519006626404078,1.3080780181911848e-07,4.5960320575853195e-06,306.91559317599,2.291622746854488e-06,4.5960320575853195e-06,3.4316834473755574e-14,2.291622746854488e-06,8.051791607200278e-05,6.011968505429358e-13,4.014695408736209e-05,6.011968505429358e-13,1.0532371608434953e-11
395,6.546522753441447,3.109277694243672e-07,6.546522753441447,1.6022925059582148e-07,2.0354957172134157e-06,42.85696016132659,1.048944434792417e-06,2.0354957172134157e-06,4.981972348429673e-14,1.048944434792417e-06,1.3325419027270244e-05,3.2614595336010975e-13,6.866938609464336e-06,3.2614595336010975e-13,2.1351219046148117e-12
381,6.003555434833222,2.6289963204208853e-07,6.003555434833222,1.3079579334449928e-07,1.578332514761935e-06,36.04267785911552,7.852397959866916e-07,1.578332514761935e-06,3.4386165942921914e-14,7.852397959866916e-07,9.475606746973002e-06,2.064392534297059e-13,4.7142306448432335e-06,2.064392534297059e-13,1.239369501890824e-12
397,11.511209529347392,2.941475212744773e-07,11.511209529347392,1.494554796338469e-07,3.3859937499286775e-06,132.5079448285382,1.7204133413743234e-06,3.3859937499286775e-06,4.396195887518419e-14,1.7204133413743234e-06,3.89768835204897e-05,5.060553199327984e-13,1.9804038449644502e-05,5.060553199327984e-13,5.8253088211873716e-12
383,11.971150566880665,2.1644613388084e-07,11.971150566880665,-1.0406534261498217e-07,2.591109258306746e-06,143.30844589492727,-1.2457818852379744e-06,2.591109258306746e-06,-2.2524541079997915e-14,-1.2457818852379744e-06,3.101855906642854e-05,-2.6964467271854386e-13,-1.4913442521676242e-05,-2.6964467271854386e-13,-3.2279569766709474e-12
368,26.30689225621468,2.1862677098314196e-07,26.30689225621468,2.103275144710445e-07,5.751390908577638e-06,692.052580180088,5.533063261707202e-06,5.751390908577638e-06,4.5983225337714525e-14,5.533063261707202e-06,0.00015130122095532457,1.2096757545524969e-12,0.00014555769907255114,1.2096757545524969e-12,3.1822809739967735e-11
432,5.297237152547956,2.985187088659596e-07,5.297237152547956,1.522340607146865e-07,1.581324395335408e-06,28.060721450334373,8.064199223010785e-07,1.581324395335408e-06,4.544471524997032e-14,8.064199223010785e-07,8.376650337201154e-06,2.407314340091054e-13,4.271797572968109e-06,2.407314340091054e-13,1.2752114960191796e-12
354,2.81574882131616,4.461608740116787e-07,2.81574882131616,4.940216942300984e-07,1.2562769551157721e-06,7.928441424743345,1.391041003233012e-06,1.2562769551157721e-06,2.2041315087843097e-13,1.391041003233012e-06,3.53736035561389e-06,6.20628069788523e-13,3.9168220652558025e-06,6.20628069788523e-13,1.7475327559827574e-12
340,8.840812604471925,4.33556050070776e-07,8.840812604471925,2.377371092504844e-07,3.8329877922107775e-06,78.15996750738965,2.1017892320124017e-06,3.8329877922107775e-06,1.0307236204188456e-13,2.1017892320124017e-06,3.3886726786164055e-05,9.112434375125867e-13,1.8581524734318606e-05,9.112434375125867e-13,8.0561324681036e-12
426,8.163715521889237,3.221394909814402e-07,8.163715521889237,1.6628835356118688e-07,2.629855162738681e-06,66.64625112233526,1.3575308130768667e-06,2.629855162738681e-06,5.3568045572342496e-14,1.3575308130768667e-06,2.1469389412370318e-05,4.373142851162025e-13,1.1082495370158533e-05,4.373142851162025e-13,3.5701094173470378e-12
341,11.268902280923077,3.182206107521672e-07,11.268902280923077,1.642373001769169e-07,3.585996966341832e-06,126.98815861699333,1.850774086576307e-06,3.585996966341832e-06,5.2263693970585517e-14,1.850774086576307e-06,4.0410249393392705e-05,5.889544601945968e-13,2.0856192325693072e-05,5.889544601945968e-13,6.636870259846712e-12
427,3.5578122063196607,3.165096679696364e-07,3.5578122063196607,3.2685445326752127e-07,1.1260819601205553e-06,12.658027695437172,1.1628867635251262e-06,1.1260819601205553e-06,1.0345259447810019e-13,1.1628867635251262e-06,4.006388143033281e-06,3.6806490340962283e-13,4.137332721837259e-06,3.6806490340962283e-13,1.3095058060686228e-12
433,4.620820543061765,3.393515972153606e-07,4.620820543061765,1.7767284072516286e-07,1.56808283173356e-06,21.35198249118162,8.209943123669735e-07,1.56808283173356e-06,6.029356228187438e-14,8.209943123669735e-07,7.245829362096898e-06,2.7860573120645914e-13,3.793667384322178e-06,2.7860573120645914e-13,1.2873870861735506e-12
355,8.699219990173686,3.9326766057938373e-07,8.699219990173686,2.111691979314764e-07,3.4211218944010152e-06,75.67642843743748,1.8370073079544434e-06,3.4211218944010152e-06,8.304601645693655e-14,1.8370073079544434e-06,2.976109197259418e-05,7.224355664664755e-13,1.5980530695452443e-05,7.224355664664755e-13,6.284625921417614e-12
369,28.421612552781685,2.738333674476318e-07,28.421612552781685,1.368512692837754e-07,7.782785873620092e-06,807.7880601004374,3.889533752939857e-06,7.782785873620092e-06,3.747444390745888e-14,3.889533752939857e-06,0.00022119932468129278,1.0650841253687464e-12,0.00011054682133702351,1.0650841253687464e-12,3.027140834734886e-11
382,11.206715940921574,3.317522025084885e-07,11.206715940921574,1.7286563475799142e-07,3.7178526962877205e-06,125.59048218050573,1.937256064679909e-06,3.7178526962877205e-06,5.734855506899158e-14,1.937256064679909e-06,4.1664919077485856e-05,6.426889662804867e-13,2.1710278421695333e-05,6.426889662804867e-13,7.202432683469939e-12
396,8.604533897989102,3.476460069065384e-07,8.604533897989102,1.8256773155228e-07,2.9913318509278634e-06,74.03800360164352,1.5709102348205675e-06,2.9913318509278634e-06,6.346894286413498e-14,1.5709102348205675e-06,2.5739016311443284e-05,5.46120670343983e-13,1.3516950366211594e-05,5.46120670343983e-13,4.699113820367333e-12
392,11.000920989049972,4.026398106854625e-07,11.000920989049972,2.1728817681548289e-07,4.429408744396811e-06,121.0202626073202,2.390370065001847e-06,4.429408744396811e-06,8.748887037717533e-14,2.390370065001847e-06,4.8727575625316357e-05,9.624581504405404e-13,2.6296272219675563e-05,9.624581504405404e-13,1.0587926068263554e-11
386,23.75784857979812,2.734732821390979e-07,23.75784857979812,1.3707508378639776e-07,6.497136827681098e-06,564.4353691406156,3.2566090846603784e-06,6.497136827681098e-06,3.748637306255804e-14,3.2566090846603784e-06,0.00015435799295427746,8.905955750260771e-13,7.737002551695624e-05,8.905955750260771e-13,2.115863481730778e-11
351,11.8714724052356,3.5250193246297824e-07,11.8714724052356,1.8512975245140206e-07,4.18471696402647e-06,140.93185706827032,2.197762747614917e-06,4.18471696402647e-06,6.525859549551201e-14,2.197762747614917e-06,4.967875196216154e-05,7.747156156294031e-13,2.6090679811565262e-05,7.747156156294031e-13,9.19701505284957e-12
437,4.019110498698427,3.2423069847311245e-07,4.019110498698427,-2.089412129787228e-16,1.3031190042336104e-06,16.15324920074792,-8.397578226935689e-16,1.3031190042336104e-06,-6.774515542391065e-23,-8.397578226935689e-16,5.2373792709687435e-06,-2.72275265400196e-22,-3.3750794815518548e-15,-2.72275265400196e-22,-1.0943043777058283e-21
423,14.03209909005074,2.83121269043238e-07,14.03209909005074,1.4306241359262105e-07,3.972785701715631e-06,196.89980487300284,2.0074659635934806e-06,3.972785701715631e-06,4.0504012088731455e-14,2.0074659635934806e-06,5.57465226300105e-05,5.683563111736928e-13,2.8168961321047914e-05,5.683563111736928e-13,7.97523207684497e-12
345,24.586475157751803,3.426748542352764e-07,24.586475157751803,1.7946322876284298e-07,8.425166790841843e-06,604.4947606827466,4.412368215707568e-06,8.425166790841843e-06,6.149753575689928e-14,4.412368215707568e-06,0.00020714515400294844,1.5120076351499572e-12,0.00010848458152234777,1.5120076351499572e-12,3.717493815994548e-11
379,24.863221458429525,2.819932892338397e-07,24.863221458429525,1.421772878157853e-07,7.011261600011927e-06,618.1797812909103,3.5349853933227436e-06,7.011261600011927e-06,4.009304104551962e-14,3.5349853933227436e-06,0.00017432254986407946,9.96842158456659e-13,8.789112468649697e-05,9.96842158456659e-13,2.4784707344806807e-11
378,9.893343362862817,3.1583423340879705e-07,9.893343362862817,4.652262611725042e-16,3.124656516859788e-06,97.87824289550176,4.6026431432004785e-15,3.124656516859788e-06,1.4693437955905869e-22,4.6026431432004785e-15,3.0913299812300834e-05,1.4536722687869791e-21,4.5535528992408506e-14,1.4536722687869791e-21,1.4381678892181394e-20
422,12.529607682261776,2.2117523232678302e-07,12.529607682261776,-1.0675548206377645e-07,2.771238890087694e-06,156.99106867139332,-1.3376043081898528e-06,2.771238890087694e-06,-2.3611668547613476e-14,-1.3376043081898528e-06,3.4722536086625365e-05,-2.9584494362519656e-13,-1.6759657215722026e-05,-2.9584494362519656e-13,-3.706821078404565e-12
344,57.980065405194395,2.6246945000401383e-07,57.980065405194395,1.3065175800084668e-07,1.5217995878098123e-05,3361.68798439062,7.575197474192721e-06,1.5217995878098123e-05,3.429209506453974e-14,7.575197474192721e-06,0.0008823403963481079,1.9882579147231584e-12,0.00043921044501095733,1.9882579147231584e-12,1.1527932393804413e-10
350,6.602937938136191,3.137723737567771e-07,6.602937938136191,1.6157388946088331e-07,2.071819510617672e-06,43.59878941487821,1.0668623645334897e-06,2.071819510617672e-06,5.069742283325647e-14,1.0668623645334897e-06,1.3680095647628184e-05,3.347519365914411e-13,7.044425981547862e-06,3.347519365914411e-13,2.210346261984187e-12
436,2.484045305345598,3.8565637153021556e-07,2.484045305345598,2.0711710575712895e-07,9.579878991762498e-07,6.170481079009506,5.144882742127639e-07,9.579878991762498e-07,7.987603148813426e-14,5.144882742127639e-07,2.3796853435266556e-06,1.9841568102773712e-13,1.278012182213575e-06,1.9841568102773712e-13,4.928735409639e-13
387,6.908682054748958,4.3098695113548475e-07,6.908682054748958,4.72713532827984e-07,2.9775518151406895e-06,47.72988773361028,3.2658275012856753e-06,2.9775518151406895e-06,2.0373336427401669e-13,3.2658275012856753e-06,2.057095879234767e-05,1.4075290377135316e-12,2.2562563852037975e-05,1.4075290377135316e-12,9.724170604389545e-12
393,7.295585966937942,4.159521180822108e-07,7.295585966937942,4.52304310083346e-07,3.034614435598691e-06,53.22557460098183,3.2998249774296067e-06,3.034614435598691e-06,1.8813693579688083e-13,3.2998249774296067e-06,2.2139290491421115e-05,1.3725691886624283e-12,2.407415679868675e-05,1.3725691886624283e-12,1.001369651145701e-11
385,6.503290164879278,4.764012789567605e-07,6.503290164879278,2.656644732514352e-07,3.0981757519754097e-06,42.29278296861555,1.7276931560538926e-06,3.0981757519754097e-06,1.265628948303578e-13,1.7276931560538926e-06,2.0148335896889145e-05,8.230752291889164e-13,1.123568990969452e-05,8.230752291889164e-13,5.352697042940038e-12
391,11.703544607615243,3.8993163509801013e-07,11.703544607615243,2.0949252555473882e-07,4.563582285289911e-06,136.97295638243983,2.451805117791862e-06,4.563582285289911e-06,8.168776303037098e-14,2.451805117791862e-06,5.341008884641318e-05,9.560363785222501e-13,2.86948105652564e-05,9.560363785222501e-13,1.1189014402538084e-11
346,10.277797685499593,2.3893495180887305e-07,10.277797685499593,1.1661144685376861e-07,2.4557250946861922e-06,105.63312526406078,1.1985088585764218e-06,2.4557250946861922e-06,2.7862550434368163e-14,1.1985088585764218e-06,2.5239445694389015e-05,2.863656563664648e-13,1.2318031572727505e-05,2.863656563664648e-13,2.9432082802098236e-12
420,7.623515855192635,2.7145849757459435e-07,7.623515855192635,1.358335930161516e-07,2.0694681602866914e-06,58.1179939943735,1.0355295500264153e-06,2.0694681602866914e-06,3.6873183080323426e-14,1.0355295500264153e-06,1.5776623331761925e-05,2.8110329584426643e-13,7.894375943146872e-06,2.8110329584426643e-13,2.1429954328156708e-12
434,21.10576763558786,2.2314721918944875e-07,21.10576763558786,1.0794443298890513e-07,4.709693356740098e-06,445.453427487428,2.278250120219116e-06,4.709693356740098e-06,2.4087500048455974e-14,2.278250120219116e-06,9.94016936222283e-05,5.083851789449232e-13,4.8084217653094775e-05,5.083851789449232e-13,1.07298594561883e-11
352,18.568000330073,3.5394111115857437e-07,18.568000330073,1.8744356956946443e-07,6.571978668818814e-06,344.7706362575911,3.480452261635877e-06,6.571978668818814e-06,6.634398529294578e-14,3.480452261635877e-06,0.00012202850209186047,1.2318751408177756e-12,6.462503874285829e-05,1.2318751408177756e-12,2.2873458021313184e-11
408,4.058900246937947,3.7345532019242696e-07,4.058900246937947,-1.9901642700575342e-07,1.5158178913493318e-06,16.474671214592927,-8.077878247183605e-07,1.5158178913493318e-06,-7.43237434709864e-14,-8.077878247183605e-07,6.152553613510761e-06,-3.0167266072773937e-13,-3.2787302012228203e-06,-3.0167266072773937e-13,-1.2244592371222488e-12
409,23.59290143761903,2.7473946825777977e-07,23.59290143761903,-9.13283081935558e-16,6.4819011956296605e-06,556.6249982452061,-2.1546997736750563e-14,6.4819011956296605e-06,-2.509149082998015e-22,-2.1546997736750563e-14,0.00015292685603687553,-5.919810700746434e-21,-5.083561938797564e-13,-5.919810700746434e-21,-1.3966551039207308e-19
435,5.311184184620386,2.444311679098086e-07,5.311184184620386,-1.649617041265361e-15,1.2982189532308656e-06,28.20867744296172,-8.76141994024886e-15,1.2982189532308656e-06,-4.032178200004151e-22,-8.76141994024886e-15,6.895079972574206e-06,-2.1415641085433145e-21,-4.653351502146744e-14,-2.1415641085433145e-21,-1.1374241423645909e-20
353,18.901032846082877,3.4425814050415895e-07,18.901032846082877,2.257686006754938e-14,6.506834421200523e-06,357.2490426487038,4.2672597369816775e-13,6.506834421200523e-06,7.77226786527715e-21,4.2672597369816775e-13,0.00012298589111913374,1.4690389021015786e-19,8.065561645145766e-12,1.4690389021015786e-19,2.7766352540795465e-18
347,5.0235321582093455,4.2277438895124e-07,5.0235321582093455,2.3295594717412849e-07,2.12382073856386e-06,25.235875344563446,1.170261692075352e-06,2.12382073856386e-06,9.848780821909952e-14,1.170261692075352e-06,1.0669081778447474e-05,4.947566717802011e-13,5.878847243661013e-06,4.947566717802011e-13,2.4854260511764665e-12
421,6.534539608927929,3.2655366087485815e-07,6.534539608927929,1.7022204869753906e-07,2.1338778314271792e-06,42.700207900647975,1.1123227195269278e-06,2.1338778314271792e-06,5.558663316379976e-14,1.1123227195269278e-06,1.3943909210074137e-05,3.632330561357963e-13,7.268516868659141e-06,3.632330561357963e-13,2.373560792591303e-12
390,11.490740313288198,2.183855325843536e-07,11.490740313288198,-1.0501647508874976e-07,2.5094114431059454e-06,132.03711294742655,-1.2067170438617227e-06,2.5094114431059454e-06,-2.293407884238812e-14,-1.2067170438617227e-06,2.8834995231924198e-05,-2.635295443023591e-13,-1.3866072182633859e-05,-2.635295443023591e-13,-3.0281495584575856e-12
384,16.252738939473108,2.697038092284449e-07,16.252738939473108,4.2602669589579296e-15,4.383425602371373e-06,264.15152303466544,6.924100669640623e-14,4.383425602371373e-06,1.1490102271610365e-21,6.924100669640623e-14,7.124267197594458e-05,1.8674563260833018e-20,1.1253560057429996e-12,1.8674563260833018e-20,3.0351280148699473e-19
485,4.7612180952854,4.3061095759704885e-07,4.7612180952854,2.3639597965020231e-07,2.0502326833392434e-06,22.669197750873135,1.1255328159632626e-06,2.0502326833392434e-06,1.0179469916926609e-13,1.1255328159632626e-06,9.761604951460349e-06,4.846667636888435e-13,5.358907210201818e-06,4.846667636888435e-13,2.3076041654587345e-12
491,11.157066651326902,3.1403276940753497e-07,11.157066651326902,1.615922164943393e-07,3.5036845389806393e-06,124.48013626215089,1.80289512976299e-06,3.5036845389806393e-06,5.0745251260419325e-14,1.80289512976299e-06,3.9090841926630565e-05,5.661681505508288e-13,2.0115021128118345e-05,5.661681505508288e-13,6.316775791554082e-12
308,38.84216933879803,3.307711398773935e-07,38.84216933879803,-6.736816539294031e-15,1.2847868627504969e-05,1508.7141189438619,-2.6167256882367406e-13,1.2847868627504969e-05,-2.2283444858471643e-21,-2.6167256882367406e-13,0.0004990390888721787,-8.655373386445238e-20,-1.0163930229567431e-11,-8.655373386445238e-20,-3.361934787668317e-18
320,14.431603699277895,3.233882495899574e-07,14.431603699277895,1.6947288824721206e-07,4.6670110590854325e-06,208.27118533301143,2.445765560955775e-06,4.6670110590854325e-06,5.480554068322037e-14,2.445765560955775e-06,6.735245406486817e-05,7.909318436648883e-13,3.529631931705584e-05,7.909318436648883e-13,1.1414414920910887e-11
446,5.677509443331238,2.826140944607466e-07,5.677509443331238,1.4270418474830907e-07,1.6045441901193953e-06,32.234113479115386,8.102043565114103e-07,1.6045441901193953e-06,4.0330213948402454e-14,8.102043565114103e-07,9.10981479164514e-06,2.289751705436241e-13,4.599942885121642e-06,2.289751705436241e-13,1.3000086930498066e-12
452,5.240345836818109,3.1136959997933895e-07,5.240345836818109,1.602472811895402e-07,1.6316843869634488e-06,27.46122448945688,8.397511728430278e-07,1.6316843869634488e-06,4.9896131841763776e-14,8.397511728430278e-07,8.550590484225017e-06,2.614729867703143e-13,4.400586562571084e-06,2.614729867703143e-13,1.370208877662213e-12
334,15.216284254290162,2.8704731328640986e-07,15.216284254290162,1.45383524615283e-07,4.367793513396293e-06,231.5353065073587,2.212197036436737e-06,4.367793513396293e-06,4.173195013692562e-14,2.212197036436737e-06,6.646158766388272e-05,6.350052157693234e-13,3.366141893291968e-05,6.350052157693234e-13,9.662419866102883e-12
453,6.08317411317326,2.753044407924954e-07,6.08317411317326,1.3803125113110933e-07,1.6747248474705485e-06,37.00500729118127,8.396681336896815e-07,1.6747248474705485e-06,3.8000616404538555e-14,8.396681336896815e-07,1.0187642838820877e-05,2.3116436599671605e-13,5.1078474545175736e-06,2.3116436599671605e-13,1.406213087119332e-12
335,11.012242124348864,3.282253216698121e-07,11.012242124348864,1.7163695505790144e-07,3.614496713570261e-06,121.26947660528359,1.890107706583595e-06,3.614496713570261e-06,5.633559478430678e-14,1.890107706583595e-06,3.9803712967498955e-05,6.203812099839913e-13,2.0814323705996288e-05,6.203812099839913e-13,6.831788093740227e-12
321,4.594539676300212,3.3652773132856316e-07,4.594539676300212,-1.733493819425946e-07,1.5461900137643814e-06,21.10979483709686,-7.964606131973705e-07,1.5461900137643814e-06,-5.833687423234996e-14,-7.964606131973705e-07,7.1040313653396215e-06,-2.6803108325186734e-13,-3.659369887945715e-06,-2.6803108325186734e-13,-1.2314794464824298e-12
447,10.224009309879287,3.3276727733841963e-07,10.224009309879287,1.7368749552863642e-07,3.402215741531185e-06,104.53036636849833,1.7757825712943958e-06,3.402215741531185e-06,5.779751499479328e-14,1.7757825712943958e-06,3.47842854156327e-05,5.909223313946541e-13,1.8155617541235282e-05,5.909223313946541e-13,6.041595417594518e-12
309,22.767120314127848,3.7833793053429927e-07,22.767120314127848,2.018643470738304e-07,8.613665183872536e-06,518.341767397973,4.595869876962759e-06,8.613665183872536e-06,7.637293932057053e-14,4.595869876962759e-06,0.0001961083515868402,1.7387918982550148e-12,0.00010463472243688709,1.7387918982550148e-12,3.958728434880267e-11
490,7.077421836570516,3.8415963877271203e-07,7.077421836570516,2.060984466053544e-07,2.718859816179034e-06,50.08989985276518,1.4586456464879978e-06,2.718859816179034e-06,7.917470479953003e-14,1.4586456464879978e-06,1.9242517833599595e-05,5.603527846522183e-13,1.0323450550272674e-05,5.603527846522183e-13,3.965853034280706e-12
484,6.493431179585904,2.83680691491302e-07,6.493431179585904,1.4311989658403297e-07,1.84206104717611e-06,42.16464848401838,9.293391988978698e-07,1.84206104717611e-06,4.0600351229122105e-14,9.293391988978698e-07,1.1961296638434012e-05,2.6363558657332033e-13,6.034600130534813e-06,2.6363558657332033e-13,1.711899537903617e-12
492,7.45077561352906,3.041474615309344e-07,7.45077561352906,1.5613792528679467e-07,2.266134489291454e-06,55.514057243159336,1.163348646073872e-06,2.266134489291454e-06,4.7488953624685295e-14,1.163348646073872e-06,1.6884459589789897e-05,3.538295375788177e-13,8.667849722199255e-06,3.538295375788177e-13,2.636304489938519e-12
486,9.008424865166633,3.889456090932216e-07,9.008424865166633,-2.0881717735551748e-07,3.503787296152759e-06,81.15171855135247,-1.8811138527633545e-06,3.503787296152759e-06,-8.121852423566902e-14,-1.8811138527633545e-06,3.156360460091748e-05,-7.316509732367397e-13,-1.6945872805442806e-05,-7.316509732367397e-13,-6.591022819929212e-12
479,2.7471101160053317,3.0536199798634707e-07,2.7471101160053317,1.564980858094674e-07,8.388630337118938e-07,7.5466139894588276,4.2991747466265836e-07,8.388630337118938e-07,4.7788568163817755e-14,4.2991747466265836e-07,2.304449125852865e-06,1.312804590322341e-13,1.1810306436932546e-06,1.312804590322341e-13,3.606418770412738e-13
337,16.529889467595286,1.6619673540363892e-07,16.529889467595286,1.522828584446646e-07,2.7472136660973317e-06,273.23724581091756,2.5172188178997656e-06,2.7472136660973317e-06,2.5308913931437724e-14,2.5172188178997656e-06,4.5411138244456114e-05,4.183535498315481e-13,4.160934882563399e-05,4.183535498315481e-13,6.915337937091606e-12
451,37.49866073511112,2.440740197200593e-07,37.49866073511112,1.1988880909992076e-07,9.152448859737325e-06,1406.1495569269646,4.495669778374432e-06,9.152448859737325e-06,2.926174355646848e-14,4.495669778374432e-06,0.0003432045746867446,1.0972761941418356e-12,0.00016858159579635502,1.0972761941418356e-12,4.114638773683862e-11
445,9.93717938432377,3.7586926283300747e-07,9.93717938432377,4.0156666336340597e-07,3.735080289825134e-06,98.74753411622933,3.9904399686065206e-06,3.735080289825134e-06,1.5093656573671386e-13,3.9904399686065206e-06,3.711616285484437e-05,1.4998837293795025e-12,3.965371779041831e-05,1.4998837293795025e-12,1.4904613674472643e-11
323,4.6061402922876,3.291241149301771e-07,4.6061402922876,1.702220431588727e-07,1.5159918469433836e-06,21.2165283922353,7.840666116296024e-07,1.5159918469433836e-06,5.6024179296270385e-14,7.840666116296024e-07,6.982871128985416e-06,2.580552295988958e-13,3.611520811664525e-06,2.580552295988958e-13,1.1886385906910015e-12
444,17.263590711095254,2.2470758917823002e-07,17.263590711095254,1.0871871664270307e-07,3.8792598492499e-06,298.0315642402144,1.8768754267551656e-06,3.8792598492499e-06,2.442992071533292e-14,1.8768754267551656e-06,6.696995429943535e-05,4.217481523340149e-13,3.2401609183213426e-05,4.217481523340149e-13,7.280887485055085e-12
322,10.918787851529688,2.711801893713283e-07,10.918787851529688,1.3606710041192082e-07,2.96095895728318e-06,119.21992814671229,1.4856878029705511e-06,2.96095895728318e-06,3.689870205691223e-14,1.4856878029705511e-06,3.2330082691661594e-05,4.028890997562268e-13,1.6221909934240687e-05,4.028890997562268e-13,4.399060607932021e-12
336,10.324652617687965,2.9531872167452436e-07,10.324652617687965,1.5084792965782107e-07,3.0490632127891413e-06,106.59845167593095,1.5574524718144323e-06,3.0490632127891413e-06,4.4548217753796287e-14,1.5574524718144323e-06,3.1480518481419484e-05,4.599448730450663e-13,1.608015574004347e-05,4.599448730450663e-13,4.748771037476903e-12
450,17.794761111717243,2.2984020010845633e-07,17.794761111717243,1.1172824622806476e-07,4.089951454799268e-06,316.6535230230843,1.9881774510595353e-06,4.089951454799268e-06,2.5679642470825285e-14,1.9881774510595353e-06,7.277970909667338e-05,4.569631032026443e-13,3.5379142789307336e-05,4.569631032026443e-13,8.131549258360047e-12
478,13.393384341776374,2.974627888444577e-07,13.393384341776374,1.5218527512653606e-07,3.984033458370492e-06,179.38274412654056,2.0382758809286774e-06,3.984033458370492e-06,4.52694563602005e-14,2.0382758809286774e-06,5.335969133845252e-05,6.063112279754382e-13,2.7299412267850596e-05,6.063112279754382e-13,8.12055930700944e-12
487,5.25949436789448,2.7686688800726305e-07,5.25949436789448,1.3920455291714342e-07,1.4561798381306718e-06,27.66228100591376,7.32145562052985e-07,1.4561798381306718e-06,3.854113136261187e-14,7.32145562052985e-07,7.658769657289765e-06,2.0270686333393844e-13,3.8507154600966134e-06,2.0270686333393844e-13,1.0661356060384054e-12
483,18.94159611618057,1.921184242618346e-07,18.94159611618057,9.034613802185584e-08,3.639029598844697e-06,358.78406342850684,1.7113000570666983e-06,3.639029598844697e-06,1.7357157674901165e-14,1.7113000570666983e-06,6.892902891614285e-05,3.287722704028417e-13,3.241475451455416e-05,3.287722704028417e-13,6.227471560170334e-12
454,9.215281969411386,3.387051065139622e-07,9.215281969411386,1.7718674143694877e-07,3.1212630610056787e-06,84.92142177575859,1.6328257835826713e-06,3.1212630610056787e-06,6.001405413126362e-14,1.6328257835826713e-06,2.8763319207875422e-05,5.530464309471125e-13,1.5046950002639409e-05,5.530464309471125e-13,5.096478803354244e-12
332,23.830924091829132,3.165529363866632e-07,23.830924091829132,1.6299720479988917e-07,7.543748998076187e-06,567.9129430705221,3.884374014766486e-06,7.543748998076187e-06,5.159724380222323e-14,3.884374014766486e-06,0.00017977450974096567,1.229610000398383e-12,9.25682222901737e-05,1.229610000398383e-12,2.930274258204785e-11
326,8.607751093162317,3.801078143017654e-07,8.607751093162317,2.0376981903052972e-07,3.27187345407556e-06,74.09337888183707,1.7539998825135299e-06,3.27187345407556e-06,7.745450053236092e-14,1.7539998825135299e-06,2.8163472301007668e-05,6.66709061627771e-13,1.5097994406112412e-05,6.66709061627771e-13,5.738865654047669e-12
440,8.911818139701802,2.108867762338072e-07,8.911818139701802,1.0075373379145512e-07,1.8793845978636779e-06,79.42050255511809,8.978989524453762e-07,1.8793845978636779e-06,2.1247630112799175e-14,8.978989524453762e-07,1.6748733750717703e-05,1.8935501546491792e-13,8.00191217202195e-06,1.8935501546491792e-13,1.687497461663771e-12
468,12.032585166738851,2.9749174276981236e-07,12.032585166738851,1.51602318641629e-07,3.579594731279334e-06,144.78310579482383,1.8241678105304819e-06,3.579594731279334e-06,4.5100437980642623e-14,1.8241678105304819e-06,4.307177846652826e-05,5.42674861059306e-13,2.1949454538631563e-05,5.42674861059306e-13,6.529781483544271e-12
469,13.074760775917825,2.552442083466416e-07,13.074760775917825,1.264653358059888e-07,3.337256963570867e-06,170.9493693474793,1.6535040121094187e-06,3.337256963570867e-06,3.22795445210918e-14,1.6535040121094187e-06,4.3633836446454994e-05,4.2204732256886425e-13,2.161916940035098e-05,4.2204732256886425e-13,5.518167778704525e-12
327,8.479349750791252,3.892862837245979e-07,8.479349750791252,2.092771117249733e-07,3.300894552886622e-06,71.89937219624368,1.7745338251514655e-06,3.300894552886622e-06,8.146870909203234e-14,1.7745338251514655e-06,2.7989439404407383e-05,6.908016781368094e-13,1.5046892948068728e-05,6.908016781368094e-13,5.857549037355535e-12
441,3.9876797353512314,2.891894237194041e-07,3.9876797353512314,1.4668573511548954e-07,1.1531948046437686e-06,15.901589671730868,5.849357333851362e-07,1.1531948046437686e-06,4.241996320590558e-14,5.849357333851362e-07,4.598571553390278e-06,1.6915722765053455e-13,2.3325363705027184e-06,1.6915722765053455e-13,6.745448487902315e-13
455,7.083144256035483,3.5920140024857064e-07,7.083144256035483,2.8530849707062066e-13,2.5442753349305657e-06,50.17093255180846,2.020881242223883e-12,2.5442753349305657e-06,1.0248321165058215e-19,2.020881242223883e-12,1.8021469224386192e-05,7.259033719428897e-19,1.4314193362987951e-11,7.259033719428897e-19,5.141678299414068e-18
333,12.372835845828051,2.8790430654671237e-07,12.372835845828051,1.4698840238736166e-07,3.5621927242094304e-06,153.08706686780755,1.818663373979346e-06,3.5621927242094304e-06,4.231859405974248e-14,1.818663373979346e-06,4.407442582784632e-05,5.236010175274278e-13,2.2502023385066238e-05,5.236010175274278e-13,6.4784294385754e-12
482,9.15083607781864,2.780446561076308e-07,9.15083607781864,1.3981929155685993e-07,2.544341070354385e-06,83.73780092310724,1.2794634175535572e-06,2.544341070354385e-06,3.887600683813969e-14,1.2794634175535572e-06,2.3282848060874603e-05,3.557479659359728e-13,1.1708160001598227e-05,3.557479659359728e-13,3.255391321297497e-12
480,19.33083728141725,3.1881101736829137e-07,19.33083728141725,1.645787929836216e-07,6.162883900269529e-06,373.681270000631,3.1814458671384443e-06,6.162883900269529e-06,5.246953242835382e-14,3.1814458671384443e-06,0.00011913370586037635,1.0142799936045533e-12,6.150001237729066e-05,1.0142799936045533e-12,1.9606881514166547e-11
443,9.335825638726478,3.7933367328459945e-07,9.335825638726478,-2.0315964187909362e-07,3.5413930326826567e-06,87.15764035670264,-1.8966629934093317e-06,3.5413930326826567e-06,-7.706529321718033e-14,-1.8966629934093317e-06,3.306182787132606e-05,-7.194681402729258e-13,-1.7706915001894548e-05,-7.194681402729258e-13,-6.716829110206838e-12
325,11.873021299026792,3.1582138888311e-07,11.873021299026792,3.2565908602596763e-07,3.7497540768973886e-06,140.96863476714387,3.8665572646079125e-06,3.7497540768973886e-06,1.0285010485112531e-13,3.8665572646079125e-06,4.452091002111524e-05,1.2211414855045496e-12,4.590771675659652e-05,1.2211414855045496e-12,1.4498638866520733e-11
331,15.483070716165392,3.2361602401437967e-07,15.483070716165392,1.6748073061513871e-07,5.010569784698918e-06,239.72547880177828,2.593115995709239e-06,5.010569784698918e-06,5.419944814069458e-14,2.593115995709239e-06,7.757900630477495e-05,8.391738883395131e-13,4.0149398336785775e-05,8.391738883395131e-13,1.299298865632016e-11
457,9.1260481021909,2.9165107650075776e-07,9.1260481021909,1.480576298563437e-07,2.6616217532016736e-06,83.28475396350213,1.3511810519653684e-06,2.6616217532016736e-06,4.3181167131753374e-14,1.3511810519653684e-06,2.429008814955615e-05,3.94073408353126e-13,1.2330943275004852e-05,3.94073408353126e-13,3.5963328804249452e-12
319,6.029987674964136,3.856239858050054e-07,6.029987674964136,2.0961565160798944e-07,2.3253078815747276e-06,36.36075136021939,1.2639797956757527e-06,2.3253078815747276e-06,8.083282306018627e-14,1.2639797956757527e-06,1.4021577866392573e-05,4.8742092678548e-13,7.621782589328476e-06,4.8742092678548e-13,2.9391421810360415e-12
318,13.423314788788318,4.3970112335615416e-07,13.423314788788318,2.421411625552095e-07,5.902246591793501e-06,180.18537991890315,3.25033704830174e-06,5.902246591793501e-06,1.0646974118629075e-13,3.25033704830174e-06,7.922771396269714e-05,1.4291768514244014e-12,4.363029736901531e-05,1.4291768514244014e-12,1.918429076551909e-11
330,9.86969823319345,3.5025510760401025e-07,9.86969823319345,1.8467382635266686e-07,3.4569122166862815e-06,97.41094321430191,1.8226749376699901e-06,3.4569122166862815e-06,6.468295092079763e-14,1.8226749376699901e-06,3.4118680397333446e-05,6.38401206420735e-13,1.7989251612007484e-05,6.38401206420735e-13,6.3008272590792955e-12
456,11.404625784318792,3.1366263554736745e-07,11.404625784318792,1.6140915138932904e-07,3.577204980940895e-06,130.06548928034903,1.8408109697597573e-06,3.577204980940895e-06,5.062801982624097e-14,1.8408109697597573e-06,4.0796684161432145e-05,5.773936203193508e-13,2.0993760249779007e-05,5.773936203193508e-13,6.584958169995243e-12
442,7.467846002771133,2.944315785542054e-07,7.467846002771133,1.4416698411509047e-15,2.1987696869956177e-06,55.768723921104794,1.0766168360554479e-14,2.1987696869956177e-06,4.244731270840514e-22,1.0766168360554479e-14,1.642007341804456e-05,3.1698999453783967e-21,8.040008735652781e-14,3.1698999453783967e-21,2.3672324636278495e-20
324,8.758348018717085,3.6935243136259346e-07,8.758348018717085,1.9752650179315412e-07,3.2349171354329085e-06,76.70866001696548,1.730005845624188e-06,3.2349171354329085e-06,7.295689369584915e-14,1.730005845624188e-06,2.833253008383276e-05,6.389818653527934e-13,1.5151993270391581e-05,6.389818653527934e-13,5.596425554408785e-12
481,20.810362825598872,2.5693510175221157e-07,20.810362825598872,1.276207963744293e-07,5.346912690095687e-06,433.0712009330675,2.655835076643747e-06,5.346912690095687e-06,3.2790262302162266e-14,2.655835076643747e-06,0.00011127119307769016,6.823772556545538e-13,5.526889154990856e-05,6.823772556545538e-13,1.4200518274107703e-11
