-1.269534259336069226e-04,2.631912194192409515e-02,2.948337423652650280e+00,1.034086016947359781e+02,4.369522866909392178e-05,2.254487015306949615e-02,-5.163740290907435915e-01,5.126261997687973349e+01,2.084737843688344583e-06,1.090565882623195648e-02,-1.319155567234723492e+00,1.225266360472300846e+02,1.180804815703595523e-06,4.136985633522272110e-03,-1.587474408076847698e+00,1.763680879856919148e+02,2.667450438309515448e-08,1.425518305040895939e-03,5.416563006423990023e-01,3.043976031380915401e+02,3.529054548589982687e-10,3.591176355257630348e-04,-5.468680822060419805e-03,6.078158967370555956e+02
-1.292965171160176396e-04,2.002774365246295929e-02,2.166419354577159950e+00,2.966684357213661372e+01,3.988392109022242948e-06,1.813771389424800873e-02,-4.423142235545287626e-01,5.712544855780970465e+01,-1.844264033934450708e-06,7.827355526387691498e-03,-8.091126737057655616e-01,1.264382091601758304e+02,-5.755914003202633467e-07,2.727253595367074013e-03,-8.194081742070066232e-01,1.463076451085020437e+02,-4.004436391369381454e-07,8.705809595994651318e-04,-1.438504930370808621e-01,1.564168656863755587e+02,-1.114935712655772126e-13,3.493218391668051481e-04,-7.668533288158194128e-02,2.332462282369321542e+02
-7.540602382505312562e-05,2.742690742015838623e-01,-5.469862447377843440e-01,9.139849864647246136e+01,-3.985151852248236537e-05,1.049827784299850464e-01,-5.268886355152478940e-01,1.929787579255653611e+02,6.965865395613946021e-07,3.678806871175765991e-02,-3.399160868649580558e-01,1.517494198294845944e+02,1.352835283796594013e-06,8.784717880189418793e-03,3.008288640291994498e-01,2.613029246230802869e+02,1.101180032492266037e-06,2.176715759560465813e-03,6.731610693264787670e+00,3.074619374340126342e+03,1.933948140520058701e-10,8.842214010655879974e-04,2.095840782474848452e-01,1.121127290744274887e+03
-1.302519376622512937e-04,2.343209832906723022e-02,8.137160638978638838e-01,6.240395267181474992e+01,-3.705504786921665072e-05,1.797658763825893402e-02,-1.094866022450785431e-01,2.457710152879027987e+01,3.173879349560593255e-06,1.004927791655063629e-02,-9.331637116064586124e-01,7.698473016727882623e+01,-1.997187411006962066e-07,2.883464563637971878e-03,-1.707077344044240219e-01,1.035188102084387793e+02,-3.233619452203129185e-07,1.000502030365169048e-03,-2.709151365578475468e-01,1.308326489953189196e+02,-5.152010762454750648e-11,4.350825911387801170e-04,-3.038479459279191594e-02,2.862275633672608137e+02
-1.296818372793495655e-04,3.009916096925735474e-02,7.747336767163899296e-01,1.241298651363792089e+02,-1.490004615334328264e-05,2.827089466154575348e-02,-4.691887444632099613e-01,3.046524804786406548e+01,-7.731610821792855859e-06,1.918113045394420624e-02,-1.137351545943722453e+00,1.241826290280401253e+02,-1.734199145175807644e-06,7.085313089191913605e-03,-2.514900977231752585e-02,2.402887685643254656e+02,-1.614893534451766755e-07,2.467415062710642815e-03,-2.220731831470714290e+00,6.252610096619840760e+02,1.425296859702829266e-11,5.941020208410918713e-04,4.234236565427502152e-01,6.726859777451954869e+02
-1.293288951274007559e-04,1.328246761113405228e-02,-1.578330258065951119e-01,5.366908046131661791e+01,-1.116077601182041690e-05,1.377600245177745819e-02,-7.890902149121969966e-01,1.259091669498833994e+02,-1.126971937992493622e-06,7.423194125294685364e-03,-1.280519968880339921e+00,3.064134448257496501e+02,-3.565190525023353985e-07,2.629306865856051445e-03,-7.593359406259579947e-01,2.735486601085093525e+02,5.679411430037362152e-08,8.642672910355031490e-04,-9.161266904299748826e-02,2.646625294187928148e+02,1.170481767065467693e-11,3.261943056713789701e-04,-9.718909731724491297e-02,4.143035031934107906e+02
-1.257115945918485522e-04,3.714108839631080627e-02,7.770461246947797385e-01,2.678151528858643360e+01,3.758425691557931714e-06,5.189418047666549683e-02,-1.992047811460421203e-01,4.014370935313574762e+01,1.475363023928366601e-05,2.194160223007202148e-02,-3.845010220076882090e-01,6.521168932035462262e+01,-9.005905212688958272e-07,8.940784260630607605e-03,-1.013851529950939190e+00,1.026620300882248955e+02,-1.344364477517956402e-06,3.941823262721300125e-03,1.931298924949979290e-01,1.431310762753206518e+02,-8.624751086927506805e-12,1.051286817528307438e-03,-5.460432817271267114e-02,1.216190665433455536e+02
-1.313761458732187748e-04,4.442171379923820496e-02,7.390771778557553517e+00,5.121426887031819206e+03,6.389612826751545072e-05,4.296544566750526428e-02,-2.317664161938187417e-01,2.589078587775725637e+01,-1.204569616675144061e-05,2.137750200927257538e-02,-9.693552638957618761e-01,5.442020692672829085e+01,7.655205536138964817e-07,7.990412414073944092e-03,-2.021086393016842953e-01,6.927887867973770142e+01,5.081107588011946063e-07,2.121237106621265411e-03,-1.993917364774033252e-01,2.765508956958423141e+02,1.214627357026820675e-12,7.983811083249747753e-04,-1.697047712028383962e-02,3.638249314404342840e+02
-1.305174082517623901e-04,3.213253617286682129e-02,-5.955627917621976408e+00,2.213075007337184161e+03,-2.734357622102834284e-06,1.110660377889871597e-02,-1.135413477453348197e+00,2.932085701196464811e+02,3.213833394966059132e-07,4.998807795345783234e-03,-4.796968341605042929e-01,1.961178025155201681e+02,-1.946721184253874526e-08,1.751219388097524643e-03,-1.314298166509927146e+00,2.881490668432358575e+02,-2.110729866444671643e-07,6.592443096451461315e-04,2.325871265907774044e-01,3.698949896410953215e+02,-4.716777749630418626e-12,2.794549509417265654e-04,1.283067903332886506e-01,1.003535825805103400e+03
-1.290201762458309531e-04,7.051204144954681396e-02,3.342846987784326984e-01,2.934445327611457088e+01,2.757080801529809833e-05,6.007555872201919556e-02,-2.828252029427744674e-01,1.430165407333135619e+01,1.596437687112484127e-05,3.244272246956825256e-02,-7.515496829719005012e-01,6.022298141280189299e+01,2.614690401969710365e-06,1.115092914551496506e-02,-3.031013375557875533e-01,1.055007772132426993e+02,-1.083635993381903972e-06,2.638526959344744682e-03,-2.398061106175181645e-01,8.078153018271710550e+01,-8.970448515943640899e-12,7.273357477970421314e-04,-1.214054103951023311e-01,1.423453749286510401e+02
-1.300647709285840392e-04,3.069474920630455017e-02,1.908284518929096008e+00,5.485166970320930346e+01,3.033919711015187204e-05,2.538753487169742584e-02,-3.679835495602378215e-01,2.004850831836998282e+01,1.352202502857835498e-06,1.008702628314495087e-02,-6.104891344589719049e-01,4.702635650827345870e+01,6.771705329811084084e-07,4.215496126562356949e-03,-1.044927253088962615e+00,7.303425800416125924e+01,2.869243473924143473e-07,1.709957141429185867e-03,3.954859985244293386e-01,8.475113830123697767e+01,-4.195105905453050399e-13,4.171591426711529493e-04,-1.838347251407807248e-01,7.504403981516892941e+01
4.911105975224927533e-07,2.365227602422237396e-02,2.243125825061076384e+00,1.237414999304108818e+02,-2.462400630065531004e-07,1.060455013066530228e-02,-5.563717936381729068e-01,4.146101504754358302e+01,-2.820744100517913466e-07,4.944468848407268524e-03,-3.481171305784996339e-01,8.650712698935261358e+01,-9.664540812082123011e-07,2.219369402155280113e-03,-5.526570315546014411e-01,1.265011345172251254e+02,4.058748288571223384e-07,9.857182158157229424e-04,9.575357238151366301e-01,2.731866265373454326e+02,-2.117759526770734979e-12,3.425808099564164877e-04,7.213068144333449616e-02,2.791583788210543844e+02
2.051172742767448653e-07,3.304911777377128601e-02,4.828174249778809379e-01,7.012920961979988377e+00,3.860420474666170776e-05,3.887996822595596313e-02,-4.425086805560787817e-01,2.271331841684441599e+01,1.374612838844768703e-05,2.198401652276515961e-02,-1.996841610907436615e-01,4.021978102644956721e+01,-1.015961174744006712e-06,7.091566454619169235e-03,-5.073743517197583097e-01,7.820430996465228191e+01,-4.635499522009922657e-07,1.988068688660860062e-03,-4.372056655333529940e-01,2.045715819951087440e+02,1.648226000128261148e-11,5.367671838030219078e-04,3.568685979168444850e-02,7.891159212014825926e+02
-1.298330025747418404e-04,2.135648019611835480e-02,1.320291842396859705e+00,1.086746802975999771e+01,5.143532689544372261e-06,1.785986497998237610e-02,-4.702010720257086551e-01,1.904424863377885657e+01,5.973967745376285166e-06,8.256061002612113953e-03,-1.983324039646920389e-01,4.543844800310603205e+01,4.318027606586838374e-07,3.161896718665957451e-03,-7.674876774418781800e-01,5.931451891841809498e+01,-3.499334866319259163e-07,1.240654266439378262e-03,1.489400409742970832e-01,1.022767431351743710e+02,-7.315568290033880317e-12,3.066633362323045731e-04,-9.056595085159374614e-02,1.577043636750770474e+02
-1.303915487369522452e-04,8.301540277898311615e-03,1.376191814458709306e+00,2.456711166179661276e+01,8.963381333160214126e-06,6.643221247941255569e-03,-2.115416761670346479e-01,3.240053190599689970e+01,-7.084692015268956311e-07,3.503128187730908394e-03,-7.628945536362581326e-01,9.236461994791217478e+01,-8.227372205737992772e-08,1.447180169634521008e-03,-1.015467038988054238e+00,1.233301247019573168e+02,-4.174792778144365002e-08,6.975193973630666733e-04,7.727894883582266117e-02,1.257236055881905372e+02,-1.421813513279024388e-12,2.498276589903980494e-04,1.219536261878323077e-02,2.457714743177670584e+02
-1.299893920077010989e-04,2.604277618229389191e-02,7.372333579841169104e+00,1.707660974018410116e+03,-1.188175019706250168e-06,1.847620308399200439e-02,-4.381249504195793287e-01,3.221539977190553117e+01,5.973295174044324085e-06,8.901957422494888306e-03,-3.376803800207234807e-01,8.318773121118375968e+01,-3.483989132746501127e-07,2.870237920433282852e-03,-9.873721994397724466e-02,9.303243869468747107e+01,6.669296794825640973e-07,1.070931088179349899e-03,-4.177187953724678104e-01,2.236598309192674492e+02,-4.053326684710922834e-12,4.553827748168259859e-04,-4.609414078419442340e-02,3.343709085651023543e+02
-1.642503775656223297e-04,2.268638461828231812e-01,-4.165294424410272145e-02,7.193859799405441180e+00,2.916389530582819134e-05,3.452369570732116699e-01,6.239020586151528686e-02,1.258710306602987572e+01,1.046229863277403638e-05,1.732778996229171753e-01,8.042519947649635903e-02,2.503561818135297656e+01,-9.125026736001018435e-06,5.817537382245063782e-02,5.161061805740840835e-02,4.365763619953632713e+01,2.500756863810238428e-07,1.365167461335659027e-02,4.026964004740865577e-02,5.347272136980814849e+01,-1.380888042801231563e-10,1.961860340088605881e-03,-2.514386316284087375e-01,2.393493751363137676e+02
-1.302745804423466325e-04,8.873420767486095428e-03,7.413010904553889446e-01,1.627671216710116937e+02,1.098026041290722787e-05,7.102685980498790741e-03,-5.903632477941750389e-01,9.426804219315714306e+01,-9.675757155491737649e-07,3.425658214837312698e-03,-8.228730044228281804e-01,1.869629887853762966e+02,5.343051157069567125e-07,1.224168459884822369e-03,-1.840336343042333483e-02,2.688125820778683988e+02,-8.647536020589541295e-08,7.117217755876481533e-04,-1.808696678794199930e-01,1.678429633722800247e+02,-1.241520558234454619e-12,2.665228967089205980e-04,1.120277095986379340e-02,2.597817692712987991e+02
-1.289491046918556094e-04,2.839647792279720306e-02,9.583220904272469198e-01,1.692505568126446747e+01,-7.463851943612098694e-05,2.899238094687461853e-02,-5.677189883979011364e-01,2.128758329042817010e+01,6.547022167069371790e-06,1.331856567412614822e-02,-8.600930228759317009e-01,7.280983707552078954e+01,1.144699695032613818e-06,4.787336103618144989e-03,-2.435077903059714721e-01,9.615180144914222637e+01,2.850677844890014967e-07,1.240544137544929981e-03,6.444342358493443390e-01,4.391880257926462718e+02,7.455951654689041419e-12,3.314446075819432735e-04,-3.553073230708111430e-01,1.281794100364089218e+03
-1.290350919589400291e-04,3.221813216805458069e-02,1.025694574126680525e+00,2.003359571976179510e+01,2.115910683642141521e-05,4.223833233118057251e-02,-3.467215340585922956e-01,2.282491285797129876e+01,-1.435169360775034875e-05,1.952601410448551178e-02,-4.759237519754505041e-01,5.438527651433503252e+01,-6.734655926265986636e-07,6.325503811240196228e-03,-8.026613020070259008e-01,7.456234117541777096e+01,2.996861203641287830e-09,2.386715961620211601e-03,2.496876509058269800e-01,1.481247999387751975e+02,1.185150718882588272e-12,8.729746914468705654e-04,-1.461686277271292966e-02,1.830634714767600144e+02
-1.282725279452279210e-04,1.108091920614242554e-01,1.666488437171169457e+00,1.878714184008158270e+02,-3.630011269706301391e-05,6.083936989307403564e-02,-5.648048837819220624e-01,4.852540582556230930e+01,-1.262839759874623269e-05,2.062864042818546295e-02,-1.086928471328274970e+00,9.098345199553776297e+01,-1.853818787367345067e-07,6.509112659841775894e-03,-1.200912793507752818e+00,1.282532224938377965e+02,9.144204682343115564e-07,3.363562515005469322e-03,5.772263510048072227e-02,1.205139378029454491e+02,-1.747849694838654599e-12,1.566175953485071659e-03,-1.501722617952925588e-02,1.950213519500053962e+02
-1.311636151513084769e-04,1.974248141050338745e-02,6.653378961921307955e-01,2.422018254272773561e+02,-3.007540180988144130e-05,2.490805275738239288e-02,-5.226182572474888932e-01,5.076018902792702647e+01,-1.231651458510896191e-05,1.343242917209863663e-02,-1.600698107641851609e+00,1.354775499588187131e+02,-2.492862677172524855e-06,5.130187608301639557e-03,-1.586631464061990071e+00,1.831050321701702046e+02,-7.771025707370426971e-07,2.247203607112169266e-03,-1.000648329646520729e-01,2.321083963720809606e+02,5.590873250471695144e-12,5.791605217382311821e-04,1.363732766541618860e-02,1.273815416650255941e+02
-1.295590045629069209e-04,1.994746923446655273e-02,4.204651026887675225e-01,1.373182152689269842e+01,-2.887633127102162689e-05,2.634399197995662689e-02,-1.834791931482984140e-01,1.758632349926430294e+01,1.320248088632069994e-06,1.618114672601222992e-02,-6.226527325460778917e-01,1.293451211371128409e+02,3.179785892371000955e-07,5.726804025471210480e-03,-5.274830024026553321e-01,1.459468553454674407e+02,-2.363387210380096803e-07,1.634723972529172897e-03,-4.838013920907965892e-01,5.606360308853496122e+01,4.961096203986992137e-12,4.219382535666227341e-04,-1.356698487345663617e-01,6.044599750984627207e+01
-2.860747372324112803e-06,2.322823181748390198e-02,3.990648529967588676e-01,3.990737208776480571e+01,4.802172770723700523e-05,2.715625427663326263e-02,-3.271142828028266725e-01,3.807816217349702015e+01,-1.071511724148876965e-05,1.721792481839656830e-02,-2.342291795351838513e-01,8.825138828901962995e+01,1.007198875413450878e-06,5.880597047507762909e-03,-3.900408714625756557e-01,1.102081077327226666e+02,-1.141166734441867447e-07,1.610526349395513535e-03,-1.825048648665026918e-01,1.501648257094225301e+02,-4.909084597159996122e-11,2.733471337705850601e-04,-2.246721466026550540e-01,1.962466846569105030e+02
-1.321706513408571482e-04,4.434284567832946777e-02,5.621408690255943474e-01,1.920869516895419622e+02,-1.160269039246486500e-05,2.990010008215904236e-02,-6.387082736116712622e-01,5.131153832874521470e+01,-1.562313991598784924e-05,1.321550924330949783e-02,-1.495034339476054575e+00,1.252538468370273961e+02,2.270112645419430919e-06,5.702466238290071487e-03,-5.544044681319412193e-01,3.071142999810545007e+02,2.995857926180178765e-07,1.992200035601854324e-03,-1.636087738299522865e-01,1.604236940606452890e+02,1.105699420911321340e-10,7.205693982541561127e-04,2.667899067000645968e-03,2.291718940511496783e+02
-1.290340296691283584e-04,9.966244921088218689e-03,-7.441910651750663241e+00,1.057694639042062136e+03,1.067399716703221202e-05,7.028131745755672455e-03,-4.653257033785050956e-01,5.305667655349931522e+01,2.136330294888466597e-06,2.574294572696089745e-03,-1.455317790600935801e+00,1.332677620329573358e+02,-4.901277179669705220e-07,9.374472429044544697e-04,-8.810193313651133451e-01,1.423622921193255877e+02,-2.039510178519776673e-07,5.205170018598437309e-04,1.312423883711019146e-01,1.719779724575066950e+02,-5.478860073959701538e-11,2.358447381993755698e-04,-7.064874504030937280e-04,2.633887956584304106e+02
-1.299998693866655231e-04,3.589537739753723145e-02,-2.915683605439373660e-01,2.903504410517299448e+02,1.462756627006456256e-04,4.676609858870506287e-02,-2.035521832213146309e-01,2.126169965575746090e+01,-6.342760570987593383e-06,3.065410070121288300e-02,-5.651080377768111784e-01,6.076934977157660711e+01,2.237372655145009048e-06,1.144304312765598297e-02,-1.212369747880771342e+00,1.154047959149536950e+02,-7.088424354151356965e-07,3.383739385753870010e-03,-1.904519563263099569e+00,3.211763291383475689e+02,4.310567527920916575e-12,7.590682362206280231e-04,3.820409626485355314e+00,2.019629244890532209e+04
-1.317942223977297544e-04,2.414820529520511627e-02,1.935002603715949121e+00,1.916145827984185601e+01,-3.893359462381340563e-05,1.944088377058506012e-02,-7.883459391190656973e-01,3.219118719029602715e+01,6.655541824329702649e-07,1.058565732091665268e-02,-4.715098361674698868e-01,8.668498140438204302e+01,-1.630031931654229993e-07,2.977489493787288666e-03,-6.205556312964305432e-01,1.033504476021035856e+02,-1.492032737360204919e-07,8.643345208838582039e-04,-1.811095816822969162e+00,4.803598472426227772e+02,-1.724358676680193270e-11,2.711963606998324394e-04,-3.601287669481130216e-01,1.439930719357597582e+03
-1.295371330343186855e-04,1.372711453586816788e-02,3.319264221977133555e+00,9.572581519466249347e+02,1.473643533245194703e-05,9.419413283467292786e-03,-5.484663053908811481e-02,1.167553721868593328e+02,7.737126907159108669e-06,5.573890171945095062e-03,-1.801568597238296876e+00,2.077479354685071087e+02,-1.064862999555771239e-06,2.351460745558142662e-03,-1.289625433603115434e-01,1.775429340084963314e+02,-3.141920785765250912e-07,8.669245871715247631e-04,-6.460622561238730244e-01,1.617475005852246284e+02,9.599212917599242445e-12,2.699482720345258713e-04,6.892597955775431329e-02,1.852972125662529663e+02
-1.280942815355956554e-04,1.584056951105594635e-02,1.354627173272751339e-01,1.980915223952618476e+01,-4.541192902252078056e-05,2.015317603945732117e-02,-1.138697326716929664e-01,2.395765642709472587e+01,-1.405776060892094392e-06,1.511555258184671402e-02,-7.380770249784412984e-01,7.188053919657362201e+01,-9.903518503051600419e-07,6.085670087486505508e-03,-8.111282116957920785e-01,1.226766201390743447e+02,-1.063152588187676884e-08,1.726867747493088245e-03,-9.783285240163315244e-01,1.588852643906172091e+02,-6.982300154723120045e-11,6.206083344295620918e-04,-1.053031026246568219e-01,7.882889444300808464e+02
-1.307751226704567671e-04,2.167724631726741791e-02,1.257683504163314314e+00,1.266079979040835291e+01,-1.101365251088282093e-05,1.920495368540287018e-02,-6.724440717238459042e-01,2.216246006530507273e+01,3.068562136832042597e-06,9.678129106760025024e-03,-4.476051898697068210e-01,5.467881438085811396e+01,-4.323266864503239049e-07,3.205648623406887054e-03,-7.083213090030709980e-01,8.252573899474465691e+01,2.239211482901737327e-07,9.064699406735599041e-04,-3.111898833832815181e-01,1.056728732214095885e+02,-3.116987462407905252e-13,2.817060449160635471e-04,-5.819226321474869901e-02,1.261408487255604598e+02
-8.052434714045375586e-05,2.323770970106124878e-01,-1.113614175747818097e-01,9.162814936950814726e+00,7.543239189544692636e-05,2.544057071208953857e-01,6.012964762732186247e-02,2.145419175579636928e+01,-3.696180283441208303e-05,1.283161789178848267e-01,-1.148829944181421932e-02,4.223027510462484457e+01,4.100048954569501802e-06,3.414659574627876282e-02,1.531746244006705442e-02,5.790460911150489665e+01,2.282843496459463495e-07,5.992102436721324921e-03,1.879039916484994965e-01,1.655851728315921036e+02,9.539738443642420407e-11,8.899756940081715584e-04,1.801917342289894863e-01,1.131310701938796683e+03
-1.292399683734402061e-04,1.208449993282556534e-02,2.361553774252219129e-01,6.185106380448855745e+00,-1.284312747884541750e-05,8.927758783102035522e-03,-6.666673156789655608e-02,2.121037669264822867e+01,-3.858054242300568148e-06,5.544936284422874451e-03,-1.074182419976084102e+00,6.698088069357626750e+01,8.345377864316105843e-07,2.073109615594148636e-03,-1.302126977596068380e-01,1.063722257024396214e+02,4.390748742366668012e-08,6.371620111167430878e-04,-8.855059189361320637e-01,9.531796685084862020e+01,1.130096667287250334e-12,1.977383217308670282e-04,-8.388533562436061020e-02,2.963066550724013268e+02
-1.300005387747660279e-04,3.950819745659828186e-02,3.532054354452329736e-01,6.199586093126226842e+02,-7.191814802354201674e-06,1.480409968644380569e-02,-3.632070700990147838e+00,2.716461481371041828e+03,3.746365280221652938e-07,4.970322363078594208e-03,-1.110765282483562988e+00,2.679083466842410417e+03,-3.831931394415732939e-08,1.615348854102194309e-03,1.077495816592606959e+00,1.396996886775290932e+03,-1.877390332083450630e-07,7.288721390068531036e-04,-3.348847639696397760e+00,5.999908225969967134e+03,3.970493205052161301e-12,2.822070673573762178e-04,-5.405174833569877935e-01,4.592551075865841085e+03
-1.291435473831370473e-04,1.769048534333705902e-02,7.882387289031422828e-01,3.648765485680969078e+01,-9.292025424656458199e-06,1.602321304380893707e-02,-5.179768874682199042e-01,1.712104690296402154e+01,-2.466377395649033133e-07,7.263849955052137375e-03,-5.966685179709614317e-01,5.423917960175484865e+01,-4.386629939290287439e-07,2.112940652295947075e-03,-5.132724568364456230e-01,1.071344359235124557e+02,6.316616349977266509e-07,8.968837209977209568e-04,-3.985226940280493846e+00,1.624198097427612765e+03,4.780376181706680327e-12,3.948409284930676222e-04,8.178966668664544581e-02,6.483007780292065945e+03
-1.305492041865363717e-04,2.388965710997581482e-02,1.642053608424111744e+00,1.069195504812630304e+02,2.901317884607124142e-06,1.461940258741378784e-02,-5.315860104833473043e-01,1.338369338597623823e+02,-9.447113029636966530e-07,7.075244095176458359e-03,9.521632410437447236e-01,5.781989883521458751e+02,2.135982271056491300e-07,2.694253576919436455e-03,1.007768832918802460e+01,4.916158523160886034e+03,2.125164542121638078e-07,1.291319844312965870e-03,1.659215001171620685e+00,5.148290027737293713e+03,-6.120801565243083608e-13,4.677731776610016823e-04,3.088313194941890716e-01,9.111838774012348949e+03
-1.282936427742242813e-04,3.027469478547573090e-02,1.542646573868653448e+00,8.918176842466566256e+01,4.154635462327860296e-06,2.125453762710094452e-02,-6.414083298503165942e-01,7.055016481197246492e+01,-1.702761096566973720e-06,1.019888091832399368e-02,-2.093609418857695470e+00,2.378272470856983318e+02,-1.253170012205373496e-06,3.182230517268180847e-03,2.377849229143236542e-01,3.396650036828574457e+02,-5.012780093238689005e-07,1.242788624949753284e-03,-8.852056006458043669e+01,7.480238935612683417e+04,-7.767194873387062160e-12,3.987651725765317678e-04,1.739295595563328689e+01,2.932534477927904227e+05
-1.307555212406441569e-04,4.370389506220817566e-02,8.945030417745337692e-01,8.485106536700182289e+01,8.174082722689490765e-06,3.923372179269790649e-02,2.187341597015407535e-01,1.991910940840358890e+01,-1.257307394553208724e-05,2.242176420986652374e-02,-7.436666254197391579e-01,4.565848353791106717e+01,-1.102063265534525272e-06,7.126709911972284317e-03,-1.011353169273877084e+00,1.079305144059718202e+02,-5.177902266950695775e-07,2.258557360619306564e-03,-2.783835065865768854e+01,1.415855386571117560e+04,1.582835425228967807e-11,8.877943619154393673e-04,-3.629035037952769716e-01,7.688061351820505479e+03
-1.321532472502440214e-04,1.449728477746248245e-02,2.447492717711421406e+00,1.282765308893115161e+03,1.423814046574989334e-05,1.491144765168428421e-02,-2.899547100151567136e-01,3.204304552117580585e+01,1.605430384188366588e-06,7.328428328037261963e-03,-2.544980920194365726e-01,5.869533684097368820e+01,-9.284393058806017507e-07,2.044983906671404839e-03,-8.512538001769738294e-01,1.670355337447035708e+02,-6.575193367552856216e-08,6.550940452143549919e-04,-1.725702665624630150e+00,4.212251746716440834e+02,7.219308484351927291e-11,2.202974574174731970e-04,1.536469525899919041e-03,6.036953018129011070e+03
-1.301894517382606864e-04,1.637848839163780212e-02,8.898564446346174606e+00,1.387178823337967742e+03,-7.105223176040453836e-06,9.487156756222248077e-03,-3.122615482310061030e-01,2.137909687615284383e+03,1.711656068437150680e-06,5.559397395700216293e-03,2.117700811348198187e+01,7.536323233953371528e+03,-1.246773280172419618e-07,2.520340029150247574e-03,2.206721624944579574e+01,2.054323192171923802e+04,-1.566233152061613509e-07,9.911013767123222351e-04,4.049535793374120374e+01,3.062880741159811078e+04,4.717242655521980410e-12,4.222732095513492823e-04,2.317475285790636441e+00,8.439885968519109156e+03
-1.304098404943943024e-04,3.673142194747924805e-02,-3.001399253065091255e-01,2.447241566454723909e+02,7.748633834125939757e-06,3.448776528239250183e-02,-3.203888020310766138e-01,1.404830777011698117e+01,-8.146221261995378882e-06,1.588995195925235748e-02,-4.071009118241074587e-01,3.214330534527907446e+01,1.358422764496935997e-06,4.541966132819652557e-03,-2.275336549766017180e-01,3.789773958372889240e+01,-6.671143069070240017e-07,2.277748659253120422e-03,-9.798922967091072689e-02,6.810943129589158218e+01,-2.440443897314126254e-12,1.246907515451312065e-03,-1.143089470344725578e-02,9.965878608385924053e+01
-1.298664574278518558e-04,4.988087713718414307e-02,2.477707018898445968e-01,7.817492294876841186e+01,-1.796908145479392260e-05,3.095873817801475525e-02,-4.467495718450343878e-01,8.787391294406162956e+01,-9.128301826422102749e-06,1.602748408913612366e-02,-4.512361302131709939e-01,1.913767944964201320e+02,1.192606049471578444e-07,6.050198338925838470e-03,6.254168878692935030e-01,4.228843277836052152e+02,-1.560993609928118531e-07,1.725969603285193443e-03,-2.201340006438448516e+00,1.427952991270588655e+03,2.479718687331544658e-12,6.389560294337570667e-04,4.199493779347523437e-01,2.968284138913261813e+03
-1.296664995606988668e-04,2.061245776712894440e-02,1.889455675797543588e+00,1.529790872494572511e+02,-1.191609862871700898e-05,1.804592274129390717e-02,-5.836397956837033885e-01,3.516706949356056811e+01,-3.766009058381314389e-06,9.261849336326122284e-03,-3.060344606090423802e-01,1.111369111325742409e+02,3.673425226224935614e-07,3.434324637055397034e-03,-1.111247785135446753e+00,1.984095338744274670e+02,-6.020720633159726276e-08,1.081716502085328102e-03,-8.262684579506108795e-01,3.993107760408009312e+02,-8.491048142378332386e-12,2.631758106872439384e-04,-5.412087134419987233e-01,3.446045793437073712e+02
-1.293421810260042548e-04,2.739350311458110809e-02,2.009436148552518342e-01,1.529351046422941636e+02,-2.342687366763129830e-05,3.100688755512237549e-02,-1.806349722712964068e-01,1.941049150247976485e+01,7.286517757165711373e-06,1.660565473139286041e-02,-4.094389344433659872e-01,5.550176884491600049e+01,-2.122542127835913561e-06,5.543104372918605804e-03,-3.616387483797675051e-01,9.216778662122602839e+01,6.390794027311130776e-08,1.551449764519929886e-03,-1.130885267605957201e-01,1.364103099956101630e+02,-2.407789462602338837e-12,4.546200507320463657e-04,-3.114436226785309569e-02,1.652066792051098503e+02
-1.262968144146725535e-04,1.470812503248453140e-02,1.780692723244678310e+00,1.276855496671777246e+02,3.671988679343485273e-06,7.799946703016757965e-03,-8.614339311622096762e-01,7.397877541384940514e+01,-1.067644461727468297e-06,3.039435949176549911e-03,-1.283367281512555858e+00,2.241900135366241500e+02,6.097204163779679220e-07,1.121768495067954063e-03,-6.715029859420923453e-01,2.055692674644328122e+02,1.917096028591913637e-07,7.046785322017967701e-04,8.826179235876419060e-03,1.140654078857219389e+02,-6.772103017249619938e-11,2.889921888709068298e-04,-6.015227508252982830e-03,2.252333546659389754e+02
-1.298001734539866447e-04,2.177662029862403870e-02,1.753144135379555379e+00,2.738111932945027434e+02,-6.171644599817227572e-06,2.148663625121116638e-02,2.394548752729348251e-01,9.903269790540284134e+01,-4.041669853904750198e-06,1.068459171801805496e-02,1.293571642116146725e+00,4.962965705276859012e+02,-2.675339203506155172e-07,4.419808741658926010e-03,1.128934934096773013e+01,4.916454244991577070e+03,-7.816063352095170558e-09,1.386139658279716969e-03,1.206066305358947233e+01,6.934540569001341282e+03,1.865996593353180799e-11,3.583601792342960835e-04,2.020276286486177852e+00,1.315488378003562866e+04
-1.323109318036586046e-04,3.584632277488708496e-02,-4.898618734691605248e+00,1.064371346323577654e+03,-1.874972804216668010e-05,1.850675046443939209e-02,9.691459767927730340e-01,2.792923758404872956e+02,-2.091339410981163383e-06,8.200401440262794495e-03,-2.661390799215522171e-02,2.646621752980929614e+02,1.824289597607275937e-06,2.823540242388844490e-03,-9.629155899627064308e-01,2.901280885973535533e+02,-5.232853794723268948e-08,1.056883367709815502e-03,-9.951486050002645856e-01,3.411080252408269189e+02,3.053070296576976261e-11,3.306005673948675394e-04,-2.155390209744662833e-01,6.157486557376431620e+02
-1.271072833333164454e-04,1.502068061381578445e-02,9.527664851210317920e-01,1.348686022162068809e+01,5.235408025328069925e-06,1.458496507257223129e-02,-5.832663565477271828e-01,3.348092534652987240e+01,6.171819677547318861e-07,6.761194672435522079e-03,-6.729482523871742616e-01,1.187453154212631290e+02,-3.268293767177965492e-06,2.486009849235415459e-03,-1.074654812615299049e+00,1.139683126064329741e+02,3.530373362536920467e-07,1.250169007107615471e-03,-7.592620989737923487e-02,1.078971689347488621e+02,-2.913635912399348271e-12,4.734648682642728090e-04,2.878655339979557023e-03,3.281166369371422320e+02
-1.301937736570835114e-04,7.921139895915985107e-02,7.547170603204124140e-01,1.236431743810345552e+01,4.305139736970886588e-05,7.351580262184143066e-02,-4.576627889767111990e-01,2.947846827964843897e+01,4.621162588591687381e-06,3.155357018113136292e-02,-1.040577071305994195e-01,6.648735474851876859e+01,-1.751119604875839286e-08,1.151119638234376907e-02,-2.267163264344743689e-01,6.048524727987494032e+01,6.522800504171755165e-07,2.904307795688509941e-03,-1.163868435589075467e+01,4.373139489891581434e+03,-9.011175486350886388e-12,7.217494421638548374e-04,-4.039316711383669767e-02,1.801443979379312805e+04
-1.287310587940737605e-04,4.409793019294738770e-02,4.974957588555891097e-01,1.164861781152949050e+01,-6.070797098800539970e-05,3.925544396042823792e-02,-8.404680036481773087e-01,2.248124143422814569e+01,-6.329936240945244208e-06,2.032599970698356628e-02,-2.825955411866859501e-01,4.408852039563616643e+01,5.447557214210974053e-07,4.988474771380424500e-03,-2.161314681170582730e-01,7.046173130800843865e+01,-2.161290524327341700e-07,1.031792256981134415e-03,-2.089253247377396983e-01,4.527682690816497058e+01,7.214828127294348192e-12,2.791652514133602381e-04,-2.508194439452914037e-02,9.146549213879976037e+01
-1.341718161711469293e-04,3.645744174718856812e-02,8.507957350442515221e+00,6.595669736361080140e+03,9.679518370830919594e-06,2.094052918255329132e-02,7.343420131500675296e-01,1.765472549067462751e+02,-4.171259035956609296e-07,1.172333303838968277e-02,4.731767208996188190e-01,1.676316175552845209e+02,6.476977318925492000e-07,4.198597278445959091e-03,4.487166605001791098e+00,1.238244088631725390e+03,2.836113992543687345e-07,1.108446391299366951e-03,4.568010060938586747e+00,2.824924023296421183e+03,-8.828077700286096618e-13,2.690556575544178486e-04,2.347371484874169134e+00,2.054474518133340462e+04
-1.315833942499011755e-04,2.371952123939990997e-02,5.891678218938970479e-01,7.195631370423781448e+01,-3.548296081135049462e-05,2.395696006715297699e-02,-4.521991444363700485e-01,2.844290972444767718e+01,-8.912647899705916643e-06,1.071667857468128204e-02,-8.984369086962775697e-01,7.797212795457842560e+01,-2.752682803475181572e-06,3.914877306669950485e-03,-2.863101741668498401e-01,1.185063170124014533e+02,8.016239121388935018e-07,1.386191346682608128e-03,-4.368084529995679977e-01,2.223485586097048667e+02,7.134370785116805891e-12,5.404362455010414124e-04,-1.576208578184067066e-01,9.059366894148938627e+02
-1.303584576817229390e-04,4.898934811353683472e-02,8.944328092288604815e-01,3.398474970271900020e+01,-4.838797394768334925e-05,5.321067199110984802e-02,-5.215722177574892982e-01,3.712650324292072668e+01,2.318334964002133347e-06,2.352401427924633026e-02,-7.573722368118734893e-01,9.853805746299629220e+01,2.307261866008047946e-06,7.859232835471630096e-03,-5.081149688384613006e-01,2.475423814790118229e+02,3.654812701370246941e-07,3.331510582938790321e-03,-1.484612118637578249e+00,4.362846581746280208e+02,-5.380481650496538037e-12,8.747585816308856010e-04,1.547318444065396981e-01,4.275848973475603430e+02
-1.287868362851440907e-04,2.863228879868984222e-02,2.381815774848199396e+01,3.742012501456269547e+03,-1.009661355055868626e-05,1.798331923782825470e-02,-6.629491744606111903e-01,1.745592374232622319e+02,1.085863004846032709e-05,8.703401312232017517e-03,-1.985341217462189389e+00,1.905317422479815150e+03,4.358628871159453411e-07,4.100035410374403000e-03,1.285882921464430950e+01,5.296204371474754225e+03,4.029039359920716379e-07,1.384526956826448441e-03,9.982780105597039988e-01,2.046314079391271298e+04,1.945588221780036875e-12,3.832404036074876785e-04,-5.220373799881289356e-01,1.787960207731744231e+04
-1.295666588703170419e-04,3.852836415171623230e-02,1.084700104795560671e+00,3.166480955548961163e+01,2.072269853670150042e-05,3.055043518543243408e-02,-5.990180251598264949e-01,5.300363854102309347e+01,3.913725322490790859e-06,1.761668361723423004e-02,-3.212509820621936019e-01,1.647031909838007948e+02,-1.146092245107865892e-06,6.362120620906352997e-03,-1.309554071245370155e+00,2.891689015291876217e+02,-4.268692350706260186e-07,2.112262882292270660e-03,-6.410874354456265189e-01,1.956132572798661045e+02,1.397472762509899269e-11,7.001588819548487663e-04,-2.132909007545134503e-02,1.293388200299499431e+02
-1.343860785709694028e-04,3.288313373923301697e-02,-9.517766561738395525e-01,1.763149946829420514e+03,3.170691115883528255e-06,1.734819076955318451e-02,-2.325153586839622033e+00,4.584430863520078674e+02,-2.828566266543930396e-06,6.736733950674533844e-03,-1.740707908271536208e+00,1.586748261614876583e+02,-6.802976599828980397e-07,2.557232975959777832e-03,-1.759445616926861744e+00,2.112412256660048797e+02,4.491068494871797157e-08,1.087950193323194981e-03,1.087328359067849144e-02,1.694054140417377425e+02,-1.325563790677275477e-11,3.844764141831547022e-04,-2.982310290386569820e-02,2.937181412023006715e+02
-1.268178457394242287e-04,4.289849847555160522e-02,-1.537069808738536381e+00,3.709952974596117770e+02,-4.865745268034515902e-06,3.564416989684104919e-02,-3.742702373300106911e-01,8.190044195191057952e+01,-4.482914391701342538e-06,1.680376380681991577e-02,2.856314103691457995e-01,1.472207183313889800e+02,-7.377377073680690955e-07,5.786945577710866928e-03,-3.119623369134473023e+00,8.103021335409072208e+02,-1.164912433182507812e-08,1.569045591168105602e-03,-1.179354423809826802e+00,5.918477688826398662e+03,1.680199490823597319e-12,3.683103714138269424e-04,2.280568913083669269e+00,8.480887050220463425e+04
-1.294765534112229943e-04,6.269127130508422852e-02,-1.023706148723447562e+00,1.197177568005674573e+02,-6.087386282160878181e-05,7.065764814615249634e-02,-1.107006147852458711e-01,1.446565322502199180e+01,1.773007716110441834e-05,3.826525062322616577e-02,-3.056656039237955480e-01,3.150420644989645069e+01,-9.023610800795722753e-06,1.320092100650072098e-02,-1.018359011884332199e+00,6.610893024829732667e+01,1.367828872389509343e-06,4.286136478185653687e-03,-6.409351432246375158e-01,7.760828788450069169e+02,-2.542093271995504722e-11,9.440656285732984543e-04,-1.569817912503829849e+00,7.972328962554164718e+03
-1.300169533351436257e-04,2.993598021566867828e-02,-1.249555712893536175e+01,6.382819841755693233e+03,1.204465479531791061e-05,1.243679039180278778e-02,-2.139072904588548152e+00,5.204570339922034918e+02,-1.470815391257929150e-06,6.044484209269285202e-03,-6.983233817634458163e+00,2.342260145247374112e+03,-2.444684923830209300e-06,2.420020988211035728e-03,-1.567644791555235351e+01,5.134221272127127122e+03,1.910612752453744179e-07,1.061149523593485355e-03,3.673879766816671122e+02,4.852225816381901968e+05,-1.675246052990075896e-11,2.782873925752937794e-04,3.779110479429896685e+01,1.123335047175203508e+05
-1.300833682762458920e-04,2.086556330323219299e-02,1.379100831482807266e+00,1.102043599574332262e+02,-1.143885674537159503e-05,1.946085877716541290e-02,-7.773207821910013138e-01,6.615177777234306689e+01,-7.067666047078091651e-06,8.201298303902149200e-03,-4.449167248583585921e-01,1.082380963941748462e+02,4.460349956048048625e-08,3.178382758051156998e-03,-8.906778002451162024e+00,5.015304019316022277e+03,-3.372992196659652109e-08,9.053419344127178192e-04,1.067613283270091529e+01,8.169299023087943169e+03,-2.274957295027996151e-13,3.266752755735069513e-04,1.739669740166089795e+01,5.453567877627232810e+05
-1.261698198504745960e-04,1.765466667711734772e-02,8.701637395465344760e-01,2.874667586026583876e+01,1.723136665532365441e-05,1.443272922188043594e-02,-8.760547114550925052e-01,5.567234192115215308e+01,2.042977484961738810e-06,7.900017313659191132e-03,-3.546196392500172712e-01,1.356913082069725363e+02,3.250843860769236926e-07,2.511502476409077644e-03,-5.098697226724658860e-01,1.948514023662497152e+02,7.021237138360447716e-07,1.135181635618209839e-03,-4.282798981536838356e-01,1.030867319294584831e+03,-1.825866541294018930e-11,6.153370486572384834e-04,-2.099725432584450269e-01,6.384372313613156621e+03
-1.287577179027721286e-04,2.242261730134487152e-02,1.035281923402739057e+00,5.628702289190747479e+02,-1.687325493548996747e-06,1.993362233042716980e-02,-2.207383756085786963e+00,4.031405641945409002e+02,9.073456794794765301e-07,9.775188751518726349e-03,-5.814099034583140035e-01,5.897137577225618088e+02,-1.860243173723574728e-06,3.983158618211746216e-03,6.202033397928687075e-02,1.069095343150836925e+03,-6.681238460259919520e-07,1.549809472635388374e-03,-8.721651317860444896e-01,2.296723466211330560e+03,1.580465467700131743e-12,7.562431273981928825e-04,7.263044472722800515e-01,9.630458259247012393e+03
-1.297522539971396327e-04,3.032618016004562378e-02,3.693240025356426259e-01,8.003543201844865962e+01,-5.847603461006656289e-06,2.660332433879375458e-02,-3.348539330794756963e-01,2.340888472083177874e+01,-6.850123099866323173e-07,1.334611233323812485e-02,-9.794131279607966034e-01,7.529529700880702592e+01,2.505822294551762752e-06,4.162012599408626556e-03,-3.610375795507581032e-01,1.370574055614914073e+02,3.271549928740569158e-07,1.265198225155472755e-03,2.015017485239405104e-01,2.606615041609790069e+02,3.167536979237217665e-12,4.256341198924928904e-04,5.005425382119890743e-02,3.985934644924461736e+02
-1.294066023547202349e-04,2.950883097946643829e-02,6.179130645591048021e-02,6.397727850514826287e+01,4.738202551379799843e-05,4.219308122992515564e-02,1.317299501146659280e-01,8.452932366954678400e+01,-3.951305131977278506e-07,2.374344505369663239e-02,-4.259653224596214316e-01,5.094024514432042849e+01,1.141252141678705812e-06,8.172957226634025574e-03,-1.092553175806922461e+00,1.268287242723221482e+02,-1.570701186892620171e-07,3.039549570530653000e-03,-7.738495469746085043e-01,2.872353102749286222e+02,6.494991176830833268e-13,6.481764721684157848e-04,-2.111161719954205707e-01,2.835222612124990178e+02
-1.314182882197201252e-04,2.617773972451686859e-02,-2.181768093411903475e+00,3.014193712697306751e+02,3.805883898166939616e-05,2.405593916773796082e-02,-6.339282227539161374e-01,6.339344323834104955e+01,8.696101758687291294e-07,1.410034019500017166e-02,-5.809273933119699640e-01,1.651601563733153171e+02,-4.997466476197587326e-07,5.946915596723556519e-03,-2.018054325488298148e-02,3.063833915362628204e+02,7.523471481363230851e-07,1.879795105196535587e-03,3.909496019018196544e-01,5.163701290304502436e+02,-5.828466615592775568e-12,4.909951239824295044e-04,-1.044574885865698771e-01,2.951431739127628475e+02
-1.310713996645063162e-04,3.146156296133995056e-02,4.152069395254303075e+00,3.461964324654223333e+02,1.130410055338870734e-06,2.108539827167987823e-02,-8.989026257472761960e-01,4.757605256070114308e+01,1.902895974126295187e-07,8.289483375847339630e-03,-1.148827591077052457e+00,1.037819361993260259e+02,-5.806185754408943467e-07,2.661669626832008362e-03,-4.625310422535842125e-01,1.015004592645767332e+02,2.958470304292859510e-07,9.740129462443292141e-04,-3.467282035617980096e-01,1.006978481618713630e+02,2.208689177732314768e-12,3.986869705840945244e-04,1.089840862087755428e-02,3.809857411896178405e+02
-1.309557264903560281e-04,2.532223239541053772e-02,-1.100584933476283567e+01,3.818175245676844497e+03,8.308537076118227560e-07,1.270164269953966141e-02,-1.700664371410295639e-01,3.003997535719078314e+03,1.534991724838619120e-06,6.109622307121753693e-03,-1.751621116418255131e+00,5.534511628580933575e+03,-6.147290037006314378e-07,2.327369758859276772e-03,-5.556477843520716275e-01,1.144927543875814808e+04,-3.151237137899443042e-07,1.031655352562665939e-03,-1.959848245500981818e+02,2.525523327705087140e+05,7.572262261668072370e-12,3.968827368225902319e-04,7.203091859484356263e+00,1.715264877383320709e+05
-1.304694596910849214e-04,6.438960134983062744e-02,-4.300675897981077744e-01,1.939020775738544273e+02,8.023872942430898547e-05,7.175477594137191772e-02,-3.981883923321539731e-01,2.736482751796683033e+01,-4.432114053543045884e-07,3.944163396954536438e-02,-3.793766367107183624e-01,5.350023585885352873e+01,4.515803539106855169e-06,1.534360460937023163e-02,-6.037582232104132807e-01,9.475722780576884929e+01,2.187190602853661403e-06,5.504754837602376938e-03,1.815363966083582414e-01,1.128199837164469557e+02,6.176401751156745945e-11,2.359827049076557159e-03,-3.684603311159112549e-02,1.741071958693190140e+02
-1.292219094466418028e-04,2.681087329983711243e-02,-2.435710760552564358e-01,1.031375276409468000e+02,-2.568828858784399927e-05,2.637412212789058685e-02,-1.935258585026460587e-01,1.191228858060157236e+01,4.181988060736330226e-06,1.321892999112606049e-02,-6.975362147078054686e-01,3.878470801936434498e+01,-1.468368964196997695e-06,5.041385069489479065e-03,-7.649555239812491081e-01,6.679410977821608242e+01,-8.366318837715880363e-08,1.656254404224455357e-03,-1.368608871257101234e-01,9.120895295276280024e+01,-1.427620933795725744e-12,2.828874567057937384e-04,3.561135313421796011e-01,5.418003505734308334e+01
-1.361048052785918117e-04,3.052751347422599792e-02,1.869446622349996145e+00,6.690128839353742762e+01,2.648762165335938334e-05,2.511169202625751495e-02,-7.320295168958453891e-01,5.504937183327488981e+01,4.949422873323783278e-06,1.252285949885845184e-02,-9.748169104797017592e-01,1.124468555720614944e+02,-6.325549861685431097e-07,5.505859851837158203e-03,-1.391255490309117437e+00,1.515326013463093204e+02,3.900931346834113356e-07,1.599587732926011086e-03,-8.614802821162305113e-01,2.459345712003804749e+02,-5.638010197595022532e-11,4.510059661697596312e-04,-2.990602285315377418e-01,3.741702669439718647e+03
-1.320649607805535197e-04,2.937191165983676910e-02,2.925635278330782185e+00,4.037394536035910164e+02,3.108374221483245492e-05,1.626059599220752716e-02,3.501602737439466484e-01,3.610953205463245581e+02,-1.721672219900938217e-06,7.368182763457298279e-03,7.776974110362103509e+00,2.176799340530792961e+03,-7.804748065609601326e-07,2.779953647404909134e-03,9.373850697637319485e+00,5.938362035733015546e+03,2.219543802084444906e-07,1.537910429760813713e-03,-1.167855554543120844e+00,1.902083948282591791e+03,-3.403952814062805032e-11,7.634168723598122597e-04,2.686603562427684611e-01,5.542117990940271284e+02
-1.292969973292201757e-04,1.480273809283971786e-02,1.255190373478204169e+00,5.475573623527870382e+01,-1.542552490718662739e-05,1.303812116384506226e-02,-7.477220722161654898e-01,6.775587271937355638e+01,-8.125552426463400479e-07,5.832098424434661865e-03,-4.509712093823495249e-01,1.264606722936381402e+02,2.501622304862394230e-07,1.993457786738872528e-03,-5.746182045388511517e-01,1.075525153161110268e+02,-3.880041390402766410e-07,8.017311920411884785e-04,-2.583617809661214668e-02,1.683699188901366881e+02,-2.656178055282509831e-11,2.939125988632440567e-04,-2.437766480404501140e-02,3.617863695924338003e+02
-1.296767295571044087e-04,6.112243607640266418e-02,-1.920086533504429482e+00,3.213436335685439644e+02,4.250837082508951426e-05,5.922301113605499268e-02,-1.365209523796716761e-03,2.173642259102305729e+01,-1.952204002009239048e-05,3.629446774721145630e-02,-1.261073876508180591e+00,1.636702048296308476e+02,8.095326506918354426e-07,1.582550257444381714e-02,-1.280389812894543011e+00,9.449598432947050242e+02,-5.611261713056592271e-07,4.324897658079862595e-03,5.810779057960435701e-01,1.765437496855856807e+03,2.867402669470831000e-11,8.698941674083471298e-04,-2.197781752925769827e-01,1.073794457713013571e+03
-1.282586454181000590e-04,3.681973740458488464e-02,3.673701864854612698e+00,2.877366154128631592e+02,3.543208731571212411e-05,3.982736542820930481e-02,-2.879291554047886392e-01,1.975148673724669734e+01,1.470487677579512820e-05,1.704533025622367859e-02,-5.471880187996497336e-01,6.530422628041687005e+01,-8.647492109048471320e-07,5.492281168699264526e-03,-3.991958363176759117e-01,8.755630725970472383e+01,-7.868197116067676689e-08,1.216374104842543602e-03,-5.921536342217669224e-01,8.310936815984098303e+01,-6.213128622700736514e-11,2.806437260005623102e-04,-1.264868387308177577e-01,1.256630618195371767e+02
-1.281651784665882587e-04,1.882508397102355957e-02,-1.346450280227502683e+00,5.770600710103691426e+02,4.538108441920485348e-06,1.047160010784864426e-02,-3.866141310839226741e-01,3.585764078392090823e+02,-3.949244273826479912e-06,4.859920125454664230e-03,-2.402845411207177762e+00,5.742590101971435388e+02,1.550684032736171503e-06,1.930612022988498211e-03,3.933558208739872697e+01,1.891046982836038296e+04,1.600776187160590780e-07,8.431377355009317398e-04,-8.820306388100233619e+01,7.019715166853007395e+04,-3.329715843325420366e-12,3.625597164500504732e-04,2.391088818477043465e-01,3.067559039916205802e+05
-1.303737226407974958e-04,3.053715080022811890e-02,1.062901686311505722e+00,3.083425544093809094e+02,2.897556896641617641e-06,2.200421690940856934e-02,-5.215567019475267907e-01,1.824332636416340847e+02,2.557721245466382243e-06,8.615711703896522522e-03,-5.530343629985678966e+00,9.870677935196097224e+02,9.460421210860658903e-07,3.076331457123160362e-03,-1.626772814482819518e+00,1.152616349699314469e+03,6.677018404843693133e-07,1.387204509228467941e-03,2.521519317066511405e+02,2.689980789450653247e+05,-1.439274155586034443e-12,4.199209215585142374e-04,-6.412117619901898102e+00,6.907785648485421552e+04
-1.290080545004457235e-04,2.962355501949787140e-02,3.330107624835118685e+00,4.332912295860157315e+02,2.407582542218733579e-06,1.617917604744434357e-02,-4.352243364332011311e-01,2.153583091736949484e+02,-1.239056814483774360e-06,5.823621526360511780e-03,-5.518458414974651838e-01,3.468242429765357429e+02,-1.983787711878903792e-07,2.512227045372128487e-03,-2.135716095077420551e+00,6.334407115069499241e+02,2.340820515200903174e-07,1.371235237456858158e-03,2.503051216068143070e+00,6.989377329896060473e+02,1.023672552974419503e-11,6.260427180677652359e-04,-5.598277415590241501e-01,3.231904118779266355e+03
-1.299267605645582080e-04,4.103646054863929749e-02,1.908917716636122641e+00,1.163549678935579266e+02,-4.157931925874436274e-06,4.718594998121261597e-02,-3.910080981732079741e-01,3.199534297528102655e+01,6.431919246097095311e-06,2.205482497811317444e-02,-5.607459795891811538e-01,6.835281456411806289e+01,1.758748737756832270e-07,8.780877105891704559e-03,2.663908636233511609e-02,1.017746363467751252e+02,4.178730605985947477e-08,2.642732579261064529e-03,-6.000438696127012583e-02,3.741835559729597662e+02,4.371351544629753505e-11,5.432168254628777504e-04,4.239682067544933708e-02,1.173474614195130926e+03
-1.298165298067033291e-04,1.786182448267936707e-02,2.420312282228855416e+00,8.761301867295892407e+02,4.506799996306654066e-06,8.267528377473354340e-03,6.004459006550914069e+01,1.947083617774876257e+04,1.216966097672411706e-06,3.598958952352404594e-03,1.644855459141809462e+01,1.918775476280775547e+04,-3.771408501052064821e-07,1.366854179650545120e-03,-2.268190618313587237e+01,5.390549580382189743e+04,3.013911680227465695e-07,6.244155229069292545e-04,1.305726560726405410e+02,1.406753352684536949e+05,1.033994157656481505e-11,2.152838424080982804e-04,2.980616110832387733e+01,2.574814720250179817e+05
-1.295781403314322233e-04,9.596120566129684448e-03,2.859239729573619382e+00,2.534301556513608844e+01,1.715856114969938062e-06,7.927833124995231628e-03,-7.478929147648261111e-01,5.639840084605105375e+01,-1.361221620754804462e-06,3.589697415009140968e-03,-9.474087241688192718e-01,1.781920444249766433e+02,-1.611963398318039253e-07,1.192637486383318901e-03,-2.090486253764832492e-01,1.924667302224042942e+02,-4.974200606966405758e-08,3.260153462179005146e-04,-3.435807861736707158e-01,1.982390324602214946e+02,1.363350079532088532e-12,8.543284639017656446e-05,1.475658656581894101e-01,3.008382416399763883e+02
-1.317270798608660698e-04,2.157661691308021545e-02,2.613077193993986302e+00,5.632296224209455460e+01,6.356710855470737442e-06,2.471785992383956909e-02,-2.839655997854694247e-01,7.164577618740163700e+01,9.198508450936060399e-06,1.137158460915088654e-02,-3.271647555063277313e-01,1.834614769232728975e+02,8.900797752176003996e-07,3.808413865044713020e-03,-6.673666722012322472e-01,2.773286357543252052e+02,4.593457560986280441e-07,1.224370556883513927e-03,-2.403039784397827949e-01,2.461135304884971333e+02,-8.720075442975039337e-14,4.038029874209314585e-04,-5.204408298311286735e-02,6.535830543108592110e+02
-1.316068810410797596e-04,2.756142430007457733e-02,6.910662903444997340e+00,9.943238999148535413e+02,-7.643490789632778615e-06,1.354157645255327225e-02,4.205509461314950737e-01,2.765734605410359563e+02,-6.583555204997537658e-06,6.097196135669946671e-03,1.441025767411183978e+01,6.295561140740475821e+03,1.045094109031197149e-06,2.434552414342761040e-03,5.508758858928363367e+01,3.202695892505135998e+04,7.644571837772673462e-07,9.233095915988087654e-04,4.893419364635499846e+01,3.102702264840015414e+04,-1.515027166221205590e-11,3.377729735802859068e-04,1.573395989232921011e+00,1.785116697034063327e+04
-1.301180454902350903e-04,2.179679274559020996e-02,9.586811904173557775e-01,2.880561245267385928e+01,1.697583866189233959e-05,2.052426896989345551e-02,-3.941041826687681215e-01,5.327303610496376507e+01,5.438397238322068006e-06,1.144377980381250381e-02,-2.842371524971423202e-01,1.302533326248165224e+02,3.671760623547015712e-06,4.295472986996173859e-03,1.710613549366233332e-01,3.669087751510577391e+02,1.196371272271790076e-06,1.727010472677648067e-03,6.421776347788500372e-01,7.444883461442220778e+02,-1.258870091502828359e-11,6.256052874960005283e-04,-1.130144081689127000e-01,3.988375138550255542e+03
-1.291656808461993933e-04,1.434851344674825668e-02,-3.869083689062009945e+00,3.531835764657376330e+03,-5.728090400225482881e-06,5.507551599293947220e-03,-9.180793053906918244e-01,4.175449831418081459e+01,1.032151317303942051e-06,2.518858294934034348e-03,-7.564587938244038412e-01,9.581434713573008821e+01,1.126455373423596029e-07,9.622832876630127430e-04,-2.807100153127121689e-01,2.163827623747865232e+02,7.634467635853070533e-08,3.993013815488666296e-04,1.400720559216517724e+00,6.017924852857038331e+02,1.805863618364877965e-12,1.547496358398348093e-04,-4.315154449146729049e-02,3.742961619168816924e+03
-1.321235322393476963e-04,3.906658291816711426e-02,1.049341232908007981e+01,1.320045986877941004e+03,3.822988219326362014e-05,1.933601684868335724e-02,1.192178326957657047e-01,1.222988583920074177e+02,-3.614333081713994034e-06,7.231640629470348358e-03,-2.075811267548615557e+00,2.019228511059021116e+02,-9.888721024253754877e-07,2.381908008828759193e-03,-1.043523673356266501e+00,2.340066973904842769e+02,-3.189340986864408478e-07,1.023543416522443295e-03,8.537785573106619619e-02,4.550749373680850454e+02,6.638042893136741895e-11,3.341482079122215509e-04,4.024695467083153413e-03,8.389849548605594691e+02
-1.322903990512713790e-04,5.765866860747337341e-02,2.555391209849942502e+00,3.075783371345156070e+02,5.045497891842387617e-05,5.463287606835365295e-02,1.117002783098394403e+00,3.020723413767720444e+02,-2.763415295703453012e-06,2.722237817943096161e-02,-9.610166037327687594e-01,1.078463876518370057e+02,1.125274707192147616e-06,8.782601915299892426e-03,-6.912457851826959987e-03,1.721936559761915078e+02,-9.628880803802530863e-08,3.019365482032299042e-03,-1.594312793295860065e+00,1.184396151961319902e+03,-2.601293659643122425e-11,7.704719901084899902e-04,-6.259450379372283324e-01,3.698478139456427925e+03
-1.302762248087674379e-04,1.915280893445014954e-02,1.200294800959828434e+00,6.489936681834851697e+02,-1.714001155050937086e-05,1.889883726835250854e-02,-6.342066816698243015e-01,6.632568774812174297e+02,-6.827151992183644325e-06,8.882111869752407074e-03,3.100256602515328641e+00,5.821082661106291880e+02,-9.114768886320234742e-07,2.732685301452875137e-03,-1.217952807957597194e+01,5.809878635981062871e+03,-1.033917669701622799e-06,1.167840440757572651e-03,-1.195749696640683055e+02,9.331394806667801458e+04,9.529776273664580799e-12,4.405273357406258583e-04,-4.816824262946033386e+00,4.371270549237482919e+04
-1.319781003985553980e-04,1.857601478695869446e-02,1.086602571530145500e+00,1.060223584412196715e+03,8.286422598757781088e-06,2.027493901550769806e-02,2.345119130319234024e+00,5.423584595873567196e+02,2.764452801784500480e-06,1.394520979374647141e-02,2.153297276304908525e-01,9.015129301625014477e+02,2.325162284932957846e-08,6.152138579636812210e-03,1.081426587759010793e+01,3.237709087171527699e+03,2.526674052205635235e-07,2.001459943130612373e-03,1.060484887390745179e+01,6.551051348535533180e+03,-1.325601867857573168e-11,6.261748494580388069e-04,4.834756635031000727e+00,2.193318933144678886e+04
-1.301530573982745409e-04,3.347051516175270081e-02,6.793913809350587973e-01,1.063349313854500338e+02,5.544719169847667217e-05,4.182077199220657349e-02,2.763935334846699329e-02,2.969121740176802149e+01,-1.410265576851088554e-05,2.639366872608661652e-02,-2.361539110910295391e-01,5.637027276253207475e+01,-8.203720653909840621e-07,9.603905491530895233e-03,1.240946256637267958e-01,2.114743848248741642e+02,-8.398979645107829128e-08,2.585741924121975899e-03,2.612236145822206090e+00,1.227212307971925611e+03,-3.165050036293970415e-12,9.460583096370100975e-04,2.401587145998251294e-01,5.890880661432902343e+02
-1.321620075032114983e-04,3.248261287808418274e-02,2.661293896811550708e-01,5.486366450014620710e+01,-4.244472802383825183e-05,2.076995000243186951e-02,-3.649370846209977204e-01,3.068106051849795080e+01,1.018164493871154264e-05,1.134885288774967194e-02,-3.606470848211584812e-01,4.534619440424020809e+01,2.424522804744810855e-08,4.511333536356687546e-03,-5.636044685023503531e-01,7.192416953696053383e+01,2.113678903015170363e-07,1.822995138354599476e-03,-2.479834746219388708e-01,1.088433294533247135e+02,-7.426953496647570319e-11,6.676627672277390957e-04,1.924107507309849585e-02,1.677620085785516721e+02
-1.302380114793777466e-04,2.605899050831794739e-02,-1.361515704376254687e+00,3.610319451302631819e+02,-7.724347597104497254e-06,4.501630738377571106e-02,-1.545509108772333828e-01,1.607501876656650808e+01,-2.237126318505033851e-05,3.366445004940032959e-02,-7.884131795575014534e-01,6.581244684862771521e+01,4.932737738272408023e-06,1.449755020439624786e-02,3.956403977028569857e-03,8.657002077769556081e+01,7.658239269403566141e-07,3.875785041600465775e-03,-7.231708390577666901e-01,1.340973945812174293e+02,1.775491385858085636e-11,8.377010235562920570e-04,-5.680514231014044402e-01,2.214159773704080862e+02
-1.301507727475836873e-04,5.897143483161926270e-02,6.676390901907997000e-01,9.502815253424088837e+01,4.833623825106769800e-05,5.066836252808570862e-02,-3.363225477932298424e-01,4.029648685126755225e+01,2.312636269152790192e-07,2.052783407270908356e-02,-5.971348327961006897e-01,9.226315618851134559e+01,3.600389845814788714e-06,6.681608501821756363e-03,1.972804383009334472e+00,6.313665590583822222e+02,-4.794825372300692834e-07,2.940837759524583817e-03,2.957204975375877787e+00,1.108478373612164660e+03,3.370570749589019144e-12,9.162597707472741604e-04,-2.700605663796705191e-01,2.206246624690549197e+03
-1.287377817789092660e-04,2.114806696772575378e-02,4.408747935292744558e+00,7.049366761347129113e+02,-3.789790298469597474e-06,1.901189237833023071e-02,1.446816553725301935e-01,2.213361786553205093e+02,-3.276661573181627318e-06,9.447177872061729431e-03,4.425710230569574577e+00,8.160019763533639434e+02,1.353542870674573351e-06,3.853546455502510071e-03,1.989070776450872602e+00,8.689964781348231782e+02,-7.562377390968322288e-08,1.203572377562522888e-03,3.666417592936969339e+00,1.954429404943116424e+03,8.315551719428881938e-11,4.893219447694718838e-04,-1.569774321701780662e-01,8.383224160928084530e+02
-1.289684587391093373e-04,2.368175797164440155e-02,-9.111462937592406774e+00,1.895000421382615286e+03,-1.751589115883689374e-05,1.908999681472778320e-02,-1.369846094025817695e+00,2.347903573821733687e+02,-2.695595071600109804e-07,1.058139931410551071e-02,6.439681242947968565e-02,1.693288716648894479e+02,9.961034947991720401e-07,3.670942736789584160e-03,-2.344754260588751471e+00,4.979207354620536421e+02,-6.614494196810483118e-08,1.223252387717366219e-03,-2.401012376307364304e-01,4.651954084206006428e+02,-2.174706595359232608e-12,3.253151371609419584e-04,1.723140524939060503e-01,6.494174733529513333e+02
-1.294602989219129086e-04,6.097502540796995163e-03,8.357063989500367329e-01,1.907157330755752866e+01,3.251366251788567752e-06,5.906860809773206711e-03,-2.622368274302155911e-01,2.646991520070438142e+01,1.268549226551840547e-06,2.612229203805327415e-03,-5.017587858826193514e-01,5.887584260436340600e+01,8.691196740073792171e-07,1.154549187049269676e-03,-1.512384184739698378e+00,1.406258586454973454e+02,-4.654710039631027030e-08,4.886308452114462852e-04,3.016638296266175856e-01,2.728576755873276056e+02,1.142465028830530471e-11,8.445256389677524567e-05,9.976577938585561023e-02,1.187124879998181939e+02
-1.308800565311685205e-04,2.580309472978115082e-02,3.458565824066901495e+00,4.555602245350142425e+02,-2.064864384010434151e-05,1.854027248919010162e-02,-2.699539186936953161e+00,2.897840506156060769e+02,-1.143764438893413171e-05,7.712397258728742599e-03,-4.055446270931065023e+00,4.189874832576292079e+02,-4.364127903500047978e-07,2.351429313421249390e-03,-1.085126950806782675e+00,3.233794822109476286e+02,-1.479613160881854128e-07,8.144486346282064915e-04,4.476343863199881978e-01,3.450638530965266568e+02,7.550453318128091951e-12,2.400398079771548510e-04,-1.900264178629797740e-01,3.492173684356886952e+03
-1.337863650405779481e-04,2.190078049898147583e-02,5.739899754177064750e+01,1.404189984118432949e+04,-3.342545460327528417e-05,1.246944721788167953e-02,-6.816607301289446141e+00,2.701337656962612527e+03,-3.467331453066435643e-06,6.935790646821260452e-03,6.372410428168320706e+00,6.109211696079205467e+03,1.019285264192149043e-06,2.993999980390071869e-03,3.755289914457701883e+01,2.108923932948420770e+04,-4.252903238466387847e-07,1.068641082383692265e-03,-7.925644624724850473e+01,1.107769585674702103e+05,3.324826091527510741e-12,3.779169928748160601e-04,-2.961886399825338145e+01,4.776716900229036110e+05
-1.306172198383137584e-04,3.312951698899269104e-02,1.031234713726774943e-01,1.127277848970154679e+02,-2.299580046383198351e-06,2.531367912888526917e-02,9.509444253446934781e-01,7.898564800865723612e+01,-5.095180767966667190e-06,1.301441248506307602e-02,-4.352171548315689975e+00,6.720935306935277822e+02,-1.281961658605723642e-06,4.959376994520425797e-03,-8.395161617991832026e-01,2.622327409393843936e+03,3.553744249984447379e-07,1.569469226524233818e-03,2.696311077599667527e+01,2.324267829385190635e+04,-8.627886599610334883e-12,4.345068591646850109e-04,-4.486131459126638354e+00,5.161534489373802353e+04
-1.311324158450588584e-04,1.815855689346790314e-02,-5.341302350160293151e-03,6.799913906608199454e+01,9.325154678663238883e-06,1.576111279428005219e-02,-6.915014722205335973e-01,4.491168058076407021e+01,1.249419256055261940e-06,9.695256128907203674e-03,-5.855761103567415082e-01,8.529025011672547407e+01,-5.330686576598964166e-07,3.638912690803408623e-03,-3.579813841746031233e-01,1.428873003697488286e+02,1.062337773305443989e-07,1.109126140363514423e-03,-4.530770482791640630e-01,3.550723064869750942e+02,2.484132487928260302e-15,2.991341752931475639e-04,-2.566524030174077708e-01,4.267664158060221666e+02
-1.303489116253331304e-04,2.375090494751930237e-02,1.405481838067360822e+00,3.091828251179268818e+02,4.204548531561158597e-06,9.856008924543857574e-03,-2.652467641997791947e+00,5.415909507060920305e+02,-1.154241999756777659e-06,5.284473299980163574e-03,-1.039561508359096775e+00,1.993526543740517525e+02,2.374936514115688624e-07,2.514603314921259880e-03,-5.013204888469450227e-01,1.367245221664659539e+03,2.689747020667709876e-07,7.199763203971087933e-04,-1.336380403720054399e-01,6.248390338115237910e+02,1.251904829802086283e-12,2.703569189179688692e-04,-2.460508712960756961e-01,1.255464645416492885e+03
-1.285734033444896340e-04,2.859620377421379089e-02,5.692225438343944122e-01,1.253743527008000846e+01,-1.271889777854084969e-05,3.360386192798614502e-02,-5.151486241016248746e-01,2.788298450959153740e+01,4.100287696928717196e-06,2.047727815806865692e-02,-2.133390530302089472e-01,6.875385833310603800e+01,2.556634626671439037e-06,7.981971837580204010e-03,-8.614373811019122584e-01,8.822028306116050089e+01,2.860553536265797447e-07,2.279232721775770187e-03,3.060295677507200024e-02,1.570835722034766775e+02,3.274112101228632277e-12,4.182754491921514273e-04,-3.558319248633653314e-02,1.264862276770753056e+02
-1.272164081456139684e-04,5.496717244386672974e-02,1.869431103178346820e+00,2.473346174186611279e+03,-6.088792724767699838e-05,3.060499392449855804e-02,-6.616617290548360009e-02,8.213714415396634649e+01,-4.522053131950087845e-08,1.949672773480415344e-02,-8.660434716389669996e-01,6.361455279770257221e+01,-2.351908278797054663e-06,7.524958346039056778e-03,-3.288632411114868481e-01,1.150609788411883443e+02,7.085394031491887290e-07,2.228443277999758720e-03,-5.921016638884040173e-01,1.048027168673609566e+02,-7.154836619005511267e-12,6.390544003807008266e-04,-3.732973138265539836e-02,1.891046659581601546e+02
-1.293633686145767570e-04,3.649215400218963623e-02,-2.818114991661291313e+00,5.982247396322812847e+02,7.013959111645817757e-05,4.237603768706321716e-02,-2.817144431004225957e-01,2.678812470746927943e+01,1.357350538455648348e-05,2.608186565339565277e-02,-3.991766524704452035e-01,6.960031439502830608e+01,-3.534520089942816412e-07,9.089622646570205688e-03,-7.621224275851377072e-01,2.172482130034464376e+02,-3.648018207513814559e-07,3.161565633490681648e-03,-6.723510306959247229e-01,2.658651956308384001e+02,2.282881696180627529e-11,7.014367147348821163e-04,1.776466738802091327e-01,4.356075973795507252e+02
-1.273305097129195929e-04,3.870147094130516052e-02,-1.003808824664448807e+01,2.178410261959169475e+03,3.026895865332335234e-05,3.389506787061691284e-02,-1.502226787435006761e-01,1.849683557080226848e+01,-1.344607062492286786e-05,2.225114591419696808e-02,-6.062245309500566837e-01,3.761891683604241621e+01,-5.071773102827137336e-06,8.649229072034358978e-03,-5.815928362022351195e-01,5.400131758540760529e+01,-2.490116912667872384e-08,3.109426004812121391e-03,-9.125241145160922773e-02,9.352561132954083689e+01,4.437743575391728257e-13,6.427569896914064884e-04,6.002828795769066944e-02,7.761856535056526241e+01
-1.270648645004257560e-04,2.154949121177196503e-02,-5.607370395228090665e-01,4.835895828578577493e+02,-1.961830548680154607e-06,1.236992608755826950e-02,-2.307906473848340134e+00,2.930193840691995888e+02,3.078656618527020328e-06,5.506762303411960602e-03,-3.858892450360520976e-01,2.188436974466432048e+02,-2.720803422562312335e-07,2.020003972575068474e-03,2.005747316620621667e+00,6.965687261661411185e+02,1.309069688204544946e-07,7.485678070224821568e-04,2.016855387408189149e+00,7.870859334688902891e+02,-7.181953816381980715e-12,3.397616965230554342e-04,5.993755298699997291e-02,1.884148436518907772e+02
-1.300042204093188047e-04,2.796589210629463196e-02,-3.988586482733357252e-01,3.493891229618243983e+02,-2.354563775952556171e-06,1.743575371801853180e-02,-8.984120807525789454e-01,1.611401618138096410e+02,1.200007737622854620e-08,8.724522776901721954e-03,-1.136012375236129746e+00,2.659673359376046164e+02,1.370435711578465998e-07,2.893499331548810005e-03,2.252780520870341530e+00,1.274028484928313901e+03,1.811110763583201333e-07,7.850195397622883320e-04,5.914971464034709214e+01,6.228071050871312764e+04,5.849801545942945324e-12,2.894808712881058455e-04,7.414896689603978075e+00,1.024449075948759419e+05
-1.301838346989825368e-04,2.929091267287731171e-02,3.232281806438547789e-01,2.205468847961563199e+02,-4.640317001758376136e-06,3.291447833180427551e-02,-5.564866765246686553e-01,3.102391363150680803e+01,2.574271775301895104e-06,1.758343912661075592e-02,-5.014890126802961090e-01,7.151758530909667400e+01,-6.224385629138851073e-07,5.707676522433757782e-03,-8.499504538438497070e-01,1.085041302492537483e+02,-7.421314194289152510e-07,1.489766524173319340e-03,-4.521864572023083007e+00,2.090996987563706625e+03,-6.107568444047029033e-12,3.482721222098916769e-04,4.755967039305615263e-01,2.821575154562431180e+02
-1.300701260333880782e-04,1.161027792841196060e-02,1.351029520958030083e+00,4.210489747571526209e+01,5.863925707672024146e-06,1.195019483566284180e-02,-4.076639164536285942e-01,2.537177582062584946e+01,2.006610657190321945e-06,5.603665951639413834e-03,-9.105047321980183073e-01,4.636408888803779860e+01,-1.079153321370540652e-06,2.136437455192208290e-03,-5.955867694266339107e-01,5.913929419128235310e+01,-6.439967137339408509e-08,9.111168328672647476e-04,-3.951866661289383381e-02,1.383312518618144793e+02,-1.459333522080275003e-11,2.724686928559094667e-04,2.223432333351226323e-02,2.133000214260463565e+02
-1.307676284341141582e-04,1.707684248685836792e-02,-4.327450022570822341e-02,1.439011615338784793e+02,-1.958040047611575574e-05,2.307400479912757874e-02,-4.479824936242733924e-01,1.881884964623880592e+02,-4.756330781674478203e-06,1.433420367538928986e-02,2.271991930945005678e-01,5.260236754725863193e+02,4.364813719348603627e-07,4.556208383291959763e-03,-1.481823177041103001e+00,6.994585301560219932e+02,-1.129855959902670293e-07,1.329801976680755615e-03,-1.599558148611748276e+00,4.520758279280680654e+03,1.397608140329964499e-10,3.538080782163888216e-04,9.440386844408157341e-01,1.460374114261776958e+04
-1.659217814449220896e-04,1.530539095401763916e-01,-1.497792872116490148e-01,2.167950895622474405e+01,-7.694261512369848788e-06,8.107019215822219849e-02,2.943348496468503953e-02,4.158106626858559451e+01,2.232803308288566768e-05,3.411377966403961182e-02,1.396973787467156614e+00,3.581864254819560642e+02,-2.765901626844424754e-06,1.066331565380096436e-02,-2.471648002786863002e-02,1.027475350058875392e+03,1.266778753006292391e-07,2.901903120800852776e-03,-5.260670892191104286e+00,3.907565085169261238e+03,5.888271814580292585e-11,9.492092067375779152e-04,5.495637657355703087e-01,5.063073691705060810e+03
-1.293829991482198238e-04,1.386284176260232925e-02,7.738738562949767363e-01,6.074995280615821613e+00,7.752238161629065871e-06,1.035603787750005722e-02,-4.212504189199741678e-01,2.538484017012048710e+01,-1.659425493016897235e-06,4.817533306777477264e-03,-2.752912952229647492e-01,9.841598348645028693e+01,-8.025622832974477205e-08,1.675871084444224834e-03,-2.238562845262683232e-01,9.533143913794923208e+01,-3.639237320385291241e-07,7.048694533295929432e-04,-1.992718704337187452e-01,5.813012970626934930e+02,-2.983241908713352153e-12,2.766879042610526085e-04,-1.851778337309439859e-01,3.497423294921713477e+03
-1.292525703320279717e-04,1.078302413225173950e-02,-8.710387284721311518e-01,2.666719471296364077e+02,1.761589737725444138e-05,9.379444643855094910e-03,9.006570319823618831e-02,6.632041664212054854e+01,1.180071194539777935e-06,5.509948823601007462e-03,-9.534180913661802759e-01,1.366743303013804507e+02,-4.758000784477189882e-07,2.112271264195442200e-03,-2.195873111194577287e+00,4.964586560721106139e+02,-1.055128322491327708e-07,7.117874338291585445e-04,-2.256901623659820277e+00,1.172930197929431188e+03,8.467337074546943398e-12,2.590484218671917915e-04,2.199708366169768059e-01,1.042578238753391361e+03
-1.308388309553265572e-04,1.790097169578075409e-02,5.959224198492324120e+01,1.968684563909936696e+04,-3.941597242373973131e-06,1.110584288835525513e-02,-3.362244441606080381e-01,1.486261419524863356e+02,2.351359853491885588e-06,4.691666457802057266e-03,-1.332468772519959987e+00,3.200897132878499747e+02,-4.503860040472318360e-08,1.765956752933561802e-03,-5.768389476939774635e-02,3.449016132588261030e+02,2.510683998480089940e-07,5.047561135143041611e-04,8.131655930764857265e-01,3.789562079291471946e+03,5.502274525760741941e-13,1.608170423423871398e-04,-8.562413598271313708e-02,2.512552255925877944e+03
-1.256541872862726450e-04,2.182338945567607880e-02,1.184330522811183860e-02,7.436939031162275171e+01,4.746641934616491199e-06,2.011375129222869873e-02,-1.630421541599475221e-01,3.332926498156867723e+01,-1.400351607117045205e-06,1.224048994481563568e-02,-8.062198322594723576e-01,7.068859329471565900e+01,1.091206286218948662e-06,4.394629504531621933e-03,-4.728524812005094891e-01,1.192713273493915125e+02,-5.047848716799308022e-08,1.557005103677511215e-03,-3.907328796197934162e-01,9.620003118771623463e+01,4.362256541233511253e-13,5.627486389130353928e-04,-5.406621317909287780e-04,1.854197821110026325e+02
-1.285935577470809221e-04,2.192842215299606323e-02,6.244280518065656871e-01,1.295987015358181615e+01,8.893815902411006391e-06,2.636677213013172150e-02,-3.505592023263542911e-01,1.972233846577583449e+01,7.497639217035612091e-06,1.029575895518064499e-02,-6.351769276096012051e-01,4.832771871958625809e+01,9.130203011409321334e-07,3.148370655253529549e-03,-3.019018000462477258e-01,6.364679471553542101e+01,1.250613991032878403e-06,1.198773970827460289e-03,6.651279998330378307e-02,1.308836440088185213e+02,4.275605910986080005e-12,5.898793460801243782e-04,-1.210885184610106247e-01,1.041414263404140684e+03
-1.311255909968167543e-04,5.153724551200866699e-02,9.491648508134625795e-01,4.734931873519449397e+01,1.885601523099467158e-05,4.738916456699371338e-02,-4.619844842049684042e-01,3.624328105496381625e+01,-1.032395630318205804e-05,2.247927710413932800e-02,-7.995887244067988453e-01,1.125171261069803847e+02,-1.909810407596523874e-06,1.135311368852853775e-02,-1.144122065287346945e+00,1.562174587225328537e+02,-8.275579261862731073e-07,4.890531301498413086e-03,6.061477993569357459e-01,2.477694506585268357e+02,-8.042428702170756338e-12,8.819223148748278618e-04,2.254209100633943197e-01,1.634488323647578341e+02
-1.295826950808987021e-04,1.416198909282684326e-02,2.175232354817595137e+00,2.579332082155238126e+01,-2.534324448788538575e-05,1.641454547643661499e-02,-9.370891562381951090e-01,6.785691655056922400e+01,-1.376685304421698675e-06,8.273392915725708008e-03,-1.319447899826380555e+00,1.681243061870909798e+02,6.025991865499236155e-07,3.532287664711475372e-03,-1.289619293713575088e+00,2.051548656060641633e+02,2.732787685033599701e-08,1.148501527495682240e-03,-1.971331007893352971e-01,4.037578578426166587e+02,-1.265819480483765247e-11,2.117202675435692072e-04,9.182097085079234111e-02,2.136903922682735129e+02
-1.277952251257374883e-04,1.722893118858337402e-02,-5.766066232796887903e+01,1.686197757505200570e+04,7.069141702231718227e-06,1.375491172075271606e-02,-7.705244230624460400e+00,1.593810882345119126e+03,-1.976881776499794796e-06,7.137622218579053879e-03,-2.415680609913901833e+01,9.058262009320387733e+03,9.552323945172247477e-07,2.565610222518444061e-03,3.766363305222033997e+00,6.772802862590570840e+03,8.863687384064178332e-08,8.217791910283267498e-04,-2.884469751023966566e+01,6.270807539903726865e+04,-1.288025068546527763e-11,2.173768298234790564e-04,-4.833087849244385836e+00,3.444286228448216571e+04
-1.303434692090377212e-04,2.208498492836952209e-02,4.180886778718857499e-01,2.571079698509094769e+01,-2.934218719019554555e-05,2.206414937973022461e-02,-4.656756763749034800e-01,1.702123534112148562e+01,-4.329495368438074365e-06,1.236959826201200485e-02,-4.238730577235459429e-01,5.372705879024683639e+01,3.420557845856819768e-07,4.685860592871904373e-03,-4.703895965190565409e-01,5.676103529862397323e+01,-3.647332107448164606e-07,1.398864202201366425e-03,-4.684604740089812203e-01,5.448152665353477886e+01,3.872688031803656061e-13,4.319697036407887936e-04,-1.452552019468421884e-01,1.106228033080038955e+02
-1.295010151807218790e-04,2.514394558966159821e-02,1.914534676271764324e+00,1.168549195100107063e+01,1.779824197001289576e-05,2.445777878165245056e-02,-4.268987280275271523e-01,2.403356779053939007e+01,7.117506811482599005e-06,1.208708994090557098e-02,-3.365438798036692880e-01,8.589978351581272875e+01,-1.545978136618941789e-07,4.629828967154026031e-03,-1.030851822846312382e+00,1.303211322262310148e+02,-3.906405936504597776e-07,1.105605042539536953e-03,8.280649777486004393e-01,2.612300427848360300e+02,9.525558510373177690e-13,2.578351413831114769e-04,-1.535121911213495061e-01,2.308095284014814581e+02
-1.332001265836879611e-04,1.030268799513578415e-02,-8.018386877031161708e-01,1.366967204578295707e+02,4.370101123640779406e-06,1.053783949464559555e-02,-4.265016147727762608e-01,3.132135626674451601e+01,8.980125016933016013e-07,4.742609802633523941e-03,-3.598077512508092712e-01,9.746773828692582242e+01,3.354913360453792848e-07,1.746037276461720467e-03,-6.854705691206086637e-01,1.351681799859440503e+02,-1.541433789498114493e-07,5.038639064878225327e-04,-7.781763813464467328e-01,1.956833801160769895e+02,-3.927987221510192972e-13,1.742038148222491145e-04,-1.119592658453228834e-01,1.086761590165310736e+03
-1.293382083531469107e-04,2.559142559766769409e-02,5.526444322382935148e-01,4.867001568406143264e+01,-9.875038387008316931e-08,2.954093739390373230e-02,-3.197299807878046796e-01,1.969149728082038209e+01,-3.975775598519248888e-06,1.497860625386238098e-02,-9.153456803478163817e-01,5.140538866815843733e+01,-8.775766673352336511e-07,6.052607670426368713e-03,-7.454542593778303861e-01,9.309342682547102754e+01,8.144699137346833595e-08,1.846474246121942997e-03,-2.360885849614786092e-01,1.829950517439308726e+02,5.668430677098490467e-13,5.360362119972705841e-04,-1.806159573260002760e-01,1.707255443862772211e+02
-1.282952143810689449e-04,3.108876757323741913e-02,-2.362172226202041148e-01,4.822800130863061554e+02,-3.241740705561824143e-05,1.944975554943084717e-02,1.630186855168319182e+00,5.394239706224713018e+02,3.716852688739891164e-06,7.612686138600111008e-03,3.098503939012406949e+00,1.032948225024993008e+03,-9.580536470821243711e-07,2.589198760688304901e-03,1.058427687456618749e+01,1.804785987327611656e+04,-4.018963579710543854e-07,1.122756279073655605e-03,-4.119833018963215920e+01,2.270877480180104976e+04,-7.959226160092480740e-12,3.799810947384685278e-04,2.325095702659513819e+00,1.763322941361426638e+04
-1.288722269237041473e-04,3.007835149765014648e-02,1.105519803085499797e+00,7.319475365938428624e+00,5.292098285281099379e-05,2.771099470555782318e-02,-4.311855917514754721e-01,2.212755103823428726e+01,1.020209947455441579e-05,1.545417495071887970e-02,-7.595322949486505992e-01,8.029267900766139121e+01,-1.464337287870876025e-06,5.108118057250976562e-03,-6.219995692141622179e-01,1.057169949353657188e+02,-1.362414536743017379e-08,1.943979063071310520e-03,-8.508585550116985752e-02,2.817884370563265293e+02,-4.429081667395307065e-12,7.983405957929790020e-04,-1.203631758191099910e-01,1.724551912247964935e+02
-1.271848013857379556e-04,1.149726845324039459e-02,-3.523118049124410067e+00,4.090976070435607994e+02,-1.014762074191821739e-05,1.643932983279228210e-02,-1.563174183869357747e-01,2.876971722206447168e+01,-6.618005841119156685e-07,1.600725390017032623e-02,-6.415244282083782945e-01,6.057706777523525687e+01,1.911208983074175194e-06,7.641620002686977386e-03,-5.603845144245333393e-02,9.147549750146997383e+01,-6.079796435187745374e-07,2.762008458375930786e-03,-1.263016888764198598e+00,1.882144300316346630e+02,-2.061328191471645255e-11,5.886474973522126675e-04,2.112080757472963310e-01,2.360266460194310696e+02
-1.296278351219370961e-04,1.131201069802045822e-02,-1.977225756781826771e+00,5.205099099270020133e+02,1.443039582227356732e-05,1.135738752782344818e-02,-3.879886175586398922e-01,6.312214542067103196e+01,1.557317659717227798e-06,5.271092057228088379e-03,-3.926694426799596238e-01,3.315779729992867431e+01,-1.913601295200351160e-07,1.658684224821627140e-03,-3.719039104939704798e-01,5.264548767720771139e+01,1.446446447062044172e-07,5.176375270821154118e-04,-6.464476861235085581e-01,1.326808597398706979e+02,-3.322504760466110652e-13,1.768954971339553595e-04,-1.225537103779870962e-02,3.910443171417372241e+02
-1.296434784308075905e-04,2.527049370110034943e-02,3.878200095109103351e-01,1.202220263286742608e+02,1.232619297297787853e-06,2.633974142372608185e-02,-4.855426868228854276e-01,3.100820409477822182e+01,-1.326045889982196968e-06,1.673687435686588287e-02,-6.960521946343379840e-01,7.402391409046616388e+01,-3.990995267599828367e-08,6.406877189874649048e-03,-5.556230709601379658e-01,8.680194872314609711e+01,3.001593142926139990e-07,1.625900156795978546e-03,-5.990656980246970020e-01,1.351555391033776345e+02,-4.414557695092691247e-12,4.069478309247642756e-04,-9.689186412992054076e-02,4.245873317635250714e+02
-1.308018690906465054e-04,4.847062379121780396e-02,3.418067092850497701e+00,5.695803399077000222e+02,-7.223765351227484643e-06,3.676274418830871582e-02,-1.198902648293047823e+00,2.604653867120930499e+02,-1.086968313757097349e-05,2.602316066622734070e-02,-2.251754136039898935e+00,8.331266662138846186e+02,3.243377705075545236e-06,1.010441593825817108e-02,-1.381128814924538650e+00,7.085579583525319549e+02,-1.556506816768887802e-07,3.119191853329539299e-03,-2.316754914243602581e+00,6.582679953467932137e+02,-5.666623073552479184e-11,9.638360934332013130e-04,-1.839887503137935532e-01,3.358008333686980791e+02
-1.287659106310456991e-04,2.780495584011077881e-02,1.608605700032424535e+00,7.660348986669755789e+01,-5.619456351269036531e-05,1.848739013075828552e-02,-1.645717755337278376e+00,1.007265863722044514e+02,-8.552807230444159359e-06,8.629987016320228577e-03,-1.177958043237803176e+00,3.487986302511321810e+02,3.808524411397229414e-07,2.969736466184258461e-03,-9.882327676482980383e-01,4.453137895547502580e+02,-3.806563029229437234e-07,9.708367288112640381e-04,-1.177386619178915739e+00,3.841474768366227295e+02,-1.589805002054356375e-12,3.325054713059216738e-04,-4.720063819050576009e-02,4.079667911717865536e+02
-1.305019395658746362e-04,1.694268174469470978e-02,1.060822373187122025e+00,7.094850349446867313e+02,-1.764366243151016533e-05,1.123778987675905228e-02,-2.766518105941401240e-01,6.396429854675674278e+02,3.345673178500874201e-07,6.524990312755107880e-03,-4.356832361713485757e-01,2.115819008474782947e+02,-2.644306960064568557e-07,2.597653539851307869e-03,-2.352149232904804155e+00,4.017320450133762506e+02,1.713060981956004980e-07,9.290306479670107365e-04,-1.773948826322702121e-01,4.258661318344983329e+02,9.116999516445289942e-11,3.331068437546491623e-04,4.862150528636993013e-02,3.257351636047581565e+02
-1.291267690248787403e-04,2.119419910013675690e-02,3.861138694245005443e-01,2.804079473468677719e+01,-4.988829459762200713e-05,2.140488289296627045e-02,-1.939838149749073537e-01,3.533251674896916228e+01,7.053723948047263548e-06,1.269080489873886108e-02,-5.479824748429833470e-01,9.687517363271703630e+01,-1.482302650401834399e-06,5.222483538091182709e-03,1.007790898713498279e-01,1.415423162322585085e+03,-8.919980842847508029e-08,1.527779968455433846e-03,-9.804762768776069670e-01,1.154235874879340599e+03,-3.077644692914272007e-12,5.084652802906930447e-04,-2.288688493628627044e-02,2.302012178612521041e+02
-1.304559555137529969e-04,1.688151247799396515e-02,-1.163305151094876505e-01,3.674269340475317591e+01,-2.293048419232945889e-05,1.913523487746715546e-02,-5.433641157185316040e-01,4.135133020876741483e+01,9.078681614482775331e-06,1.128800027072429657e-02,-7.403791342989171076e-01,7.674905719040867780e+01,1.465130253563984297e-06,4.086114931851625443e-03,-6.860949665845450518e-01,1.334917072708866783e+02,-1.022019375795935048e-07,1.347930519841611385e-03,8.587259220398847648e-02,3.357566808096900672e+02,-1.415235428847694266e-10,3.511171380523592234e-04,-1.042774898586721344e-01,6.854727053144446245e+02
-1.245079329237341881e-04,2.387836016714572906e-02,1.549699615349497739e+00,7.740333074370862221e+01,-1.964705188584048301e-05,2.416796423494815826e-02,-8.102109931454688496e-01,4.223666087941196423e+01,3.097128683293703943e-06,1.364543102681636810e-02,-4.924990205903588270e-01,1.185464299249304077e+02,2.008575137324442039e-07,4.233961459249258041e-03,-9.682964158725326786e-01,1.102483236009632179e+02,-4.702941964751516934e-07,1.222783117555081844e-03,-4.534870981209082053e-01,1.264565687785315049e+02,5.719404984338982700e-12,3.733847697731107473e-04,-7.946807698098309891e-02,2.136354381391813320e+02
-1.300674339290708303e-04,1.996409147977828979e-02,1.407470552324398216e+00,8.727534075639132638e+00,3.734011443157214671e-06,1.682267524302005768e-02,-5.272262206444353616e-01,3.042573966185651813e+01,-9.403977969668630976e-07,7.356535177677869797e-03,-5.554505405286662700e-01,9.747549096994302431e+01,4.103672495148202870e-07,2.515799365937709808e-03,-4.788448857122524216e-01,1.066876462635917164e+02,4.376446440801373683e-07,1.354170846752822399e-03,3.486286917477734310e-02,1.241217081483180209e+02,-2.941639553472041868e-12,5.493015050888061523e-04,-1.051857110583545064e-02,3.189891968242252460e+02
-1.290816726395860314e-04,2.367938496172428131e-02,7.473724575624114408e+00,6.777080156750625974e+02,1.658514179325720761e-06,2.877540141344070435e-02,-1.208531259013690407e-01,1.478087272052240166e+02,3.023790895895217545e-06,1.043475046753883362e-02,-1.163215465537373206e+00,1.207437183923675548e+02,9.216836360792513005e-07,2.995501738041639328e-03,-6.536111276496121558e-01,8.496584809288782481e+02,1.744689370752894320e-07,1.077546039596199989e-03,1.514066188365837951e-01,1.591455854423779101e+03,1.000807769990785800e-11,3.646395925898104906e-04,9.562516569720119763e-02,2.148866886460691148e+03
-1.298495044466108084e-04,3.008918836712837219e-02,-1.601584353581921583e-01,8.693586676068454722e+01,-4.164403071627020836e-05,2.380612865090370178e-02,-4.808815647688124417e-01,1.577120919220923057e+01,1.595106368768028915e-06,1.166546810418367386e-02,-5.534317690540597745e-01,4.467185625663302773e+01,-1.208442199640558101e-06,3.838627832010388374e-03,-1.814094436164306046e-01,6.087076072647644764e+01,9.367255415781983174e-07,1.297944691032171249e-03,-4.294780476856361884e-01,8.996061405799741806e+01,-9.524161786924473239e-14,6.381355924531817436e-04,5.341853855225746480e-04,1.398571968439311206e+02
-1.298373244935646653e-04,2.216769196093082428e-02,1.512396550692302721e+00,4.060927993440719064e+01,1.336987952527124435e-05,1.957777701318264008e-02,-5.365721657838630199e-01,7.817426118434264026e+01,-2.120268845828832127e-06,7.857530377805233002e-03,-5.789780298549898063e-01,1.630091928586687970e+02,-3.520030702475196449e-07,2.377539873123168945e-03,-6.120665833170518821e-01,4.827345563354441538e+02,-8.297149634017841890e-07,9.826234309002757072e-04,-6.366308936202625945e-01,2.395894708456167450e+02,-2.959008689115694146e-12,5.691002006642520428e-04,-8.705377357113432829e-03,3.993559213354026269e+02
-1.221195125253871083e-04,2.452868223190307617e-02,8.116349615425956898e+00,2.754690385764353323e+03,-1.777731631591450423e-05,1.036391127854585648e-02,-4.090033848417795048e-01,1.942489404392629240e+02,-4.732500656245974824e-06,4.223776981234550476e-03,-1.166521241276519349e+00,9.649484407562857768e+02,-8.189145717096835142e-08,1.934181433171033859e-03,2.927904335066315422e+00,2.092904785910336614e+03,1.623516254767309874e-07,1.112345489673316479e-03,-6.500543989754107521e+00,1.578352916383071533e+04,-2.070725535485706814e-12,3.254622861277312040e-04,4.351496297047495077e+00,2.065212299807648742e+04
-1.309102808590978384e-04,4.245581477880477905e-02,2.623136866523684052e+00,8.774408186893840877e+01,-7.794280099915340543e-05,3.437157720327377319e-02,-8.038399089768640815e-01,9.165997629584217066e+01,-2.064986119876266457e-06,1.553380861878395081e-02,-1.087539097625347173e+00,1.568899851281415181e+02,-1.996783339563990012e-06,5.281873978674411774e-03,-8.289346075378102086e+00,2.828437818876690471e+03,5.130981435286230408e-07,1.565574086271226406e-03,-1.066187700422732254e+00,1.106118361697481123e+04,-4.549295835876154825e-12,4.984977422282099724e-04,4.900827300181000545e+00,1.005595404281992160e+04
-1.284924364881590009e-04,1.733776554465293884e-02,2.926694958031035299e+00,1.014456627224818845e+02,1.138319203164428473e-05,2.005326561629772186e-02,-1.743324654193621592e+00,2.732644313075036280e+02,-7.722133887000381947e-06,1.214264146983623505e-02,-2.863247602410508907e+00,7.305970007346285229e+02,-1.105911362486722282e-08,4.592695739120244980e-03,4.350036564277220963e-01,4.688983043297382665e+02,1.310963426703892765e-07,1.541801961138844490e-03,-9.467680660282646876e-01,1.053382662567590842e+03,-3.308363999421359836e-11,3.749263996724039316e-04,-1.811869012633892939e-01,2.299064248397088249e+03
-1.302049204241484404e-04,3.268503397703170776e-02,6.107093328043825542e-01,1.571714948087786112e+01,-1.369018627883633599e-05,2.333498746156692505e-02,-2.766127168186537921e-01,2.172461488777457816e+01,-2.094335968649829738e-06,1.115195639431476593e-02,-9.837695966660933156e-01,6.408341202499057943e+01,-5.671990379596536513e-07,3.781866282224655151e-03,-3.931221182317335416e-01,1.114270033122073187e+02,-3.552666072437205003e-08,1.042482675984501839e-03,-5.196781032169237591e-01,1.807177378239589984e+02,-5.338646191788143369e-12,3.201299405191093683e-04,-2.857900377072689416e-02,2.660911403451512456e+02
-1.265856117242947221e-04,2.756147086620330811e-02,1.418173647887103206e+00,5.123910280460541600e+01,3.020989606739021838e-05,1.542099006474018097e-02,-1.045151552046243104e+00,1.530658206427689834e+02,8.302256901515647769e-06,7.639517541974782944e-03,-1.307308753637143939e+00,5.849462077748892170e+02,-4.828403234569123015e-06,3.393671475350856781e-03,-5.037149785752196074e+00,8.633880502995084498e+02,-9.557653584124636836e-07,1.246926258318126202e-03,1.215870351553034606e-01,8.819172945228054914e+02,7.494123377416173071e-12,4.252936341799795628e-04,-1.706461912212056953e-01,5.180597060710166488e+02
-1.282857847400009632e-04,3.428488224744796753e-02,1.574346880628928538e-02,9.050655028564003146e+01,-2.735347152338363230e-05,3.811819851398468018e-02,-6.112905191260399329e-01,4.023734610869213668e+01,4.841337613470386714e-06,1.853074505925178528e-02,-7.552665069647993557e-01,6.752147565293290654e+01,-2.071755943688913248e-06,7.090181577950716019e-03,-1.011442259345423533e+00,9.303302280755657705e+01,-2.660524387465557083e-07,2.683898201212286949e-03,-3.138632005177750539e-01,2.843747720766896805e+02,-2.436304456787663497e-11,7.882654899731278419e-04,-1.343702296356702464e-01,1.076069419446589109e+03
